지역코드,시도코드,시도명,시군구코드,시군구명,용량점수,접속점수,전력피쳐,전력피쳐_병목,용량점수_EWM,접속점수_EWM,전력피쳐_EWM,전력피쳐_병목_EWM,용량데이터없음,차단기229kV_여유율,차단기154kV_여유율,차단기345kV_여유율,개편재배정,345kV_상위지역공유,변전소응답없음
11110,11,서울특별시,110,종로구,0.0732316586621701,0.09241744436468055,0.08282455151342533,0.08226714253056552,0.0547038198214415,0.06211019772916461,0.058407008775303054,0.05828949361291729,False,0.12060301507537688,0.32142857142857145,0.0,False,False,False
11140,11,서울특별시,140,중구,0.1354881739208985,0.10107323232323233,0.11828070312206543,0.11702233837929185,0.18256751616417075,0.07171772444884565,0.1271426203065082,0.11442607577633768,False,0.2152777777777778,0.3181818181818182,0.0,False,False,False
11170,11,서울특별시,170,용산구,0.024249258517637495,0.09915966386554621,0.061704461191591856,0.04903619401623323,0.015206886400256713,0.07043591267895143,0.042821399539604066,0.03272783100981817,False,0.20588235294117646,0.3142857142857143,0.0,False,False,False
11200,11,서울특별시,200,성동구,0.14566718357146083,0.10658028455284553,0.1261237340621532,0.12460036065380341,0.1949674024373239,0.07849034648318068,0.13672887446025228,0.12370553330482545,False,0.2845528455284553,0.3125,0.0,False,False,False
11215,11,서울특별시,215,광진구,0.0029921259842519685,0.08630674388193536,0.04464943493309367,0.01606986779613692,0.013731226226921123,0.07308858642237835,0.043409906324649736,0.031679581985429556,False,0.297029702970297,0.22641509433962265,0.0,False,False,False
11230,11,서울특별시,230,동대문구,0.08314147634031406,0.08746753246753247,0.08530450440392326,0.08527707652819135,0.09331860293639088,0.07546846824764303,0.08439353559201695,0.08392027182164881,False,0.3246753246753247,0.22,0.0,False,False,False
11260,11,서울특별시,260,중랑구,0.13057195766399182,0.06458333333333333,0.09757764549866257,0.09183012722303868,0.1394187197236164,0.06897499111348802,0.10419685541855223,0.09806327015753818,False,0.3333333333333333,0.125,0.0,False,False,False
11290,11,서울특별시,290,성북구,0.14657773896809745,0.08583502366463827,0.11620638131636786,0.112167302245511,0.17855836233340544,0.06986590792590255,0.124212135129654,0.11169217565338072,False,0.2549019607843137,0.2413793103448276,0.0,False,False,False
11305,11,서울특별시,305,강북구,0.13438581171617411,0.1061764705882353,0.1202811411522047,0.11945129210334432,0.17750864334372612,0.08679354007029187,0.132151091707009,0.12412334006494041,False,0.4,0.2647058823529412,0.0,False,False,False
11320,11,서울특별시,320,도봉구,0.35745381731681247,0.08769157088122606,0.22257269409901925,0.17704713145940007,0.30219883923417296,0.08036640424038466,0.1912826217372788,0.15584169555952784,False,0.39080459770114945,0.19444444444444445,0.0,False,False,False
11350,11,서울특별시,350,노원구,0.1479923518164436,0.07309220985691574,0.11054228083667966,0.10400523081165679,0.0889743117387378,0.06307359996572232,0.07602395585223005,0.07491281696635509,False,0.21621621621621623,0.20588235294117646,0.0,False,False,False
11380,11,서울특별시,380,은평구,0.0,0.0835,0.04175,0.0,0.0,0.06586049103496883,0.03293024551748441,0.0,False,0.21,0.25,0.0,False,False,False
11410,11,서울특별시,410,서대문구,0.0,0.07375827814569537,0.036879139072847684,0.0,0.0,0.05571459979299628,0.02785729989649814,0.0,False,0.11258278145695365,0.25,0.0,False,False,False
11440,11,서울특별시,440,마포구,0.01706237485132714,0.062415676196594924,0.03973902552396103,0.032633719736881964,0.01653822635402468,0.05634649623627498,0.03644236129514983,0.030526563989609366,False,0.1696113074204947,0.18181818181818182,0.0,False,False,False
11470,11,서울특별시,470,양천구,0.0,0.13236728837876616,0.06618364418938308,0.0,0.0,0.157175255353573,0.0785876276767865,0.0,False,0.15294117647058825,0.2682926829268293,0.07692307692307693,False,False,False
11500,11,서울특별시,500,강서구,0.0014173228346456694,0.154638484387452,0.07802790361104883,0.014804480910769333,0.006504265054857374,0.2506796413616373,0.12859195320824732,0.04037928715656923,False,0.056074766355140186,0.16279069767441862,0.16666666666666666,False,False,False
11530,11,서울특별시,530,구로구,0.0,0.13335497835497837,0.06667748917748918,0.0,0.0,0.12929997137717653,0.06464998568858826,0.0,False,0.21666666666666667,0.32857142857142857,0.045454545454545456,False,False,False
11545,11,서울특별시,545,금천구,0.0,0.11449131891562596,0.05724565945781298,0.0,0.0,0.14342724814281738,0.07171362407140869,0.0,False,0.11940298507462686,0.22448979591836735,0.07142857142857142,False,False,False
11560,11,서울특별시,560,영등포구,0.0,0.16368506493506496,0.08184253246753248,0.0,0.0,0.2121839178663929,0.10609195893319645,0.0,False,0.08571428571428572,0.29545454545454547,0.125,False,False,False
11590,11,서울특별시,590,동작구,0.004094488188976378,0.25578703703703703,0.12994076261300672,0.03236227745449031,0.018790099047365748,0.37568160052446103,0.19723584978591338,0.0840184175292984,False,0.14583333333333334,0.3148148148148148,0.25,False,False,False
11620,11,서울특별시,620,관악구,0.007559055118110236,0.15437876299945266,0.08096890905878144,0.03416076080210363,0.034689413625905996,0.16915875324916924,0.10192408343753762,0.07660298923608008,False,0.3017241379310345,0.3111111111111111,0.07142857142857142,False,False,False
11650,11,서울특별시,650,서초구,0.005826771653543308,0.07062151966948087,0.03822414566151209,0.02028535109235929,0.026739756336635872,0.05773140505658465,0.042235580696610264,0.03929024947979717,False,0.15358361774744028,0.22105263157894736,0.0,False,False,False
11680,11,서울특별시,680,강남구,0.03225787025187817,0.08623243243243243,0.0592451513421553,0.05274158337506807,0.03823424383967734,0.07240617837824759,0.055320211108962465,0.05261554408739961,False,0.288,0.22972972972972974,0.0,False,False,False
11710,11,서울특별시,710,송파구,0.005331446379909968,0.244892421011824,0.12511193369586698,0.03613351368841504,0.010741523446912262,0.3967983847222333,0.20376995408457277,0.06528567341454616,False,0.15671641791044777,0.2077922077922078,0.2727272727272727,False,False,False
11740,11,서울특별시,740,강동구,0.0,0.27636911281489596,0.13818455640744798,0.0,0.0,0.41275050002077196,0.20637525001038598,0.0,False,0.24096385542168675,0.3,0.2727272727272727,False,False,False
12110,12,전남광주통합특별시,110,목포시,0.20610861022869273,0.04245647969052224,0.12428254495960749,0.09354488775030016,0.1703876199578923,0.04551529139675434,0.10795145567732332,0.08806385281591365,False,0.10638297872340426,0.12727272727272726,0.0,False,False,False
12130,12,전남광주통합특별시,130,여수시,0.026141732283464572,0.022040543124880473,0.024091137704172524,0.024003707583470955,0.11996755545625824,0.03428836546292709,0.07712796045959266,0.06413650586973191,False,0.03968253968253968,0.07228915662650602,0.0,False,False,False
12150,12,전남광주통합특별시,150,순천시,0.0,0.07580158730158731,0.03790079365079366,0.0,0.0,0.0979809597911832,0.0489904798955916,0.0,False,0.1111111111111111,0.15476190476190477,0.04,False,False,False
12170,12,전남광주통합특별시,170,나주시,0.18624862618750096,0.05249826629680999,0.11937344624215547,0.09888240477964946,0.25767439595083463,0.10438842759138611,0.18103141177111037,0.1640067834690622,False,0.1553398058252427,0.017857142857142856,0.05,False,False,False
12190,12,전남광주통합특별시,190,광양시,0.0,0.05189174261253797,0.025945871306268985,0.0,0.0,0.04994100459200991,0.024970502296004955,0.0,False,0.1267605633802817,0.1568627450980392,0.0,False,False,False
12210,12,전남광주통합특별시,210,동구,0.057835624275455064,0.04262187088274045,0.05022874757909776,0.0496493958703541,0.10071313279189852,0.04775571328322294,0.07423442303756073,0.06935147794722954,False,0.13636363636363635,0.11594202898550725,0.0,False,False,False
12240,12,전남광주통합특별시,240,서구,0.0012598425196850395,0.11786607701241848,0.05956295976605176,0.012185757893898771,0.005781568937650999,0.1299113025916613,0.06784643576465615,0.027406042248265778,False,0.2601626016260163,0.24358974358974358,0.047619047619047616,False,False,False
12270,12,전남광주통합특별시,270,남구,0.14162990620436308,0.0755952380952381,0.10861257214980059,0.1034724430992381,0.21075266473521936,0.11209584828768777,0.16142425651145356,0.15370263085707112,False,0.19642857142857142,0.1,0.047619047619047616,False,False,False
12300,12,전남광주통합특별시,300,북구,0.077429126330528,0.0835955594176169,0.08051234287407244,0.08045328539480422,0.13572956929027744,0.09753103199444155,0.11663030064235949,0.11505583411996899,False,0.18235294117647058,0.17757009345794392,0.03225806451612903,False,False,False
12330,12,전남광주통합특별시,330,광산구,0.33897682961713915,0.053331043956043954,0.19615393678659154,0.13445440937504455,0.3752446634748159,0.05236672028965142,0.21380569188223364,0.14017964307405717,False,0.15384615384615385,0.15178571428571427,0.0,False,False,False
12710,12,전남광주통합특별시,710,담양군,0.04607036931091071,0.08257575757575758,0.06432306344333415,0.061678972491793216,0.07417121307762936,0.061855771076852376,0.06801349207724086,0.06773416845745049,False,0.1590909090909091,0.26666666666666666,0.0,False,False,False
12720,12,전남광주통합특별시,720,곡성군,0.2638984658466449,0.07549525101763907,0.169696858432142,0.1411491442491321,0.24344046367358185,0.07591264456211791,0.15967655411784987,0.13594193389418072,False,0.38181818181818183,0.14925373134328357,0.0,False,False,False
12730,12,전남광주통합특별시,730,구례군,0.0,0.12884615384615383,0.06442307692307692,0.0,0.0,0.08149661673323239,0.04074830836661619,0.0,False,0.23076923076923078,0.4230769230769231,0.0,False,False,False
12740,12,전남광주통합특별시,740,고흥군,0.052283464566929144,0.05131578947368421,0.051799627020306674,0.05179736731409584,0.23993511091251649,0.0597201949728957,0.14982765294270609,0.11970368250199673,False,0.2631578947368421,0.1,0.0,False,False,False
12750,12,전남광주통합특별시,750,보성군,0.1931892022101444,0.07464985994397759,0.133919531077061,0.1200897451395249,0.29638809737696736,0.09705461201062424,0.1967213546937958,0.16960492857074844,False,0.26666666666666666,0.11764705882352941,0.02857142857142857,False,False,False
12760,12,전남광주통합특별시,760,화순군,0.04733021183059574,0.06184180402930403,0.05458600792994989,0.05410162367889848,0.07995278201528036,0.11032059986468642,0.09513669093998339,0.09391719157202393,False,0.23076923076923078,0.03125,0.047619047619047616,False,False,False
12770,12,전남광주통합특별시,770,장흥군,0.16704746992667982,0.10851214574898785,0.13777980783783383,0.13463535718258984,0.17642054192070916,0.1371654670133301,0.15679300446701963,0.15555965422724125,False,0.36538461538461536,0.15789473684210525,0.05,False,False,False
12780,12,전남광주통합특별시,780,강진군,0.0,0.05925925925925926,0.02962962962962963,0.0,0.0,0.061908963160869905,0.030954481580434953,0.0,False,0.25925925925925924,0.13333333333333333,0.0,False,False,False
12790,12,전남광주통합특별시,790,해남군,0.03480314960629921,0.04005681818181818,0.037429983894058695,0.03733769457176145,0.15971584190260885,0.052972140251169676,0.10634399107688926,0.09198092181315992,False,0.21875,0.07272727272727272,0.0,False,False,False
12800,12,전남광주통합특별시,800,영암군,0.40389033588774637,0.08198275862068966,0.242936547254218,0.18196715065174368,0.597652364921474,0.11317934870856891,0.35541585681502147,0.2600805748531566,False,0.15,0.13793103448275862,0.05,False,False,False
12810,12,전남광주통합특별시,810,무안군,0.4103187244997817,0.02817460317460317,0.21924666383719243,0.1075200783011744,0.4212761298897809,0.043731267941977764,0.23250369891587935,0.1357311287574425,False,0.14285714285714285,0.05555555555555555,0.0,False,False,False
12820,12,전남광주통합특별시,820,함평군,0.15609250086569007,0.029411764705882356,0.09275213278578621,0.06775659309480085,0.16732224733057638,0.055160197797106056,0.11124122256384122,0.09607043384210823,False,0.29411764705882354,0.0,0.0,False,False,False
12830,12,전남광주통합특별시,830,영광군,0.0478740157480315,0.05863970588235294,0.05325686081519222,0.05298413161383038,0.21969961963073797,0.05137677610234076,0.13553819786653937,0.10624244993192623,False,0.11764705882352941,0.1875,0.0,False,False,False
12840,12,전남광주통합특별시,840,장성군,0.17705755709790577,0.08502673796791445,0.1310421475329101,0.12269729627258576,0.18118265980760367,0.0808717421198854,0.13102720096374454,0.12104774818457158,False,0.4090909090909091,0.17647058823529413,0.0,False,False,False
12850,12,전남광주통합특별시,850,완도군,0.006929133858267717,0.040522875816993466,0.023726004837630592,0.016756742847519844,0.031798629157080496,0.04525841850850236,0.03852852383279143,0.03793620521860106,False,0.1111111111111111,0.11764705882352941,0.0,False,False,False
12860,12,전남광주통합특별시,860,진도군,0.004409448818897638,0.06084656084656084,0.03262800483272924,0.01637985945784795,0.020235491281778498,0.06085800207626326,0.040546746679020876,0.035092614186473525,False,0.23809523809523808,0.14814814814814814,0.0,False,False,False
12870,12,전남광주통합특별시,870,신안군,0.3792116950964304,0.02992537313432836,0.20456853411537937,0.10652723347887072,0.5118493635962822,0.044797925434030696,0.27832364451515645,0.15142585520261168,False,0.15,0.05970149253731343,0.0,False,False,False
26110,26,부산광역시,110,중구,,0.03272727272727273,,,,0.04201981340977516,,,True,0.1,0.09090909090909091,0.0,False,False,False
26140,26,부산광역시,140,서구,,0.02463054187192118,,,,0.03975044199908474,,,True,0.10344827586206896,0.05714285714285714,0.0,False,False,False
26170,26,부산광역시,170,동구,,0.10494319377235431,,,,0.17208667610908565,,,True,0.14432989690721648,0.10204081632653061,0.1,False,False,False
26200,26,부산광역시,200,영도구,,0.03731203007518797,,,,0.043831669756867406,,,True,0.10526315789473684,0.10714285714285714,0.0,False,False,False
26230,26,부산광역시,230,부산진구,,0.12722715501294857,,,,0.1781306745122187,,,True,0.1320754716981132,0.19607843137254902,0.1,False,False,False
26260,26,부산광역시,260,동래구,,0.16563886424134872,,,,0.21965517013213112,,,True,0.10204081632653061,0.2826086956521739,0.13043478260869565,False,False,False
26290,26,부산광역시,290,남구,,0.30764957264957266,,,,0.48386168035714394,,,True,0.2153846153846154,0.2777777777777778,0.3333333333333333,False,False,False
26320,26,부산광역시,320,북구,,0.15051564762222966,,,,0.221522176812913,,,True,0.1506849315068493,0.1951219512195122,0.13333333333333333,False,False,False
26350,26,부산광역시,350,해운대구,,0.22032479705025718,,,,0.2940464678945763,,,True,0.15337423312883436,0.3472222222222222,0.18181818181818182,False,False,False
26380,26,부산광역시,380,사하구,,0.04171917191719172,,,,0.0447473938328584,,,True,0.09900990099009901,0.12727272727272726,0.0,False,False,False
26410,26,부산광역시,410,금정구,,0.1474116161616162,,,,0.2126584284217852,,,True,0.16161616161616163,0.2,0.125,False,False,False
26440,26,부산광역시,440,강서구,,0.16608287545787548,,,,0.27702109792890356,,,True,0.19791666666666666,0.12087912087912088,0.17857142857142858,False,False,False
26470,26,부산광역시,470,연제구,,0.2329022129186603,,,,0.29637148395554275,,,True,0.13157894736842105,0.40625,0.18181818181818182,False,False,False
26500,26,부산광역시,500,수영구,,0.15975269940787185,,,,0.27405819652352137,,,True,0.13793103448275862,0.1111111111111111,0.18181818181818182,False,False,False
26530,26,부산광역시,530,사상구,,0.13800013868663755,,,,0.16553073431373325,,,True,0.043478260869565216,0.2982456140350877,0.09090909090909091,False,False,False
26710,26,부산광역시,710,기장군,,0.1762792397660819,,,,0.2386675501700915,,,True,0.39473684210526316,0.2222222222222222,0.125,False,False,False
27110,27,대구광역시,110,중구,,0.09784946236559139,,,,0.06559463048274539,,,True,0.14516129032258066,0.3333333333333333,0.0,False,False,False
27140,27,대구광역시,140,동구,,0.30233460927343636,,,,0.4324995500401128,,,True,0.21511627906976744,0.3804347826086957,0.2857142857142857,False,False,False
27170,27,대구광역시,170,서구,,0.11395348837209303,,,,0.07019825988373854,,,True,0.13953488372093023,0.4,0.0,False,False,False
27200,27,대구광역시,200,남구,,0.12916666666666668,,,,0.08604261006432568,,,True,0.2916666666666667,0.4,0.0,False,False,False
27230,27,대구광역시,230,북구,,0.09169312169312169,,,,0.06497740983962291,,,True,0.16296296296296298,0.30158730158730157,0.0,False,False,False
27260,27,대구광역시,260,수성구,,0.08082879612825167,,,,0.06045593525479874,,,True,0.14736842105263157,0.26436781609195403,0.0,False,False,False
27290,27,대구광역시,290,달서구,,0.1859848484848485,,,,0.2525098937282493,,,True,0.13068181818181818,0.2916666666666667,0.15384615384615385,False,False,False
27710,27,대구광역시,710,달성군,,0.1695471824112601,,,,0.23843437567958212,,,True,0.1650485436893204,0.24074074074074073,0.14285714285714285,False,False,False
27720,27,대구광역시,720,군위군,,0.44705303309954475,,,,0.7897264039330859,,,True,0.4074074074074074,0.13953488372093023,0.5714285714285714,False,False,False
28125,28,인천광역시,125,제물포구,0.0,0.0,0.0,0.0,0.0,0.02452818321043325,0.012264091605216625,0.0,False,0.0,0.0,0.0,True,False,False
28155,28,인천광역시,155,영종구,0.0,0.13516624040920716,0.06758312020460358,0.0,0.0,0.1957221676188859,0.09786108380944294,0.0,False,0.08695652173913043,0.2,0.11764705882352941,False,False,False
28177,28,인천광역시,177,미추홀구,0.0,0.03617334905660377,0.018086674528301885,0.0,0.0,0.034650925003607544,0.017325462501803772,0.0,False,-0.015625,0.1509433962264151,0.0,False,False,False
28185,28,인천광역시,185,연수구,0.0,-0.0021395655036208043,-0.0010697827518104022,0.0,0.0,0.01641185272795469,0.008205926363977345,0.0,False,-0.10204081632653061,0.03225806451612903,0.0,False,False,False
28200,28,인천광역시,200,남동구,0.0,0.06196011842563567,0.030980059212817834,0.0,0.0,0.046653455919788075,0.023326727959894038,0.0,False,0.03879310344827586,0.23232323232323232,0.0,False,False,False
28237,28,인천광역시,237,부평구,0.0,0.09007222222222222,0.04503611111111111,0.0,0.0,0.12330537695557561,0.061652688477787806,0.0,False,0.016,0.18055555555555555,0.06666666666666667,False,False,False
28245,28,인천광역시,245,계양구,0.0,0.09087056128293242,0.04543528064146621,0.0,0.0,0.12464385992080396,0.06232192996040198,0.0,False,0.030927835051546393,0.17777777777777778,0.06666666666666667,False,False,False
28275,28,인천광역시,275,서해구,0.0,0.04406779661016949,0.022033898305084745,0.0,0.0,0.10899151521064947,0.054495757605324734,0.0,False,0.0,0.0,0.06779661016949153,True,False,False
28290,28,인천광역시,290,검단구,0.0,0.065,0.0325,0.0,0.0,0.14911159791075218,0.07455579895537609,0.0,False,0.0,0.0,0.1,True,False,False
28710,28,인천광역시,710,강화군,0.0,0.13538262527233116,0.06769131263616558,0.0,0.0,0.2054119409603547,0.10270597048017735,0.0,False,0.21875,0.14814814814814814,0.11764705882352941,False,False,False
28720,28,인천광역시,720,옹진군,0.0,0.0,0.0,0.0,0.0,0.02452818321043325,0.012264091605216625,0.0,False,0.0,0.0,0.0,False,False,False
30110,30,대전광역시,110,동구,0.0,0.09793074324324325,0.04896537162162162,0.0,0.0,0.08659394180914834,0.04329697090457417,0.0,False,0.43243243243243246,0.21875,0.0,False,False,False
30140,30,대전광역시,140,중구,0.0,0.09875,0.049375,0.0,0.0,0.07717999243945582,0.03858999621972791,0.0,False,0.3,0.275,0.0,False,False,False
30170,30,대전광역시,170,서구,0.13944535613736622,0.10676540119593937,0.1231053786666528,0.12201614398478813,0.1183767479829096,0.0697023810037539,0.09403956449333176,0.09083579244928797,False,0.16339869281045752,0.3617021276595745,0.0,False,False,False
30200,30,대전광역시,200,유성구,0.24332846539498051,0.09477987421383648,0.1690541698044085,0.1518638908456586,0.279430949314333,0.06985952320245908,0.17464523625839604,0.13971726051962877,False,0.21666666666666667,0.29245283018867924,0.0,False,False,False
30230,30,대전광역시,230,대덕구,0.24420469429848995,0.0806493993993994,0.16242704684894468,0.14033873993194876,0.24227669240325778,0.0654267333910723,0.15385171289716504,0.12590223413720178,False,0.21621621621621623,0.2361111111111111,0.0,False,False,False
31110,31,울산광역시,110,중구,,0.33215686274509804,,,,0.5550646370883194,,,True,0.13333333333333333,0.23529411764705882,0.4,False,False,False
31140,31,울산광역시,140,남구,,0.1893095793095793,,,,0.3160139154938986,,,True,0.00909090909090909,0.17582417582417584,0.2222222222222222,False,False,False
31170,31,울산광역시,170,동구,,0.14939939939939942,,,,0.09132856941152204,,,True,0.2777777777777778,0.4864864864864865,0.0,False,False,False
31200,31,울산광역시,200,북구,,0.1391941391941392,,,,0.0852536195698431,,,True,0.23809523809523808,0.46153846153846156,0.0,False,False,False
31710,31,울산광역시,710,울주군,,0.25353962799396845,,,,0.4167270198514933,,,True,0.10759493670886076,0.21014492753623187,0.2926829268292683,False,False,False
36110,36,세종특별자치시,110,세종특별자치시,0.5106114030201292,0.07942996022978348,0.2950206816249563,0.20138977986671222,0.4903652216830894,0.054261594406076155,0.27231340804458276,0.16311958426201748,False,0.0684931506849315,0.2903225806451613,0.0,False,False,False
41111,41,경기도,111,수원시 장안구,0.0017322834645669292,0.3114296817994353,0.15658098263200113,0.023226805379916157,0.007949657289270124,0.5503139537477095,0.2791318055184898,0.06614232634098638,False,0.08860759493670886,0.15789473684210525,0.40476190476190477,False,False,False
41113,41,경기도,113,수원시 권선구,0.0790584303157134,0.30904761904761907,0.19405302468166624,0.1563100113707159,0.08144357615807737,0.5549237466506979,0.31818366140438764,0.2125910967615336,False,0.1619047619047619,0.11904761904761904,0.40476190476190477,False,False,False
41115,41,경기도,115,수원시 팔달구,0.00047244094488188977,0.30833333333333335,0.15440288713910763,0.012069353393557697,0.0021680883516191247,0.5550490068981078,0.2786085476248634,0.034689988273759194,False,0.16666666666666666,0.11428571428571428,0.40476190476190477,False,False,False
41117,41,경기도,117,수원시 영통구,0.0,0.3234077380952381,0.16170386904761905,0.0,0.0,0.5630891719887701,0.28154458599438503,0.0,False,0.2125,0.15625,0.40476190476190477,False,False,False
41131,41,경기도,131,성남시 수정구,0.027533460803059275,0.15814784053156147,0.09284065066731037,0.0659875546475562,0.0165533603234861,0.18745431163477372,0.1020038359791299,0.05570456682069668,False,0.12790697674418605,0.32142857142857145,0.1,False,False,False
41133,41,경기도,133,성남시 중원구,0.027533460803059275,0.14301358234295417,0.08527352157300672,0.06275076783390637,0.0165533603234861,0.17752481513724705,0.09703908773036657,0.054209152652731164,False,0.056451612903225805,0.2894736842105263,0.1,False,False,False
41135,41,경기도,135,성남시 분당구,0.0,0.12801222736285525,0.06400611368142763,0.0,0.0,0.17447459464812967,0.08723729732406484,0.0,False,0.07865168539325842,0.22058823529411764,0.1,False,False,False
41150,41,경기도,150,의정부시,0.0,0.16115191200275988,0.08057595600137994,0.0,0.0,0.23349214455797615,0.11674607227898808,0.0,False,0.189873417721519,0.20754716981132076,0.1388888888888889,False,False,False
41171,41,경기도,171,안양시 만안구,0.00047244094488188977,0.07401960784313726,0.03724602439400957,0.005913534769425026,0.0021680883516191247,0.05902890377233319,0.030598496061976156,0.011312819218817289,False,0.1568627450980392,0.23333333333333334,0.0,False,False,False
41173,41,경기도,173,안양시 동안구,0.08087954110898662,0.022867132867132867,0.051873336988059744,0.043005618386112436,0.04862549595024042,0.03430342930775512,0.04146446262899777,0.04084141602446719,False,0.03636363636363636,0.07692307692307693,0.0,False,False,False
41192,41,경기도,192,부천시 원미구,0.0,0.052511961722488044,0.026255980861244022,0.0,0.0,0.13573730142119053,0.06786865071059527,0.0,False,0.0,-0.02631578947368421,0.09090909090909091,True,False,False
41194,41,경기도,194,부천시 소사구,0.0,0.03354395604395605,0.016771978021978023,0.0,0.0,0.05294497302632849,0.026472486513164244,0.0,False,0.24615384615384617,0.03571428571428571,0.0,True,False,False
41196,41,경기도,196,부천시 오정구,0.0,0.13452910641453467,0.06726455320726733,0.0,0.0,0.244729809957139,0.1223649049785695,0.0,False,0.0603448275862069,0.08064516129032258,0.16666666666666666,True,False,False
41210,41,경기도,210,광명시,0.0,0.15615461500019223,0.07807730750009612,0.0,0.0,0.22818415442358086,0.11409207721179043,0.0,False,0.15217391304347827,0.20512820512820512,0.13793103448275862,False,False,False
41220,41,경기도,220,평택시,0.00015748031496062994,0.3315755248335893,0.165866502574275,0.0072261067030614645,0.0007226961172063749,0.5123609862796091,0.2565418411984077,0.019242694598010493,False,0.12258064516129032,0.3412698412698413,0.36,False,False,False
41250,41,경기도,250,동두천시,0.0,0.19784482758620692,0.09892241379310346,0.0,0.0,0.3545451586486794,0.1772725793243397,0.0,False,0.10344827586206896,0.1,0.25,False,False,False
41271,41,경기도,271,안산시 상록구,0.44539708827027596,0.058333333333333334,0.25186521080180463,0.16118776881564587,0.3695155159205958,0.0609446219609191,0.21523006894075744,0.15006659663787505,False,0.25,0.13333333333333333,0.0,False,False,False
41273,41,경기도,273,안산시 단원구,0.5712103099923217,0.06804147254955696,0.3196258912709393,0.1971445931984098,0.4665081353208642,0.0584768337330701,0.26249248452696716,0.16516633635303152,False,0.17479674796747968,0.20224719101123595,0.0,False,False,False
41281,41,경기도,281,고양시 덕양구,0.0,0.11413615319865321,0.057068076599326605,0.0,0.0,0.16769238606104703,0.08384619303052351,0.0,False,0.13425925925925927,0.1590909090909091,0.09375,False,False,False
41285,41,경기도,285,고양시 일산동구,0.0,0.09729698905109489,0.048648494525547446,0.0,0.0,0.15637713326368968,0.07818856663184484,0.0,False,0.051094890510948905,0.125,0.09375,False,False,False
41287,41,경기도,287,고양시 일산서구,0.0,0.13145889037433156,0.06572944518716578,0.0,0.0,0.16914036969799873,0.08457018484899936,0.0,False,0.08021390374331551,0.25,0.09375,False,False,False
41290,41,경기도,290,과천시,0.00047244094488188977,0.04642857142857143,0.02345050618672666,0.004683455791958604,0.0021680883516191247,0.1135163365678039,0.05784221245971151,0.015688003283755768,False,0.0,0.0,0.07142857142857142,False,False,False
41310,41,경기도,310,구리시,0.0,0.1917832167832168,0.0958916083916084,0.0,0.0,0.1847193817261204,0.0923596908630602,0.0,False,0.07692307692307693,0.5,0.09090909090909091,False,False,False
41360,41,경기도,360,남양주시,0.0,0.22669932596761866,0.11334966298380933,0.0,0.0,0.30045574911809303,0.15022787455904651,0.0,False,0.16585365853658537,0.358974358974359,0.18518518518518517,False,False,False
41370,41,경기도,370,오산시,0.37479682630493366,0.19932170542635658,0.2870592658656451,0.27332241512083366,0.29943724101545366,0.26304577628894227,0.281241508652198,0.2806522786523015,False,0.03488372093023256,0.35,0.16666666666666666,False,False,False
41390,41,경기도,390,시흥시,0.23876153626112223,0.23223944992771195,0.2355004930944171,0.23547791370992413,0.2584727619153481,0.34723763226225907,0.3028551970888036,0.299585496731354,False,0.16292134831460675,0.2695035460992908,0.22857142857142856,False,False,False
41410,41,경기도,410,군포시,0.008661417322834646,0.27645569620253163,0.14255855676268314,0.04893360967765325,0.03974828644635062,0.5239473490203221,0.2818478177333364,0.14431219391189992,False,0.16455696202531644,0.04,0.38461538461538464,False,False,False
41430,41,경기도,430,의왕시,0.03963656072627633,0.022453703703703705,0.03104513221499002,0.02983265979395179,0.05837081681027248,0.040308127044735645,0.04933947192750406,0.048505858405902415,False,0.12037037037037036,0.041666666666666664,0.0,False,False,False
41450,41,경기도,450,하남시,0.05699101187877328,0.23785331102907245,0.14742216145392287,0.11642809314879043,0.06252429086060543,0.3931711272628295,0.22784770906171747,0.15678885776410664,False,0.13705583756345177,0.1875,0.2727272727272727,False,False,False
41461,41,경기도,461,용인시 처인구,0.0,0.24417353664535169,0.12208676832267584,0.0,0.0,0.34861783876593794,0.17430891938296897,0.0,False,0.19626168224299065,0.3157894736842105,0.224,False,False,False
41463,41,경기도,463,용인시 기흥구,0.0015748031496062992,0.2267965811965812,0.11418569217309374,0.018898676418953705,0.007226961172063749,0.34759857595491134,0.17741276856348753,0.05012066851001487,False,0.2564102564102564,0.2222222222222222,0.224,False,False,False
41465,41,경기도,465,용인시 수지구,0.0,0.2799033509700176,0.1399516754850088,0.0,0.0,0.3652441729923449,0.18262208649617245,0.0,False,0.2716049382716049,0.42857142857142855,0.224,False,False,False
41480,41,경기도,480,파주시,0.0,0.3288635088772063,0.16443175443860314,0.0,0.0,0.531726187353064,0.265863093676532,0.0,False,0.23605150214592274,0.2553191489361702,0.37142857142857144,False,False,False
41500,41,경기도,500,이천시,0.0,0.25777634346911454,0.12888817173455727,0.0,0.0,0.3801678308485431,0.19008391542427155,0.0,False,0.19879518072289157,0.30158730158730157,0.25,False,False,False
41550,41,경기도,550,안성시,0.0,0.2998882631625994,0.1499441315812997,0.0,0.0,0.4108802796254003,0.20544013981270015,0.0,False,0.11504424778761062,0.4444444444444444,0.2727272727272727,False,False,False
41570,41,경기도,570,김포시,0.0,0.23897456569870362,0.11948728284935181,0.0,0.0,0.4099048013853808,0.2049524006926904,0.0,False,0.024630541871921183,0.17567567567567569,0.2962962962962963,False,False,False
41591,41,경기도,591,화성시 만세구,0.0,0.24056293142419277,0.12028146571209639,0.0,0.0,0.38233864405098705,0.19116932202549353,0.0,False,0.14659685863874344,0.22535211267605634,0.2608695652173913,True,True,False
41593,41,경기도,593,화성시 효행구,0.04808328691227172,0.2914950419527078,0.16978916443248976,0.11838935651365258,0.06282104579415551,0.39966304134013564,0.23124204356714556,0.15845267502399613,False,0.16666666666666666,0.42105263157894735,0.2608695652173913,True,True,False
41595,41,경기도,595,화성시 병점구,0.0,0.24241004497751123,0.12120502248875561,0.0,0.0,0.37976346380537435,0.18988173190268717,0.0,False,0.10344827586206896,0.25,0.2608695652173913,True,True,False
41597,41,경기도,597,화성시 동탄구,0.20650095602294455,0.21476041258649953,0.21063068430472204,0.2105901956763281,0.12415020242614574,0.3682054383525197,0.24617782038933272,0.21380547164624444,False,0.06306306306306306,0.15555555555555556,0.2608695652173913,True,True,False
41610,41,경기도,610,광주시,0.0,0.30081699346405233,0.15040849673202616,0.0,0.0,0.47674562773777845,0.23837281386888923,0.0,False,0.14705882352941177,0.2777777777777778,0.3333333333333333,False,False,False
41630,41,경기도,630,양주시,0.0,0.22938311688311688,0.11469155844155844,0.0,0.0,0.3724578210684099,0.18622891053420496,0.0,False,0.21428571428571427,0.18181818181818182,0.25,False,False,False
41650,41,경기도,650,포천시,0.0,0.18605339105339105,0.09302669552669553,0.0,0.0,0.22343098488756985,0.11171549244378493,0.0,False,0.34285714285714286,0.3181818181818182,0.1111111111111111,False,False,False
41670,41,경기도,670,여주시,0.0,0.06272332206663447,0.03136166103331724,0.0,0.0,0.05142686970764299,0.025713434853821496,0.0,False,0.10091743119266056,0.21052631578947367,0.0,False,False,False
41800,41,경기도,800,연천군,0.0,0.1392857142857143,0.06964285714285715,0.0,0.0,0.0965814817495024,0.0482907408747512,0.0,False,0.39285714285714285,0.4,0.0,False,False,False
41820,41,경기도,820,가평군,0.23789403953568902,0.18020833333333333,0.20905118643451118,0.2070518977808719,0.20645377544595056,0.11638592791809986,0.16141985168202522,0.1550106906876812,False,0.4895833333333333,0.525,0.0,False,False,False
41830,41,경기도,830,양평군,0.15244756929284414,0.09775910364145658,0.12510333646715036,0.12207840810883505,0.13687009209672524,0.07766905133425815,0.1072695717154917,0.10310465658342108,False,0.31092436974789917,0.26666666666666666,0.0,False,False,False
43111,43,충청북도,111,청주시 상당구,0.0,0.3262330732669716,0.1631165366334858,0.0,0.0,0.5844351305134023,0.2922175652567012,0.0,False,0.15254237288135594,0.12962962962962962,0.42857142857142855,False,False,False
43112,43,충청북도,112,청주시 서원구,0.0,0.3209174430641822,0.1604587215320911,0.0,0.0,0.5835466646367979,0.29177333231839897,0.0,False,0.16304347826086957,0.10416666666666667,0.42857142857142855,False,False,False
43113,43,충청북도,113,청주시 흥덕구,0.0003149606299212599,0.335135582010582,0.16772527132025164,0.010273972650298469,0.0014453922344127498,0.5907493625187428,0.29609737737657776,0.029220960645893784,False,0.20105820105820105,0.14583333333333334,0.42857142857142855,False,False,False
43114,43,충청북도,114,청주시 청원구,0.0003149606299212599,0.32091031034693007,0.16061263548842566,0.010053562229135308,0.0014453922344127498,0.5871276664707492,0.294286529352581,0.02913125074084015,False,0.21212121212121213,0.08450704225352113,0.42857142857142855,False,False,False
43130,43,충청북도,130,충주시,0.5887908944460337,0.07522708505367465,0.33200898974985416,0.21045907605831815,0.512874739102717,0.07158582521777582,0.2922302821602464,0.19161044186583223,False,0.3236994219653179,0.17142857142857143,0.0,False,False,False
43150,43,충청북도,150,제천시,0.26646120955721836,0.19408547008547006,0.2302733398213442,0.22741206897712282,0.18657557497556782,0.33435996005115975,0.26046776751336376,0.24976669472800617,False,0.24,0.10256410256410256,0.2222222222222222,False,False,False
43720,43,충청북도,720,보은군,0.0,0.09749670619235837,0.048748353096179184,0.0,0.0,0.16191303520133699,0.08095651760066849,0.0,False,0.16666666666666666,0.08695652173913043,0.09090909090909091,False,False,False
43730,43,충청북도,730,옥천군,0.0,0.1090909090909091,0.05454545454545455,0.0,0.0,0.18986025773533968,0.09493012886766984,0.0,False,0.5,0.0,0.09090909090909091,False,False,False
43740,43,충청북도,740,영동군,0.0007874015748031496,0.09902597402597403,0.049906687800388594,0.008830243931764724,0.0036134805860318746,0.17108101972784323,0.08734725015693755,0.024863586696715692,False,0.2857142857142857,0.045454545454545456,0.09090909090909091,False,False,False
43745,43,충청북도,745,증평군,0.0,0.04725806451612903,0.023629032258064515,0.0,0.0,0.05019492324816603,0.025097461624083016,0.0,False,0.15,0.12903225806451613,0.0,False,False,False
43750,43,충청북도,750,진천군,0.0003149606299212599,0.05867423609951578,0.02949459836471852,0.004298845701121665,0.0014453922344127498,0.05119749373011318,0.026321442982262966,0.008602351995756803,False,0.11504424778761062,0.18867924528301888,0.0,False,False,False
43760,43,충청북도,760,괴산군,0.015049457249966126,0.08948429847306252,0.05226687786151432,0.03669727679833428,0.027888393637498534,0.08028342472044253,0.054085909178970534,0.047317816424367914,False,0.38202247191011235,0.20512820512820512,0.0,False,False,False
43770,43,충청북도,770,음성군,0.044653046476265036,0.035839132545719375,0.040246089510992206,0.04000408043228878,0.06766694802277198,0.0470546658657222,0.05736080694424709,0.05642734823970312,False,0.15568862275449102,0.08108108108108109,0.0,False,False,False
43800,43,충청북도,800,단양군,0.06932897728128154,0.16209150326797384,0.11571024027462769,0.10600772682948224,0.057381633698438864,0.31975942462981227,0.18857052916412556,0.1354559639725452,False,0.17647058823529413,0.0,0.2222222222222222,False,False,False
44131,44,충청남도,131,천안시 동남구,0.0003149606299212599,0.24940410593672238,0.12485953328332182,0.008862983375296306,0.0014453922344127498,0.3966595471802392,0.19905246970732599,0.023944281764128893,False,0.10309278350515463,0.2413793103448276,0.275,False,False,False
44133,44,충청남도,133,천안시 서북구,0.0003149606299212599,0.23727625051674248,0.11879560557333187,0.00864480637886748,0.0014453922344127498,0.392471785119307,0.1969585886768599,0.02381754963126047,False,0.09745762711864407,0.1951219512195122,0.275,False,False,False
44150,44,충청남도,150,공주시,0.06398608873699582,0.17021943573667714,0.11710276223683648,0.10436319236114033,0.03972503798247436,0.10739877092979534,0.07356190445613485,0.06531784024642259,False,0.4090909090909091,0.5172413793103449,0.0,False,False,False
44180,44,충청남도,180,보령시,0.24772376206320293,0.12702702702702703,0.18737539454511498,0.1773911300455558,0.1966630526775342,0.08381419999416909,0.14023862633585166,0.12838674553309098,False,0.2702702702702703,0.4,0.0,False,False,False
44200,44,충청남도,200,아산시,0.0,0.24889552086521785,0.12444776043260893,0.0,0.0,0.3966998879384165,0.19834994396920824,0.0,False,0.06611570247933884,0.24691358024691357,0.2777777777777778,False,False,False
44210,44,충청남도,210,서산시,0.7912404209512053,0.5425150905432595,0.6668777557472324,0.6551792644870791,0.5498068159081809,0.929395015877405,0.739600915892793,0.7148340467552516,False,0.18571428571428572,0.29577464788732394,0.6923076923076923,False,False,False
44230,44,충청남도,230,논산시,0.2116863642522696,0.11176767676767677,0.16172702050997317,0.15381707686688223,0.14108410202490387,0.06994985031396642,0.10551697616943514,0.09934189357125418,False,0.14545454545454545,0.3888888888888889,0.0,False,False,False
44250,44,충청남도,250,계룡시,0.0,0.12702380952380954,0.06351190476190477,0.0,0.0,0.08076871689578047,0.040384358447890234,0.0,False,0.22857142857142856,0.4166666666666667,0.0,False,False,False
44270,44,충청남도,270,당진시,0.6181683503711175,0.2980465410027206,0.4581074456869191,0.42923529513015285,0.5104401637564706,0.4148345795831732,0.4626373716698219,0.46016109215608564,False,0.14457831325301204,0.41935483870967744,0.275,False,False,False
44710,44,충청남도,710,금산군,0.0,0.05658238884045336,0.02829119442022668,0.0,0.0,0.059906099764427435,0.029953049882213718,0.0,False,0.24324324324324326,0.12903225806451613,0.0,False,False,False
44760,44,충청남도,760,부여군,0.4308315141295675,0.10277777777777777,0.26680464595367265,0.2104279107411187,0.3507102829037686,0.0808678546416082,0.21578906877268839,0.16840780320157153,False,0.3333333333333333,0.2777777777777778,0.0,False,False,False
44770,44,충청남도,770,서천군,0.0,0.06156299840510367,0.030781499202551833,0.0,0.0,0.06098959140896363,0.030494795704481815,0.0,False,0.23684210526315788,0.15151515151515152,0.0,False,False,False
44790,44,충청남도,790,청양군,0.0,0.09902597402597402,0.04951298701298701,0.0,0.0,0.0885494688838234,0.0442747344419117,0.0,False,0.45454545454545453,0.21428571428571427,0.0,False,False,False
44800,44,충청남도,800,홍성군,0.11999789223287816,0.07628205128205129,0.09813997175746472,0.09567489414180962,0.0771679353326848,0.061385212586692633,0.06927657395968873,0.0688256501260468,False,0.1794871794871795,0.23333333333333334,0.0,False,False,False
44810,44,충청남도,810,예산군,0.11873804971319311,0.09166666666666666,0.10520235818992989,0.10432795034749492,0.0713863663950338,0.059155319889525465,0.06527084314227963,0.06498371595907004,False,0.08333333333333333,0.3333333333333333,0.0,False,False,False
44825,44,충청남도,825,태안군,0.2707246202255311,0.049666666666666665,0.16019564344609888,0.11595684314089177,0.2130034424091922,0.04583412411777571,0.12941878326348394,0.09880701501865344,False,0.08,0.16666666666666666,0.0,False,False,False
47111,47,경상북도,111,포항시 남구,,0.3976533166458073,,,,0.680165102814995,,,True,0.13829787234042554,0.23529411764705882,0.5,False,False,False
47113,47,경상북도,113,포항시 북구,,0.0357457589777484,,,,0.04386208522463676,,,True,0.11235955056179775,0.09803921568627451,0.0,False,False,False
47130,47,경상북도,130,경주시,,0.17556184550523596,,,,0.22542171000520705,,,True,0.21637426900584794,0.29069767441860467,0.125,False,False,False
47150,47,경상북도,150,김천시,,0.09798136645962734,,,,0.061386104070963676,,,True,0.08695652173913043,0.35714285714285715,0.0,False,False,False
47170,47,경상북도,170,안동시,,0.2784221525600836,,,,0.47894759462791137,,,True,0.2727272727272727,0.13793103448275862,0.3333333333333333,False,False,False
47190,47,경상북도,190,구미시,,0.24200980392156862,,,,0.4337195996650087,,,True,0.175,0.09803921568627451,0.3076923076923077,False,False,False
47210,47,경상북도,210,영주시,,0.2845238095238095,,,,0.47136553879043835,,,True,0.14285714285714285,0.21428571428571427,0.3333333333333333,False,False,False
47230,47,경상북도,230,영천시,,0.29066720473500135,,,,0.4310078747446086,,,True,0.24444444444444444,0.3220338983050847,0.2857142857142857,False,False,False
47250,47,경상북도,250,상주시,,0.3727046115496469,,,,0.6311993398178533,,,True,0.3132530120481928,0.2,0.4482758620689655,False,False,False
47280,47,경상북도,280,문경시,,0.3048148148148148,,,,0.5024070462311152,,,True,0.48148148148148145,0.16,0.3333333333333333,False,False,False
47290,47,경상북도,290,경산시,,0.25031446540880503,,,,0.4129939165615512,,,True,0.16981132075471697,0.19047619047619047,0.2857142857142857,False,False,False
47730,47,경상북도,730,의성군,,0.4702617392537949,,,,0.7961367190317495,,,True,0.39622641509433965,0.23684210526315788,0.5714285714285714,False,False,False
47750,47,경상북도,750,청송군,,0.21666666666666667,,,,0.4398062322114963,,,True,0.0,0.0,0.3333333333333333,False,False,False
47760,47,경상북도,760,영양군,,0.25266666666666665,,,,0.47729981806558375,,,True,0.36,0.0,0.3333333333333333,False,False,False
47770,47,경상북도,770,영덕군,,0.3766025641025641,,,,0.6859780730572,,,True,0.3076923076923077,0.08333333333333333,0.5,False,False,False
47820,47,경상북도,820,청도군,,0.1422077922077922,,,,0.08966872357970976,,,True,0.2857142857142857,0.45454545454545453,0.0,False,False,False
47830,47,경상북도,830,고령군,,0.22376760563380282,,,,0.36329064113342335,,,True,0.11267605633802817,0.2,0.25,False,False,False
47840,47,경상북도,840,성주군,,0.09986413043478261,,,,0.07149554923221192,,,True,0.21739130434782608,0.3125,0.0,False,False,False
47850,47,경상북도,850,칠곡군,,0.058764014219305445,,,,0.051290996609061855,,,True,0.11594202898550725,0.18867924528301888,0.0,False,False,False
47900,47,경상북도,900,예천군,,0.3464539007092199,,,,0.5019669728483345,,,True,0.2978723404255319,0.4,0.3333333333333333,False,False,False
47920,47,경상북도,920,봉화군,,0.30166666666666664,,,,0.49182716909735785,,,True,0.35,0.2,0.3333333333333333,False,False,False
47930,47,경상북도,930,울진군,,0.3075757575757576,,,,0.4681132131709889,,,True,0.0,0.36363636363636365,0.3333333333333333,False,False,False
47940,47,경상북도,940,울릉군,,0.0,,,,0.02452818321043325,,,True,0.0,0.0,0.0,False,False,True
48121,48,경상남도,121,창원시 의창구,,0.14179264043201428,,,,0.15129671356888502,,,True,0.17880794701986755,0.32231404958677684,0.06666666666666667,False,False,False
48123,48,경상남도,123,창원시 성산구,,0.1259862002335462,,,,0.13146549431990978,,,True,0.17518248175182483,0.297029702970297,0.05263157894736842,False,False,False
48125,48,경상남도,125,창원시 마산합포구,,0.11437229437229438,,,,0.13178971014725643,,,True,0.02857142857142857,0.2727272727272727,0.06666666666666667,False,False,False
48127,48,경상남도,127,창원시 마산회원구,,0.17050164088138772,,,,0.16566489311804333,,,True,0.25316455696202533,0.4074074074074074,0.06666666666666667,False,False,False
48129,48,경상남도,129,창원시 진해구,,0.15340370700763206,,,,0.2524615696214963,,,True,0.2111111111111111,0.11864406779661017,0.15789473684210525,False,False,False
48170,48,경상남도,170,진주시,,0.11881720430107527,,,,0.07369363137155838,,,True,0.16666666666666666,0.40860215053763443,0.0,False,False,False
48220,48,경상남도,220,통영시,,0.10964523281596453,,,,0.0719439221841232,,,True,0.18181818181818182,0.36585365853658536,0.0,False,False,False
48240,48,경상남도,240,사천시,,0.13444426683716965,,,,0.14641982028718142,,,True,0.2028985507246377,0.29411764705882354,0.0625,False,False,False
48250,48,경상남도,250,김해시,,0.23511904761904762,,,,0.29797412177257565,,,True,0.19047619047619047,0.4,0.17857142857142858,False,False,False
48270,48,경상남도,270,밀양시,,0.10208333333333333,,,,0.07608842260057588,,,True,0.2708333333333333,0.3,0.0,False,False,False
48310,48,경상남도,310,거제시,,0.09509803921568627,,,,0.06272905492463729,,,True,0.11764705882352941,0.3333333333333333,0.0,False,False,False
48330,48,경상남도,330,양산시,,0.16668898809523808,,,,0.22183089389821758,,,True,0.0859375,0.2857142857142857,0.13333333333333333,False,False,False
48720,48,경상남도,720,의령군,,0.12613636363636363,,,,0.07293051560913498,,,True,0.125,0.45454545454545453,0.0,False,False,False
48730,48,경상남도,730,함안군,,0.08001850138760408,,,,0.05738008415522382,,,True,0.10869565217391304,0.2765957446808511,0.0,False,False,False
48740,48,경상남도,740,창녕군,,0.06444672131147541,,,,0.05057991862950354,,,True,0.08196721311475409,0.225,0.0,False,False,False
48820,48,경상남도,820,고성군,,0.1685470779220779,,,,0.15265495068245372,,,True,0.14285714285714285,0.45454545454545453,0.0625,False,False,False
48840,48,경상남도,840,남해군,,0.08977272727272727,,,,0.07239346432772649,,,True,0.2727272727272727,0.25,0.0,False,False,False
48850,48,경상남도,850,하동군,,0.06096153846153847,,,,0.05993770477517713,,,True,0.225,0.15384615384615385,0.0,False,False,False
48860,48,경상남도,860,산청군,,0.1527777777777778,,,,0.09846478223986374,,,True,0.3611111111111111,0.4666666666666667,0.0,False,False,False
48870,48,경상남도,870,함양군,,0.12613636363636363,,,,0.07293051560913498,,,True,0.125,0.45454545454545453,0.0,False,False,False
48880,48,경상남도,880,거창군,,0.12380952380952381,,,,0.06829467898425982,,,True,0.07142857142857142,0.4666666666666667,0.0,False,False,False
48890,48,경상남도,890,합천군,,0.13897485493230174,,,,0.0877138649268136,,,True,0.2727272727272727,0.44680851063829785,0.0,False,False,False
50110,50,제주특별자치도,110,제주시,,0.04957391304347826,,,,0.05631885134992638,,,True,0.224,0.10869565217391304,0.0,False,False,False
50130,50,제주특별자치도,130,서귀포시,,0.03351864330637916,,,,0.04965918284512491,,,True,0.20125786163522014,0.05357142857142857,0.0,False,False,False
51110,51,강원특별자치도,110,춘천시,0.3261348067629214,0.11574200136147039,0.2209384040621959,0.1942871463797256,0.4535623311277317,0.08188940239038661,0.2677258667590592,0.19272246429215406,False,0.2920353982300885,0.34615384615384615,0.0,False,False,False
51130,51,강원특별자치도,130,원주시,0.3558931663178814,0.06614972014925374,0.21102144323356758,0.15343478534856322,0.39797526598068644,0.07345836381166125,0.23571681489617385,0.17098132025590373,False,0.3880597014925373,0.109375,0.0,False,False,False
51150,51,강원특별자치도,150,강릉시,0.19651646316676954,0.22646520146520147,0.2114908323159855,0.2109600446110384,0.2293065447268807,0.3448474503449674,0.28707699753592403,0.2812041559018626,False,0.358974358974359,0.20512820512820512,0.21428571428571427,False,False,False
51170,51,강원특별자치도,170,동해시,0.032707426868008614,0.18793290043290045,0.11032016365045454,0.07840154078206522,0.026572187653191987,0.23515100628444585,0.1308615969688189,0.07904730650583373,False,0.041666666666666664,0.36363636363636365,0.14285714285714285,False,False,False
51190,51,강원특별자치도,190,태백시,0.014015748031496064,0.025925925925925925,0.019970836978710993,0.019062299054967348,0.06431995443136737,0.05152973680905594,0.057924845620211655,0.05757074190436347,False,0.25925925925925924,0.0,0.0,False,False,False
51210,51,강원특별자치도,210,속초시,0.001889763779527559,0.3824074074074074,0.19214858559346748,0.026882330024414872,0.008672353406476499,0.6869535304036322,0.34781294190505435,0.07718486761980613,False,0.2962962962962963,0.1111111111111111,0.5,False,False,False
51230,51,강원특별자치도,230,삼척시,0.14217100013549933,0.2160037878787879,0.17908739400714363,0.17524118966665206,0.2544111867011519,0.3531148103286945,0.3037629985149232,0.29972713914071136,False,0.28125,0.15151515151515152,0.23076923076923078,False,False,False
51720,51,강원특별자치도,720,홍천군,0.10623387181764804,0.12428070175438596,0.115257286786017,0.11490352535750496,0.16497957082046677,0.09632470656168958,0.13065213869107817,0.12606192425928991,False,0.4533333333333333,0.3157894736842105,0.0,False,False,False
51730,51,강원특별자치도,730,횡성군,0.1204844853284353,0.10048076923076923,0.11048262727960226,0.11002896785017348,0.1823394116028812,0.1063617576346579,0.14435058461876954,0.13926212803254076,False,0.6923076923076923,0.125,0.0,False,False,False
51750,51,강원특별자치도,750,영월군,0.1817301756974451,0.0647212543554007,0.1232257150264229,0.10845185533390382,0.3604648132775838,0.07857892313692388,0.21952186820725383,0.16830013920405673,False,0.4642857142857143,0.07317073170731707,0.0,False,False,False
51760,51,강원특별자치도,760,평창군,0.1695611327742732,0.04442790697674419,0.1069945198755087,0.08679427535135471,0.37324523882600896,0.0623096662327747,0.21777745252939185,0.15250175820042502,False,0.328,0.046511627906976744,0.0,False,False,False
51770,51,강원특별자치도,770,정선군,0.25709790578280967,0.058957755164970704,0.15802783047389019,0.12311748609588159,0.38379594512560106,0.07039771535750788,0.22709683024155447,0.1643726184628017,False,0.37681159420289856,0.0851063829787234,0.0,False,False,False
51780,51,강원특별자치도,780,철원군,0.3465560590777013,0.07663157894736841,0.21159381901253488,0.16296360943751137,0.3276759059893014,0.06591215924760137,0.19679403261845138,0.14696198997417287,False,0.24,0.21052631578947367,0.0,False,False,False
51790,51,강원특별자치도,790,화천군,0.0937586004426311,0.08777173913043479,0.09076516978653294,0.09071579476191169,0.08714136075400643,0.09312544899051702,0.09013340487226172,0.09008372964004914,False,0.5652173913043478,0.125,0.0,False,False,False
51800,51,강원특별자치도,800,양구군,0.010078740157480316,0.0903409090909091,0.05020982462419471,0.03017486616901265,0.046252551501207995,0.09580120994848329,0.07102688072484564,0.06656613551213757,False,0.5909090909090909,0.125,0.0,False,False,False
51810,51,강원특별자치도,810,인제군,0.016850393700787402,0.40634920634920635,0.21159980002499687,0.08274747190692068,0.07732848454108211,0.7118886385737888,0.39460856155743546,0.23462580758076299,False,0.5357142857142857,0.1111111111111111,0.5,False,False,False
51820,51,강원특별자치도,820,고성군,0.02047244094488189,0.05740740740740741,0.03893992417614465,0.03428220760025415,0.09395049523682873,0.06403645690203749,0.0789934760694331,0.07756453338451964,False,0.2962962962962963,0.1111111111111111,0.0,False,False,False
51830,51,강원특별자치도,830,양양군,0.06267174538173169,0.4095238095238095,0.2360977774527706,0.16020478119654538,0.09545642334908716,0.7050545109066614,0.4002554671278743,0.25942625518110124,False,0.42857142857142855,0.16666666666666666,0.5,False,False,False
52111,52,전북특별자치도,111,전주시 완산구,0.09120458891013385,0.19936551543694403,0.14528505217353893,0.1348445396680319,0.05483300607154771,0.35566091722717874,0.20524696164936324,0.13964940828277833,False,0.11224489795918367,0.10256410256410256,0.25,False,False,False
52113,52,전북특별자치도,113,전주시 덕진구,0.3335336715797715,0.2162840136054422,0.27490884259260684,0.26858518418154115,0.3914407329869063,0.3626673060912019,0.3770540195390541,0.37677945289881026,False,0.1360544217687075,0.16071428571428573,0.25,False,False,False
52130,52,전북특별자치도,130,군산시,1.0,0.09654939809049398,0.548274699045247,0.3107239902075377,1.0,0.15921406438555843,0.5796070321927792,0.3990163710746195,False,0.2420091324200913,0.07272727272727272,0.08333333333333333,False,False,False
52140,52,전북특별자치도,140,익산시,0.017795275590551184,0.15716374269005848,0.08747950914030483,0.05288451677014799,0.08166466124432037,0.26274263660302466,0.17220364892367251,0.14648135858403818,False,0.21052631578947367,0.1111111111111111,0.16666666666666666,False,False,False
52180,52,전북특별자치도,180,정읍시,0.17896749521988528,0.11565666041275798,0.14731207781632163,0.14387071564278867,0.10759684210265966,0.1737887075355557,0.1406927748191077,0.136744711502597,False,0.12195121951219512,0.15384615384615385,0.1,False,False,False
52190,52,전북특별자치도,190,남원시,0.0352755905511811,0.04230769230769231,0.03879164142943671,0.03863196643987345,0.16188393025422798,0.0685911580389549,0.11523754414659143,0.10537459961506332,False,0.4230769230769231,0.0,0.0,False,False,False
52210,52,전북특별자치도,210,김제시,0.13627557549570168,0.11903780068728523,0.12765668809149344,0.12736539873294642,0.18618099675020264,0.17497002461481087,0.18057551068250677,0.18048848601557102,False,0.12371134020618557,0.16666666666666666,0.1,False,False,False
52710,52,전북특별자치도,710,완주군,0.0,0.11891425908667289,0.05945712954333644,0.0,0.0,0.1737923463880361,0.08689617319401804,0.0,False,0.10810810810810811,0.1724137931034483,0.1,False,False,False
52720,52,전북특별자치도,720,진안군,0.0,0.08333333333333334,0.04166666666666667,0.0,0.0,0.0726008462230729,0.03630042311153645,0.0,False,0.30303030303030304,0.21212121212121213,0.0,False,False,False
52730,52,전북특별자치도,730,무주군,0.0,0.043333333333333335,0.021666666666666667,0.0,0.0,0.057490822944923574,0.028745411472461787,0.0,False,0.26666666666666666,0.06666666666666667,0.0,False,False,False
52740,52,전북특별자치도,740,장수군,0.0,0.07068654019873533,0.03534327009936766,0.0,0.0,0.06434593380345908,0.03217296690172954,0.0,False,0.24390243902439024,0.18518518518518517,0.0,False,False,False
52750,52,전북특별자치도,750,임실군,0.0352755905511811,0.03076923076923077,0.033022410660205934,0.032945451676827685,0.16188393025422798,0.056573983085721716,0.10922895666997484,0.09569962764845455,False,0.3076923076923077,0.0,0.0,False,False,False
52770,52,전북특별자치도,770,순창군,0.2563737372216618,0.13901098901098902,0.1976923631163254,0.18878232641756115,0.2294962668548326,0.0991034804801473,0.16429987366748994,0.15081073835279296,False,0.42857142857142855,0.38461538461538464,0.0,False,False,False
52790,52,전북특별자치도,790,고창군,0.010551181102362205,0.038357142857142854,0.02445416197975253,0.020117483959354688,0.048420639852827116,0.15395764125947364,0.10118914055615039,0.08634076383734238,False,0.18,-0.17857142857142858,0.1,False,False,False
52800,52,전북특별자치도,800,부안군,0.0,0.10833333333333334,0.05416666666666667,0.0,0.0,0.1820742376452425,0.09103711882262125,0.0,False,0.26666666666666666,0.06666666666666667,0.1,False,False,False
