시도,시군구,변전소,변전소코드,154kV_차단기_전체,154kV_차단기_사용중,154kV_차단기_사용예정,154kV_차단기_여유
강원특별자치도,강릉시,북강릉,D338,8,4,1,3
강원특별자치도,강릉시,북평,4363,11,7,0,4
강원특별자치도,강릉시,영동T/P,S408,4,4,0,0
강원특별자치도,강릉시,주문진,S423,8,5,3,0
강원특별자치도,강릉시,횡계,2821,8,6,1,1
강원특별자치도,고성군,속초,2447,8,4,4,0
강원특별자치도,고성군,신양양,D440,10,8,0,2
강원특별자치도,동해시,북평,4363,11,7,0,4
강원특별자치도,삼척시,도계,S440,11,8,3,0
강원특별자치도,삼척시,삼척,S418,11,4,2,5
강원특별자치도,삼척시,태백,2510,11,9,2,0
강원특별자치도,속초시,속초,2447,8,4,4,0
강원특별자치도,속초시,신양양,D440,10,8,0,2
강원특별자치도,양구군,신양양,D440,10,8,0,2
강원특별자치도,양구군,양구,S428,6,4,2,0
강원특별자치도,양양군,신양양,D440,10,8,0,2
강원특별자치도,양양군,양양,S401,8,4,3,1
강원특별자치도,영월군,동영월,S442,10,2,5,3
강원특별자치도,영월군,신제천,2507,20,18,2,0
강원특별자치도,영월군,영월,S410,11,9,2,0
강원특별자치도,원주시,남원주,2820,7,6,1,0
강원특별자치도,원주시,동원주,D345,8,2,4,2
강원특별자치도,원주시,문막,2667,11,9,0,2
강원특별자치도,원주시,북원주,S435,10,6,3,1
강원특별자치도,원주시,서원주,D464,8,4,2,2
강원특별자치도,원주시,신제천,2507,20,18,2,0
강원특별자치도,인제군,신양양,D440,10,8,0,2
강원특별자치도,인제군,인제,S421,8,8,0,0
강원특별자치도,정선군,고한,S432,6,0,4,0
강원특별자치도,정선군,동영월,S442,10,2,5,3
강원특별자치도,정선군,신제천,2507,20,18,2,0
강원특별자치도,정선군,정선,S424,11,7,3,1
강원특별자치도,철원군,신양양,D440,10,8,0,2
강원특별자치도,철원군,철원,2525,9,7,0,2
강원특별자치도,춘천시,남춘천,2784,8,6,2,0
강원특별자치도,춘천시,북춘천,S436,12,4,4,4
강원특별자치도,춘천시,서홍천,D337,12,2,2,8
강원특별자치도,춘천시,신양양,D440,10,8,0,2
강원특별자치도,춘천시,춘천,4299,10,4,2,4
강원특별자치도,태백시,태백,2510,11,9,2,0
강원특별자치도,평창군,영월,S410,11,9,2,0
강원특별자치도,평창군,정선,S424,11,7,3,1
강원특별자치도,평창군,주진,S434,6,6,0,0
강원특별자치도,평창군,평창,2553,7,7,0,0
강원특별자치도,평창군,횡계,2821,8,6,1,1
강원특별자치도,홍천군,상남,2554,8,6,0,2
강원특별자치도,홍천군,서홍천,D337,12,2,2,8
강원특별자치도,홍천군,신양양,D440,10,8,0,2
강원특별자치도,홍천군,홍천,4257,8,8,0,0
강원특별자치도,화천군,신양양,D440,10,8,0,2
강원특별자치도,화천군,화천,S430,6,4,2,0
강원특별자치도,횡성군,둔내,D339,12,4,4,4
강원특별자치도,횡성군,신제천,2507,20,18,2,0
경기도,가평군,가평,2668,8,5,2,1
경기도,가평군,내촌,D283,12,4,0,8
경기도,가평군,서종,D290,8,4,0,4
경기도,가평군,서홍천,D337,12,2,2,8
경기도,고양시덕양구,고양,D543,8,4,4,0
경기도,고양시덕양구,능곡,S103,8,6,2,0
경기도,고양시덕양구,신덕은,S124,16,10,0,6
경기도,고양시덕양구,신파주,S136,16,6,8,2
경기도,고양시덕양구,원흥,D294,8,6,2,0
경기도,고양시덕양구,일산,2567,16,16,0,0
경기도,고양시덕양구,지도,2635,8,4,0,4
경기도,고양시덕양구,지축,E382,8,6,0,2
경기도,고양시일산동구,고양,D543,8,4,4,0
경기도,고양시일산동구,송포,2636,8,4,4,0
경기도,고양시일산동구,신덕은,S124,16,10,0,6
경기도,고양시일산동구,신파주,S136,16,6,8,2
경기도,고양시일산동구,일산,2567,16,16,0,0
경기도,고양시일산서구,고양,D543,8,4,4,0
경기도,고양시일산서구,덕이,D289,12,4,0,8
경기도,고양시일산서구,송포,2636,8,4,4,0
경기도,고양시일산서구,신덕은,S124,16,10,0,6
경기도,고양시일산서구,신파주,S136,16,6,8,2
경기도,고양시일산서구,일산,2567,16,16,0,0
경기도,고양시일산서구,호수,D553,12,6,0,6
경기도,과천시,과천,2190,8,6,2,0
경기도,광명시,광명,2550,6,5,0,1
경기도,광명시,시흥,2999,5,5,0,0
경기도,광명시,신광명,2194,19,12,0,7
경기도,광명시,천왕,S205,9,9,0,0
경기도,광주시,곤지암,S226,12,10,0,2
경기도,광주시,성현,2561,15,13,0,2
경기도,광주시,오천,D308,8,4,2,2
경기도,광주시,오포,D305,12,4,0,8
경기도,광주시,초월,S202,7,4,2,1
경기도,구리시,별내,D546,12,6,0,6
경기도,구리시,진건,D300,8,4,0,4
경기도,군포시,남군포,D333,10,9,1,0
경기도,군포시,산본,2665,8,6,2,0
경기도,군포시,서서울,2192,11,10,1,0
경기도,군포시,서서울#2,D280,10,6,4,0
경기도,군포시,의왕,2637,11,9,0,2
경기도,김포시,계양,S305,8,6,0,2
경기도,김포시,김포,SB06,8,4,3,1
경기도,김포시,소래,2569,8,4,0,4
경기도,김포시,신김포,D450,16,8,5,3
경기도,김포시,양곡,2170,7,6,1,0
경기도,김포시,양촌,SB09,9,8,0,1
경기도,김포시,장기,D318,6,4,2,0
경기도,김포시,통진,SB10,12,3,7,2
경기도,남양주시,내촌,D283,12,4,0,8
경기도,남양주시,덕소(SA),E381,10,10,0,0
경기도,남양주시,마석,S119,8,6,2,0
경기도,남양주시,미금(SA),E378,12,7,0,5
경기도,남양주시,별내,D546,12,6,0,6
경기도,남양주시,양정,2696,8,6,1,1
경기도,남양주시,진건,D300,8,4,0,4
경기도,남양주시,진접,S111,8,2,2,4
경기도,동두천시,동두천,2431,8,4,2,2
경기도,동두천시,신포천,D272,12,10,2,0
경기도,부천시,고강,SB07,8,5,3,0
경기도,부천시,도당,E004,8,5,3,0
경기도,부천시,부개,2535,8,6,0,2
경기도,부천시,부천,2176,11,11,1,-1
경기도,부천시,역곡,SB01,8,2,5,1
경기도,부천시,원미,S318,8,5,3,0
경기도,부천시,중동,2568,14,14,0,0
경기도,부천시,천왕,S205,9,9,0,0
경기도,부천시소사구,갈산,D278,11,7,4,0
경기도,부천시오정구,갈산,D278,11,7,4,0
경기도,부천시오정구,신부평,S321,18,10,2,6
경기도,부천시원미구,갈산,D278,11,7,4,0
경기도,부천시원미구,부천,2176,11,11,1,-1
경기도,성남시분당구,동판교,S231,12,9,0,3
경기도,성남시분당구,분당,2562,14,14,-6,6
경기도,성남시분당구,서판교,S232,8,6,1,1
경기도,성남시분당구,신성남,2750,11,11,0,0
경기도,성남시분당구,야탑,2814,7,4,0,3
경기도,성남시분당구,정자,S223,8,7,1,0
경기도,성남시분당구,죽전,S336,8,4,2,2
경기도,성남시수정구,동판교,S231,12,9,0,3
경기도,성남시수정구,산성,2155,8,6,0,2
경기도,성남시수정구,중원,S220,8,4,0,4
경기도,성남시중원구,산성,2155,8,6,0,2
경기도,성남시중원구,성현,2561,15,13,0,2
경기도,성남시중원구,야탑,2814,7,4,0,3
경기도,성남시중원구,중원,S220,8,4,0,4
경기도,수원시권선구,154kV 동수원(SA),E206,8,8,0,0
경기도,수원시권선구,봉담,D334,8,4,0,4
경기도,수원시권선구,서서울#2,D280,10,6,4,0
경기도,수원시권선구,서수원,2178,9,8,1,0
경기도,수원시권선구,호매실,D330,7,2,4,1
경기도,수원시영통구,154kV 동수원(SA),E206,8,8,0,0
경기도,수원시영통구,농서,S348,12,8,1,3
경기도,수원시영통구,이의,D322,12,9,1,2
경기도,수원시장안구,서서울#2,D280,10,6,4,0
경기도,수원시장안구,우만,2781,8,4,0,4
경기도,수원시장안구,율전,S308,9,9,0,0
경기도,수원시장안구,의왕,2637,11,9,0,2
경기도,수원시팔달구,154kV 동수원(SA),E206,8,8,0,0
경기도,수원시팔달구,서서울#2,D280,10,6,4,0
경기도,수원시팔달구,우만,2781,8,4,0,4
경기도,수원시팔달구,율전,S308,9,9,0,0
경기도,시흥시,남시화,S319,8,5,1,2
경기도,시흥시,남정왕,D325,8,8,0,0
경기도,시흥시,도림,D312,12,6,0,6
경기도,시흥시,동시화,S340,8,4,0,4
경기도,시흥시,북안산,D331,8,4,0,4
경기도,시흥시,서서울#2,D280,10,6,4,0
경기도,시흥시,서시화,E430,7,7,0,0
경기도,시흥시,서안양,S329,8,4,3,1
경기도,시흥시,소래,2569,8,4,0,4
경기도,시흥시,시화,2666,8,8,0,0
경기도,시흥시,시흥,2999,5,5,0,0
경기도,시흥시,신광명,2194,19,12,0,7
경기도,시흥시,신시흥#1,2720,4,4,0,0
경기도,시흥시,원곡,S339,12,4,0,8
경기도,시흥시,정왕,D477,8,2,4,2
경기도,시흥시,중시화,S331,8,4,4,0
경기도,안산시단원구,목내,K419,8,7,1,0
경기도,안산시단원구,반월,2193,10,8,0,2
경기도,안산시단원구,북안산,D331,8,4,0,4
경기도,안산시단원구,사강,2817,8,5,2,1
경기도,안산시단원구,성곡,S345,8,4,4,0
경기도,안산시단원구,성포,S309,8,5,2,1
경기도,안산시단원구,신시화,D453,10,5,3,2
경기도,안산시단원구,신안산,S328,8,7,1,0
경기도,안산시단원구,안산,2575,9,8,1,0
경기도,안산시단원구,원곡,S339,12,4,0,8
경기도,안산시상록구,남군포,D333,10,9,1,0
경기도,안산시상록구,남안산,S325,8,4,1,3
경기도,안산시상록구,북안산,D331,8,4,0,4
경기도,안산시상록구,서서울#2,D280,10,6,4,0
경기도,안산시상록구,성포,S309,8,5,2,1
경기도,안산시상록구,신안산,S328,8,7,1,0
경기도,안산시상록구,일동,2590,8,8,0,0
경기도,안성시,남안성,D504,6,2,0,4
경기도,안성시,삼죽,S349,12,3,2,7
경기도,안성시,서안성,D273,11,4,2,5
경기도,안성시,소사벌,D321,8,2,2,4
경기도,안성시,안성,2486,8,8,0,0
경기도,안양시동안구,관양,D486,8,6,0,2
경기도,안양시동안구,동안양,2438,7,7,0,0
경기도,안양시동안구,서서울,2192,11,10,1,0
경기도,안양시만안구,서서울#2,D280,10,6,4,0
경기도,안양시만안구,서안양,S329,8,4,3,1
경기도,안양시만안구,안양,2196,12,4,2,6
경기도,양주시,남면,D288,12,4,0,8
경기도,양주시,녹양,2810,6,4,0,2
경기도,양주시,덕계,S104,6,4,2,0
경기도,양주시,동두천,2431,8,4,2,2
경기도,양주시,백석,S132,6,6,0,0
경기도,양주시,송우,S110,4,4,0,0
경기도,양주시,신의정부,D487,12,8,4,0
경기도,양주시,신포천,D272,12,10,2,0
경기도,양주시,양주(SA),E383,14,12,0,2
경기도,양주시,옥정,D473,8,6,0,2
경기도,양평군,곤지암,S226,12,10,0,2
경기도,양평군,동서울,2197,13,9,0,4
경기도,양평군,서종,D290,8,4,0,4
경기도,양평군,용문(SA),S101,4,4,0,0
경기도,양평군,지제,S125,8,6,0,2
경기도,여주시,가남,S234,8,4,0,4
경기도,여주시,곤지암,S226,12,10,0,2
경기도,여주시,여주,2658,7,5,0,2
경기도,여주시,이천,2421,11,11,0,0
경기도,연천군,백학,D292,12,4,0,8
경기도,연천군,신포천,D272,12,10,2,0
경기도,연천군,전곡,S107,11,4,1,6
경기도,오산시,동탄,D335,8,4,0,4
경기도,오산시,병점,S330,12,6,1,5
경기도,오산시,삼미,S337,12,9,0,3
경기도,오산시,세교,S351,8,4,2,2
경기도,오산시,오산,2180,8,8,0,0
경기도,오산시,진위,S347,12,5,0,7
경기도,용인시기흥구,기흥,S342,7,4,2,1
경기도,용인시기흥구,농서,S348,12,8,1,3
경기도,용인시기흥구,동백,S334,8,5,0,3
경기도,용인시기흥구,마북,D323,12,6,4,2
경기도,용인시기흥구,북동탄,D503,8,8,0,0
경기도,용인시기흥구,신용인,2818,14,14,0,0
경기도,용인시기흥구,죽전,S336,8,4,2,2
경기도,용인시기흥구,흥덕,S344,12,2,3,7
경기도,용인시수지구,수지,S303,8,4,0,4
경기도,용인시수지구,신봉,D320,12,6,0,6
경기도,용인시수지구,죽전,S336,8,4,2,2
경기도,용인시처인구,곤지암,S226,12,10,0,2
경기도,용인시처인구,남사,S327,12,6,0,6
경기도,용인시처인구,덕성,D502,8,4,2,2
경기도,용인시처인구,동백,S334,8,5,0,3
경기도,용인시처인구,모현,S341,8,6,0,2
경기도,용인시처인구,삼죽,S349,12,3,2,7
경기도,용인시처인구,오천,D308,8,4,2,2
경기도,용인시처인구,용인,2050,8,8,0,0
경기도,의왕시,남군포,D333,10,9,1,0
경기도,의왕시,동안양,2438,7,7,0,0
경기도,의왕시,서서울,2192,11,10,1,0
경기도,의왕시,서수원,2178,9,8,1,0
경기도,의왕시,의왕,2637,11,9,0,2
경기도,의정부시,금오,S105,11,6,1,4
경기도,의정부시,녹양,2810,6,4,0,2
경기도,의정부시,신의정부,D487,12,8,4,0
경기도,의정부시,신포천,D272,12,10,2,0
경기도,의정부시,용현,D488,12,6,1,5
경기도,이천시,가남,S234,8,4,0,4
경기도,이천시,곤지암,S226,12,10,0,2
경기도,이천시,삼죽,S349,12,3,2,7
경기도,이천시,오천,D308,8,4,2,2
경기도,이천시,율현,S218,12,8,0,4
경기도,이천시,이천,2421,11,11,0,0
경기도,파주시,남면,D288,12,4,0,8
경기도,파주시,문발,S122,8,8,0,0
경기도,파주시,문산,2061,8,8,0,0
경기도,파주시,백석,S132,6,6,0,0
경기도,파주시,선유,S130,8,2,3,3
경기도,파주시,신덕은,S124,16,10,0,6
경기도,파주시,신파주,S136,16,6,8,2
경기도,파주시,용정,D474,8,4,0,4
경기도,파주시,월롱,D484,12,8,3,1
경기도,평택시,고덕,D279,15,11,0,4
경기도,평택시,동평택(SA),D517,8,2,2,4
경기도,평택시,만호,S350,12,6,0,6
경기도,평택시,소사벌,D321,8,2,2,4
경기도,평택시,오산,2180,8,8,0,0
경기도,평택시,원정,S302,12,5,0,7
경기도,평택시,진위,S347,12,5,0,7
경기도,평택시,청북,S338,11,8,2,1
경기도,평택시,추팔,S317,8,8,0,0
경기도,평택시,팽성,D982,12,2,2,8
경기도,평택시,평택,2182,12,12,0,0
경기도,평택시,포승,2579,8,6,0,2
경기도,포천시,내촌,D283,12,4,0,8
경기도,포천시,송우,S110,4,4,0,0
경기도,포천시,신포천,D272,12,10,2,0
경기도,포천시,용정,D474,8,4,0,4
경기도,포천시,운천,S108,8,6,0,2
경기도,포천시,포천,2566,0,0,0,0
경기도,하남시,가락,S206,7,7,0,0
경기도,하남시,강동,2654,9,8,0,1
경기도,하남시,동서울,2197,13,9,0,4
경기도,하남시,상일,D301,11,6,0,5
경기도,하남시,송파,2653,8,8,0,0
경기도,하남시,신장,2647,8,7,0,1
경기도,하남시,위례,D433,8,6,1,1
경기도,화성시,154kV 동수원(SA),E206,8,8,0,0
경기도,화성시,구문천,D326,12,5,0,7
경기도,화성시,남양,D329,12,4,0,8
경기도,화성시,동탄,D335,8,4,0,4
경기도,화성시,마도,E050,8,4,0,4
경기도,화성시,발안,S310,8,8,0,0
경기도,화성시,병점,S330,12,6,1,5
경기도,화성시,봉담,D334,8,4,0,4
경기도,화성시,북동탄,D503,8,8,0,0
경기도,화성시,사강,2817,8,5,2,1
경기도,화성시,삼미,S337,12,9,0,3
경기도,화성시,서서울#2,D280,10,6,4,0
경기도,화성시,수촌,D332,8,4,0,4
경기도,화성시,장덕,S332,7,5,2,0
경기도,화성시,향남,D467,8,4,0,4
경기도,화성시,화성,2780,10,10,0,0
경기도,화성시동탄구,신수원,S323,17,17,0,0
경기도,화성시만세구,화성,2780,10,10,0,0
경상남도,거제시,거제,2413,12,10,0,2
경상남도,거제시,신고성,2797,25,14,0,11
경상남도,거제시,아주(SA),S912,8,4,2,2
경상남도,거창군,거창,2798,8,4,0,4
경상남도,거창군,의령,S903,22,12,0,10
경상남도,고성군,고성,2992,8,4,0,4
경상남도,고성군,신고성,2797,25,14,0,11
경상남도,김해시,동읍,S915,12,6,0,6
경상남도,김해시,신김해,2360,26,20,0,6
경상남도,김해시,장유(SA),S909,8,4,0,4
경상남도,김해시,주촌(SA),D432,8,4,0,4
경상남도,김해시,진례(SA),E150,8,4,0,4
경상남도,김해시,진영,S910,11,9,0,2
경상남도,김해시,한림정,D496,12,4,0,8
경상남도,남해군,광양,2429,18,8,6,4
경상남도,남해군,남해,2379,6,2,2,2
경상남도,밀양시,밀양(SA),2737,8,4,0,4
경상남도,밀양시,수산,E065,12,4,0,8
경상남도,밀양시,신김해,2360,26,20,0,6
경상남도,밀양시,신마산,2054,26,20,0,6
경상남도,밀양시,초동,2843,8,8,0,0
경상남도,사천시,사남(SA),S916,10,3,3,4
경상남도,사천시,사천(SA),2591,8,8,0,0
경상남도,사천시,신고성,2797,25,14,0,11
경상남도,사천시,하동(SA),2753,8,8,0,0
경상남도,산청군,산청,S913,8,2,2,4
경상남도,산청군,의령,S903,22,12,0,10
경상남도,양산시,물금,S824,8,6,0,2
경상남도,양산시,북부산,2393,17,9,2,6
경상남도,양산시,산막,2584,9,7,1,1
경상남도,양산시,서창,2467,11,5,1,5
경상남도,양산시,언양,2391,10,8,0,2
경상남도,양산시,호포,2792,8,5,1,2
경상남도,의령군,의령,S903,22,12,0,10
경상남도,진주시,개양(SA),2991,12,9,0,3
경상남도,진주시,동진주,E011,8,4,0,4
경상남도,진주시,사봉,D406,10,4,0,6
경상남도,진주시,신고성,2797,25,14,0,11
경상남도,진주시,의령,S903,22,12,0,10
경상남도,진주시,이현,S902,8,2,2,4
경상남도,진주시,진주,2376,8,5,3,0
경상남도,창녕군,신마산,2054,26,20,0,6
경상남도,창녕군,유가,2832,8,5,0,3
경상남도,창녕군,창녕,2441,6,6,0,0
경상남도,창원시마산합포구,서마산,2488,7,2,2,3
경상남도,창원시마산합포구,신마산,2054,26,20,0,6
경상남도,창원시마산회원구,마산,2355,9,4,0,5
경상남도,창원시마산회원구,수출,S904,8,4,0,4
경상남도,창원시마산회원구,신마산,2054,26,20,0,6
경상남도,창원시마산회원구,중리,S905,11,4,0,7
경상남도,창원시성산구,신김해,2360,26,20,0,6
경상남도,창원시성산구,신월,2740,7,4,0,3
경상남도,창원시성산구,안민,S914,12,6,0,6
경상남도,창원시성산구,완암,2546,8,8,0,0
경상남도,창원시성산구,월림,2777,12,7,2,3
경상남도,창원시성산구,창공,2749,12,8,0,4
경상남도,창원시성산구,창원,D281,24,15,1,8
경상남도,창원시의창구,동읍,S915,12,6,0,6
경상남도,창원시의창구,신김해,2360,26,20,0,6
경상남도,창원시의창구,신마산,2054,26,20,0,6
경상남도,창원시의창구,신월,2740,7,4,0,3
경상남도,창원시의창구,의창(SA),D409,8,4,0,4
경상남도,창원시의창구,차룡,S901,6,4,0,2
경상남도,창원시의창구,창공,2749,12,8,0,4
경상남도,창원시의창구,창원,D281,24,15,1,8
경상남도,창원시진해구,녹공,S822,9,6,3,0
경상남도,창원시진해구,마천(SA),2529,6,6,0,0
경상남도,창원시진해구,신김해,2360,26,20,0,6
경상남도,창원시진해구,신녹산,D274,10,10,0,0
경상남도,창원시진해구,진해(SA),2179,8,7,0,1
경상남도,통영시,신고성,2797,25,14,0,11
경상남도,통영시,안정,S908,8,8,0,0
경상남도,통영시,통영,2449,8,4,0,4
경상남도,하동군,광양,2429,18,8,6,4
경상남도,하동군,하동(SA),2753,8,8,0,0
경상남도,함안군,가야(SA),2552,10,8,2,0
경상남도,함안군,신마산,2054,26,20,0,6
경상남도,함안군,중리,S905,11,4,0,7
경상남도,함양군,의령,S903,22,12,0,10
경상남도,합천군,산청,S913,8,2,2,4
경상남도,합천군,쌍림,S729,9,4,0,5
경상남도,합천군,의령,S903,22,12,0,10
경상남도,합천군,합천,2385,8,6,0,2
경상북도,경산시,경산,D994,8,5,0,3
경상북도,경산시,신경산,2809,11,11,0,0
경상북도,경산시,와촌E/C,E217,8,4,0,4
경상북도,경산시,자인,S732,7,4,2,1
경상북도,경산시,진량,5389,8,3,5,0
경상북도,경주시,건천,D383,12,7,0,5
경상북도,경주시,경주(SA),E454,8,3,0,5
경상북도,경주시,신영일,S726,13,8,5,0
경상북도,경주시,아화,S721,8,6,1,1
경상북도,경주시,양북,S737,12,2,2,8
경상북도,경주시,왕신,E055,10,4,6,0
경상북도,경주시,외동,S702,8,4,1,3
경상북도,경주시,입실,D385,7,4,0,3
경상북도,경주시,천북SA,E418,8,8,0,0
경상북도,고령군,고령,S709,18,13,4,1
경상북도,고령군,다산,2644,5,4,0,1
경상북도,고령군,서구지SA,E390,8,6,1,1
경상북도,고령군,쌍림,S729,9,4,0,5
경상북도,구미시,고아,S707,8,6,0,2
경상북도,구미시,광평,S724,11,10,1,0
경상북도,구미시,구미,5427,14,12,2,0
경상북도,구미시,금전,S725,14,8,6,0
경상북도,구미시,남구미,5461,12,11,1,0
경상북도,구미시,도중,D997,8,5,1,2
경상북도,구미시,산동,D381,11,5,4,2
경상북도,구미시,선산,2735,24,16,4,4
경상북도,김천시,금릉,S723,8,6,2,0
경상북도,김천시,김천,5399,0,0,0,0
경상북도,김천시,농소,D388,8,4,0,4
경상북도,김천시,어모,D539,12,6,0,6
경상북도,문경시,문경,S734,10,2,8,0
경상북도,문경시,예천,2732,8,4,0,4
경상북도,문경시,점촌,2565,7,7,0,0
경상북도,봉화군,봉화,S718,8,6,1,1
경상북도,봉화군,영주(SA),E204,12,9,0,3
경상북도,상주시,상주,2726,12,6,4,2
경상북도,상주시,선산,2735,24,16,4,4
경상북도,상주시,점촌,2565,7,7,0,0
경상북도,상주시,청리,S736,12,5,2,5
경상북도,성주군,성주,2731,8,4,0,4
경상북도,성주군,아화,S721,8,6,1,1
경상북도,안동시,동안동,S715,6,5,0,1
경상북도,안동시,봉화,S718,8,6,1,1
경상북도,안동시,안동,5406,8,7,1,0
경상북도,안동시,풍산,D384,7,4,1,2
경상북도,영덕군,영덕,2747,12,7,4,1
경상북도,영양군,진보SA,E498,8,7,1,0
경상북도,영주시,신영주,2521,13,11,2,0
경상북도,영주시,쌍림,S729,9,4,0,5
경상북도,영주시,아화,S721,8,6,1,1
경상북도,영주시,영주(SA),E204,12,9,0,3
경상북도,영천시,금호,E032,12,4,0,8
경상북도,영천시,신경산,2809,11,11,0,0
경상북도,영천시,아화,S721,8,6,1,1
경상북도,영천시,영천(SA),E371,11,6,0,5
경상북도,영천시,와촌E/C,E217,8,4,0,4
경상북도,영천시,청통,S728,9,8,0,1
경상북도,예천군,예천,2732,8,4,0,4
경상북도,예천군,풍산,D384,7,4,1,2
경상북도,울진군,울진,2733,11,6,1,4
경상북도,의성군,동안동,S715,6,5,0,1
경상북도,의성군,선산,2735,24,16,4,4
경상북도,의성군,안계,S735,8,4,0,4
경상북도,청도군,대구,S743,18,8,0,10
경상북도,청도군,청도,2831,4,4,0,0
경상북도,칠곡군,남구미,5461,12,11,1,0
경상북도,칠곡군,북대구,S733,12,10,0,2
경상북도,칠곡군,서대구,5418,12,10,1,1
경상북도,칠곡군,왜관,D392,8,4,0,4
경상북도,칠곡군,칠곡,2694,9,5,1,3
경상북도,포항시남구,남포항,S717,6,4,0,2
경상북도,포항시남구,대송,S730,13,4,1,8
경상북도,포항시남구,상정,S705,8,5,2,1
경상북도,포항시남구,신포항,5217,16,9,6,1
경상북도,포항시남구,영일,2695,10,7,0,3
경상북도,포항시남구,흥해,D386,15,11,3,1
경상북도,포항시북구,남포항,S717,6,4,0,2
경상북도,포항시북구,북포항,2564,7,5,0,2
경상북도,포항시북구,신영일,S726,13,8,5,0
경상북도,포항시북구,청하,S710,10,6,4,0
경상북도,포항시북구,흥해,D386,15,11,3,1
대구광역시,군위군,군위,S704,8,4,4,0
대구광역시,군위군,산동,D381,11,5,4,2
대구광역시,군위군,선산,2735,24,16,4,4
대구광역시,남구,대구,S743,18,8,0,10
대구광역시,남구,봉덕,5245,7,6,1,0
대구광역시,달서구,강창,S706,8,8,0,0
대구광역시,달서구,고령,S709,18,13,4,1
대구광역시,달서구,다사,S738,12,5,0,7
대구광역시,달서구,달서,2746,0,0,0,0
대구광역시,달서구,달성,2520,8,8,0,0
대구광역시,달서구,대구,S743,18,8,0,10
대구광역시,달서구,두류,S727,8,4,1,3
대구광역시,달서구,상인(SA),2645,8,4,2,2
대구광역시,달서구,성서,2551,8,7,0,1
대구광역시,달서구,월배,D382,8,4,0,4
대구광역시,달성군,고령,S709,18,13,4,1
대구광역시,달성군,구지,S742,8,7,1,0
대구광역시,달성군,논공,2444,12,7,5,0
대구광역시,달성군,다사,S738,12,5,0,7
대구광역시,달성군,달성,2520,8,8,0,0
대구광역시,달성군,대구,S743,18,8,0,10
대구광역시,달성군,범물(SA),E488,8,6,2,0
대구광역시,달성군,서구지SA,E390,8,6,1,1
대구광역시,달성군,유가,2832,8,5,0,3
대구광역시,달성군,현풍(SA),D457,8,4,0,4
대구광역시,동구,공평,S716,10,4,0,6
대구광역시,동구,구암,S701,8,8,0,0
대구광역시,동구,대구,S743,18,8,0,10
대구광역시,동구,반야월,2445,11,4,4,3
대구광역시,동구,봉무,S744,12,4,0,8
대구광역시,동구,산격,2769,6,4,0,2
대구광역시,동구,신경산,2809,11,11,0,0
대구광역시,동구,안심,S708,8,6,0,2
대구광역시,동구,와촌E/C,E217,8,4,0,4
대구광역시,북구,검단,5295,8,4,0,4
대구광역시,북구,관음,2744,8,5,0,3
대구광역시,북구,구암,S701,8,8,0,0
대구광역시,북구,대구,S743,18,8,0,10
대구광역시,북구,산격,2769,6,4,0,2
대구광역시,북구,서침산,S722,4,2,2,0
대구광역시,북구,신경산,2809,11,11,0,0
대구광역시,서구,내당,5428,8,6,0,2
대구광역시,서구,대구,S743,18,8,0,10
대구광역시,서구,와룡,2833,4,4,0,0
대구광역시,수성구,남대구,5385,8,4,2,2
대구광역시,수성구,노변,2745,8,6,0,2
대구광역시,수성구,대구,S743,18,8,0,10
대구광역시,수성구,반야월,2445,11,4,4,3
대구광역시,수성구,범물(SA),E488,8,6,2,0
대구광역시,수성구,봉덕,5245,7,6,1,0
대구광역시,수성구,시지(SA),D456,8,4,0,4
대구광역시,수성구,신경산,2809,11,11,0,0
대구광역시,수성구,안심,S708,8,6,0,2
대구광역시,중구,내당,5428,8,6,0,2
대구광역시,중구,대구,S743,18,8,0,10
대구광역시,중구,동인,2540,6,6,0,0
대구광역시,중구,서침산,S722,4,2,2,0
대전광역시,대덕구,대화,2680,8,8,0,0
대전광역시,대덕구,세종,D452,18,10,0,8
대전광역시,대덕구,신옥천,2243,16,16,0,0
대전광역시,대덕구,신일,2743,8,8,-1,1
대전광역시,대덕구,신탄진,2205,10,6,2,2
대전광역시,대덕구,청양,2437,12,6,0,6
대전광역시,동구,남대전SA,E542,8,7,0,1
대전광역시,동구,동대전,2672,8,7,0,1
대전광역시,동구,신계룡,S519,16,10,0,6
대전광역시,동구,신옥천,2243,16,16,0,0
대전광역시,동구,신흥,S505,8,6,0,2
대전광역시,동구,용운,S529,8,4,0,4
대전광역시,서구,가수원,S502,8,5,0,3
대전광역시,서구,둔산,2673,8,5,0,3
대전광역시,서구,둔지,S524,8,3,0,5
대전광역시,서구,서대전,2203,8,5,0,3
대전광역시,서구,세종,D452,18,10,0,8
대전광역시,서구,신계룡,S519,16,10,0,6
대전광역시,서구,신옥천,2243,16,16,0,0
대전광역시,서구,청양,2437,12,6,0,6
대전광역시,유성구,대덕,2207,8,6,0,2
대전광역시,유성구,덕진,2671,12,10,0,2
대전광역시,유성구,둔곡,E227,8,5,0,3
대전광역시,유성구,세종,D452,18,10,0,8
대전광역시,유성구,송강,S525,8,4,3,1
대전광역시,유성구,신계룡,S519,16,10,0,6
대전광역시,유성구,신옥천,2243,16,16,0,0
대전광역시,유성구,유성,S504,8,5,0,3
대전광역시,유성구,청양,2437,12,6,0,6
대전광역시,중구,신계룡,S519,16,10,0,6
대전광역시,중구,신옥천,2243,16,16,0,0
대전광역시,중구,유천(SA),E395,8,3,0,5
부산광역시,강서구,녹공,S822,9,6,3,0
부산광역시,강서구,녹산,2803,9,8,2,-1
부산광역시,강서구,대저,E468,8,4,2,2
부산광역시,강서구,명지,D395,7,5,0,2
부산광역시,강서구,미음,E000,8,8,0,0
부산광역시,강서구,세산,E062,8,4,4,0
부산광역시,강서구,순아,E467,8,4,2,2
부산광역시,강서구,신녹산,D274,10,10,0,0
부산광역시,강서구,용원,D402,12,5,4,3
부산광역시,강서구,지사,S825,12,4,5,3
부산광역시,금정구,구서,2730,6,6,0,0
부산광역시,금정구,노포,D393,12,7,2,3
부산광역시,금정구,명장(SA),2336,8,6,0,2
부산광역시,금정구,명지,D395,7,5,0,2
부산광역시,금정구,신양산,2435,12,10,0,2
부산광역시,기장군,명례,E016,8,7,0,1
부산광역시,기장군,시랑,E060,5,4,0,1
부산광역시,기장군,신양산,2435,12,10,0,2
부산광역시,기장군,장안,E063,8,5,3,0
부산광역시,기장군,정관,S827,12,6,0,6
부산광역시,남구,대연,2341,8,8,0,0
부산광역시,남구,범일,S819,8,4,1,3
부산광역시,남구,신대연,D520,12,7,0,5
부산광역시,남구,용호,S804,8,5,1,2
부산광역시,동구,범일,S819,8,4,1,3
부산광역시,동구,부민,2748,5,4,1,0
부산광역시,동구,부산,2345,8,7,1,0
부산광역시,동구,서부산,2845,22,15,5,2
부산광역시,동구,수정,2996,6,6,0,0
부산광역시,동래구,동래,2697,6,4,1,1
부산광역시,동래구,명장(SA),2336,8,6,0,2
부산광역시,동래구,미남,2344,8,8,0,0
부산광역시,동래구,신양산,2435,12,10,0,2
부산광역시,동래구,연산,S826,12,4,0,8
부산광역시,부산진구,개금,2806,8,6,1,1
부산광역시,부산진구,미남,2344,8,8,0,0
부산광역시,부산진구,범일,S819,8,4,1,3
부산광역시,부산진구,서면,2997,7,7,0,0
부산광역시,부산진구,신대연,D520,12,7,0,5
부산광역시,부산진구,양정,2696,8,6,1,1
부산광역시,북구,구포,2793,8,7,1,0
부산광역시,북구,미남,2344,8,8,0,0
부산광역시,북구,북부산,2393,17,9,2,6
부산광역시,북구,호포,2792,8,5,1,2
부산광역시,사상구,개금,2806,8,6,1,1
부산광역시,사상구,덕포,S806,8,4,0,4
부산광역시,사상구,모라,2347,8,4,0,4
부산광역시,사상구,북부산,2393,17,9,2,6
부산광역시,사상구,엄궁,239A,8,6,1,1
부산광역시,사상구,학장,2335,8,5,2,1
부산광역시,사하구,다대,2795,8,5,2,1
부산광역시,사하구,부민,2748,5,4,1,0
부산광역시,사하구,서부산,2845,22,15,5,2
부산광역시,사하구,신평,2426,12,6,3,3
부산광역시,사하구,장림,S818,8,4,3,1
부산광역시,서구,부민,2748,5,4,1,0
부산광역시,서구,부산,2345,8,7,1,0
부산광역시,서구,서부산,2845,22,15,5,2
부산광역시,수영구,대연,2341,8,8,0,0
부산광역시,수영구,신양산,2435,12,10,0,2
부산광역시,수영구,우동,S802,7,5,1,1
부산광역시,연제구,미남,2344,8,8,0,0
부산광역시,연제구,신대연,D520,12,7,0,5
부산광역시,연제구,연산,S826,12,4,0,8
부산광역시,영도구,서부산,2845,22,15,5,2
부산광역시,영도구,영도,2333,6,3,2,1
부산광역시,중구,서부산,2845,22,15,5,2
부산광역시,해운대구,명장(SA),2336,8,6,0,2
부산광역시,해운대구,수영,2698,8,5,1,2
부산광역시,해운대구,시랑,E060,5,4,0,1
부산광역시,해운대구,신양산,2435,12,10,0,2
부산광역시,해운대구,연산,S826,12,4,0,8
부산광역시,해운대구,우동,S802,7,5,1,1
부산광역시,해운대구,정보,S821,12,3,0,9
부산광역시,해운대구,좌동(SA),2796,8,4,4,0
서울특별시,강남구,논현,S215,6,6,0,0
서울특별시,강남구,대치,2650,4,4,0,0
서울특별시,강남구,도곡,S217,8,2,2,4
서울특별시,강남구,동서울,2197,13,9,0,4
서울특별시,강남구,선릉,S201,11,6,0,5
서울특별시,강남구,수서,2779,8,8,0,0
서울특별시,강남구,신사(SA),2813,8,7,0,1
서울특별시,강남구,역삼,S207,6,5,0,1
서울특별시,강남구,탄천,D434,10,6,2,2
서울특별시,강동구,강동,2654,9,8,0,1
서울특별시,강동구,동서울,2197,13,9,0,4
서울특별시,강동구,천호,S221,8,4,0,4
서울특별시,강북구,노원,2633,6,5,0,1
서울특별시,강북구,미아,2634,8,4,0,4
서울특별시,강북구,수유,D293,8,2,2,4
서울특별시,강북구,신의정부,D487,12,8,4,0
서울특별시,강서구,가양,2657,6,6,0,0
서울특별시,강서구,마곡,D303,8,5,2,1
서울특별시,강서구,신부평,S321,18,10,2,6
서울특별시,강서구,화곡,2171,11,8,3,0
서울특별시,관악구,봉천,S213,6,5,1,0
서울특별시,관악구,사당,2430,7,7,0,0
서울특별시,관악구,신길,2659,6,4,0,2
서울특별시,관악구,신림,S211,8,2,1,5
서울특별시,관악구,신문래,S216,18,9,2,7
서울특별시,광진구,광장,2049,6,6,0,0
서울특별시,광진구,구의,2799,8,4,0,4
서울특별시,광진구,동서울,2197,13,9,0,4
서울특별시,광진구,성동,2071,18,14,0,4
서울특별시,광진구,화양,2072,8,8,0,0
서울특별시,구로구,구로,2544,8,5,0,3
서울특별시,구로구,신광명,2194,19,12,0,7
서울특별시,구로구,신문래,S216,18,9,2,7
서울특별시,구로구,오류,2148,8,3,0,5
서울특별시,구로구,온수,2639,8,4,3,1
서울특별시,구로구,천왕,S205,9,9,0,0
서울특별시,금천구,가산,D437,0,0,0,0
서울특별시,금천구,구공,2159,11,11,0,0
서울특별시,금천구,대방,2157,8,4,0,4
서울특별시,금천구,독산,S214,6,6,0,0
서울특별시,금천구,시흥,2999,5,5,0,0
서울특별시,금천구,신광명,2194,19,12,0,7
서울특별시,노원구,노원,2633,6,5,0,1
서울특별시,노원구,상계,2632,8,7,0,1
서울특별시,노원구,신의정부,D487,12,8,4,0
서울특별시,노원구,중계,S121,8,2,1,5
서울특별시,도봉구,방학,D285,8,4,0,4
서울특별시,도봉구,신의정부,D487,12,8,4,0
서울특별시,도봉구,쌍문,2631,8,6,0,2
서울특별시,도봉구,창동,2778,8,7,0,1
서울특별시,동대문구,성동,2071,18,14,0,4
서울특별시,동대문구,신의정부,D487,12,8,4,0
서울특별시,동대문구,용두,D284,8,4,0,4
서울특별시,동대문구,종암,2064,4,3,0,1
서울특별시,동대문구,휘경,2641,8,6,0,2
서울특별시,동작구,노량진,2154,4,3,0,1
서울특별시,동작구,사당,2430,7,7,0,0
서울특별시,동작구,신광명,2194,19,12,0,7
서울특별시,동작구,신길,2659,6,4,0,2
서울특별시,동작구,신문래,S216,18,9,2,7
서울특별시,마포구,가양,2657,6,6,0,0
서울특별시,마포구,당인리,2022,6,6,0,0
서울특별시,마포구,등촌,S224,8,4,0,4
서울특별시,마포구,마곡,D303,8,5,2,1
서울특별시,마포구,마포,2040,7,3,3,1
서울특별시,마포구,상암,S114,8,8,0,0
서울특별시,마포구,신촌,2059,4,4,0,0
서울특별시,마포구,아현,S116,4,2,2,0
서울특별시,마포구,연대,S113,8,2,5,1
서울특별시,마포구,중부,2560,18,10,-1,9
서울특별시,마포구,화곡,2171,11,8,3,0
서울특별시,서대문구,서대문,S118,6,6,0,0
서울특별시,서대문구,수색,2036,8,6,0,2
서울특별시,서대문구,신촌,2059,4,4,0,0
서울특별시,서대문구,연대,S113,8,2,5,1
서울특별시,서대문구,은평SA,E376,8,7,0,1
서울특별시,서대문구,중부,2560,18,10,-1,9
서울특별시,서초구,개포,2656,8,7,0,1
서울특별시,서초구,교대,S209,8,5,0,3
서울특별시,서초구,논일,D302,8,6,0,2
서울특별시,서초구,반포,2652,5,4,0,1
서울특별시,서초구,사당,2430,7,7,0,0
서울특별시,서초구,서초,S219,7,3,0,4
서울특별시,서초구,수서,2779,8,8,0,0
서울특별시,서초구,신림,S211,8,2,1,5
서울특별시,서초구,신양재,S204,18,15,0,3
서울특별시,서초구,양지(SA),E407,6,2,4,0
서울특별시,서초구,염곡,S210,7,6,1,0
서울특별시,서초구,이수,S229,5,3,0,2
서울특별시,성동구,뚝도,2088,8,4,0,4
서울특별시,성동구,성동,2071,18,14,0,4
서울특별시,성동구,성수,S133,6,4,0,2
서울특별시,성동구,왕십리,S135,8,3,4,1
서울특별시,성동구,한남,S109,8,2,2,4
서울특별시,성북구,돈암,S117,8,3,0,5
서울특별시,성북구,미아,2634,8,4,0,4
서울특별시,성북구,성동,2071,18,14,0,4
서울특별시,성북구,신의정부,D487,12,8,4,0
서울특별시,성북구,안암,2812,8,8,0,0
서울특별시,성북구,종암,2064,4,3,0,1
서울특별시,송파구,가락,S206,7,7,0,0
서울특별시,송파구,강동,2654,9,8,0,1
서울특별시,송파구,동남,S228,9,4,1,4
서울특별시,송파구,동서울,2197,13,9,0,4
서울특별시,송파구,석촌,S227,9,4,0,5
서울특별시,송파구,송파,2653,8,8,0,0
서울특별시,송파구,수서,2779,8,8,0,0
서울특별시,송파구,잠실,2655,8,8,0,0
서울특별시,송파구,풍납,2638,6,4,0,2
서울특별시,양천구,목동,2487,9,9,0,0
서울특별시,양천구,신문래,S216,18,9,2,7
서울특별시,양천구,신정,S230,8,4,2,2
서울특별시,양천구,양천,S212,6,4,0,2
서울특별시,영등포구,노들,S203,6,2,2,2
서울특별시,영등포구,대림,S225,4,3,0,1
서울특별시,영등포구,목동,2487,9,9,0,0
서울특별시,영등포구,문래,2152,0,0,0,0
서울특별시,영등포구,신광명,2194,19,12,0,7
서울특별시,영등포구,신문래,S216,18,9,2,7
서울특별시,영등포구,양천,S212,6,4,0,2
서울특별시,영등포구,양평,2150,8,4,3,1
서울특별시,영등포구,여의,2158,6,4,0,2
서울특별시,영등포구,영오,S222,4,4,0,0
서울특별시,영등포구,의사당,S208,8,4,0,4
서울특별시,용산구,동빙고,2011,8,5,0,3
서울특별시,용산구,마포,2040,7,3,3,1
서울특별시,용산구,성동,2071,18,14,0,4
서울특별시,용산구,아현,S116,4,2,2,0
서울특별시,용산구,용산,2020,7,5,1,1
서울특별시,용산구,중부,2560,18,10,-1,9
서울특별시,용산구,한남,S109,8,2,2,4
서울특별시,은평구,녹번,S112,6,4,4,-2
서울특별시,은평구,수색,2036,8,6,0,2
서울특별시,은평구,은평SA,E376,8,7,0,1
서울특별시,은평구,중부,2560,18,10,-1,9
서울특별시,종로구,미아,2634,8,4,0,4
서울특별시,종로구,성동,2071,18,14,0,4
서울특별시,종로구,세종로,2029,5,5,0,0
서울특별시,종로구,옥인,2052,8,6,-3,5
서울특별시,종로구,운니,2621,5,5,-1,1
서울특별시,종로구,원남,2643,6,6,0,0
서울특별시,종로구,은평SA,E376,8,7,0,1
서울특별시,종로구,종로,S123,4,3,0,1
서울특별시,종로구,중부,2560,18,10,-1,9
서울특별시,종로구,흥인,2023,4,2,0,2
서울특별시,중구,방산,D291,8,4,0,4
서울특별시,중구,서소문,2622,8,7,0,1
서울특별시,중구,성동,2071,18,14,0,4
서울특별시,중구,순화,2755,7,4,1,2
서울특별시,중구,종로,S123,4,3,0,1
서울특별시,중구,중부,2560,18,10,-1,9
서울특별시,중구,중앙(SA),2642,3,3,0,0
서울특별시,중랑구,상봉,D286,8,7,0,1
서울특별시,중랑구,신내,S102,8,6,1,1
세종특별자치시,세종시,부강,S419,8,6,0,2
세종특별자치시,세종시,서세종,D455,8,6,2,0
세종특별자치시,세종시,세종,D452,18,10,0,8
세종특별자치시,세종시,월산,S517,8,6,0,2
세종특별자치시,세종시,전의,S501,8,7,0,1
세종특별자치시,세종시,조치원,2209,12,7,0,5
울산광역시,남구,남울산,E432,12,8,0,4
울산광역시,남구,두왕,E064,8,4,0,4
울산광역시,남구,매암,S817,8,7,1,0
울산광역시,남구,신울산,2388,27,23,0,4
울산광역시,남구,옥동,2646,10,4,2,4
울산광역시,남구,용연,2578,11,11,0,0
울산광역시,남구,울산,S814,15,15,0,0
울산광역시,동구,동울산,D277,21,6,1,14
울산광역시,동구,방어진,2587,8,8,0,0
울산광역시,동구,산하,D509,8,4,0,4
울산광역시,북구,동울산,D277,21,6,1,14
울산광역시,북구,매곡,D448,12,4,0,8
울산광역시,북구,방어진,2587,8,8,0,0
울산광역시,북구,북울산,S815,8,4,1,3
울산광역시,북구,산하,D509,8,4,0,4
울산광역시,북구,효문,2840,8,4,3,1
울산광역시,울주군,당월,D397,8,5,2,1
울산광역시,울주군,두왕,E064,8,4,0,4
울산광역시,울주군,명례,E016,8,7,0,1
울산광역시,울주군,반천,E001,8,5,0,3
울산광역시,울주군,신온산,S803,18,16,0,2
울산광역시,울주군,신울산,2388,27,23,0,4
울산광역시,울주군,언양,2391,10,8,0,2
울산광역시,울주군,온산,2392,9,9,0,0
울산광역시,울주군,울주,S801,15,12,0,3
울산광역시,울주군,웅촌,S816,11,6,0,5
울산광역시,울주군,장안,E063,8,5,3,0
울산광역시,울주군,직동,S805,8,4,0,4
울산광역시,중구,북울산,S815,8,4,1,3
울산광역시,중구,신울산,2388,27,23,0,4
울산광역시,중구,태화,D398,8,4,0,4
울산광역시,중구,효문,2840,8,4,3,1
인천광역시,강화군,강화,S322,6,4,2,0
인천광역시,강화군,서강화,D317,8,2,2,4
인천광역시,강화군,신경서,S307,13,12,1,0
인천광역시,계양구,계양,S305,8,6,0,2
인천광역시,계양구,신부평,S321,18,10,2,6
인천광역시,계양구,중동,2568,14,14,0,0
인천광역시,계양구,청천,SB08,5,4,1,0
인천광역시,남동구,고잔,D444,8,4,0,4
인천광역시,남동구,관교,S306,8,5,2,1
인천광역시,남동구,남동,2574,9,9,0,0
인천광역시,남동구,도림,D312,12,6,0,6
인천광역시,남동구,동춘,2819,8,6,2,0
인천광역시,남동구,만수,S324,8,7,0,1
인천광역시,남동구,소래,2569,8,4,0,4
인천광역시,남동구,신가좌,2167,14,12,2,0
인천광역시,남동구,신시흥#1,2720,4,4,0,0
인천광역시,남동구,오봉,SB04,12,8,0,4
인천광역시,남동구,주안,SB05,8,5,0,3
인천광역시,미추홀구,관교,S306,8,5,2,1
인천광역시,미추홀구,신가좌,2167,14,12,2,0
인천광역시,미추홀구,신현,2594,8,7,1,0
인천광역시,미추홀구,인천,2172,7,5,2,0
인천광역시,미추홀구,주안,SB05,8,5,0,3
인천광역시,미추홀구,학익,S301,8,4,0,4
인천광역시,부평구,갈산,D278,11,7,4,0
인천광역시,부평구,부개,2535,8,6,0,2
인천광역시,부평구,부흥,S320,8,6,0,2
인천광역시,부평구,신가좌,2167,14,12,2,0
인천광역시,부평구,신부평,S321,18,10,2,6
인천광역시,부평구,주안,SB05,8,5,0,3
인천광역시,부평구,청천,SB08,5,4,1,0
인천광역시,서해구,신가좌,2167,14,12,2,0
인천광역시,서해구,신경서,S307,13,12,1,0
인천광역시,연수구,남동,2574,9,9,0,0
인천광역시,연수구,동송도,D980,10,6,4,0
인천광역시,연수구,북송도,D309,8,4,2,2
인천광역시,연수구,송도,SB02,9,8,1,0
인천광역시,연수구,신가좌,2167,14,12,2,0
인천광역시,연수구,신시흥#1,2720,4,4,0,0
인천광역시,연수구,연수,2618,8,6,2,0
인천광역시,영종구,영종,S304,9,8,1,0
인천광역시,영종구,을왕,E514,8,3,3,2
인천광역시,영종구,중산,D311,8,2,3,3
인천광역시,옹진군,신경서,S307,13,12,1,0
전남광주통합특별시,강진군,강진SA,E212,12,9,3,0
전남광주통합특별시,강진군,신강진,5028,18,7,7,4
전남광주통합특별시,고흥군,고옥,E527,6,4,2,0
전남광주통합특별시,고흥군,고흥,S601,8,6,2,0
전남광주통합특별시,고흥군,광양,2429,18,8,6,4
전남광주통합특별시,고흥군,벌교,2739,8,6,2,0
전남광주통합특별시,곡성군,곡성,2690,12,8,4,0
전남광주통합특별시,곡성군,순창,E230,8,4,0,4
전남광주통합특별시,곡성군,승주,S623,9,8,1,0
전남광주통합특별시,곡성군,신광주,2483,18,11,1,6
전남광주통합특별시,곡성군,신화순,S616,20,10,10,0
전남광주통합특별시,광산구,154kV 비아SA,E296,8,7,0,1
전남광주통합특별시,광산구,덕림,E157,8,4,4,0
전남광주통합특별시,광산구,북광주,5180,8,4,0,4
전남광주통합특별시,광산구,송정,S636,8,5,2,1
전남광주통합특별시,광산구,수완,E087,8,5,2,1
전남광주통합특별시,광산구,신광주,2483,18,11,1,6
전남광주통합특별시,광산구,신화순,S616,20,10,10,0
전남광주통합특별시,광산구,평동SA,E439,12,9,1,2
전남광주통합특별시,광산구,하남,2681,14,11,3,0
전남광주통합특별시,광산구,흑석,S628,8,6,0,2
전남광주통합특별시,광양시,광양,2429,18,8,6,4
전남광주통합특별시,광양시,백운,S630,8,4,0,4
전남광주통합특별시,광양시,세풍,E051,9,4,5,0
전남광주통합특별시,광양시,태금,2443,8,8,0,0
전남광주통합특별시,광양시,하동(SA),2753,8,8,0,0
전남광주통합특별시,구례군,구례,S605,8,2,1,5
전남광주통합특별시,구례군,신광주,2483,18,11,1,6
전남광주통합특별시,나주시,154KV 나주,E233,12,11,1,0
전남광주통합특별시,나주시,금천,D368,8,4,4,0
전남광주통합특별시,나주시,신화순,S616,20,10,10,0
전남광주통합특별시,나주시,엄다,2775,8,6,2,0
전남광주통합특별시,나주시,왕곡,E131,8,5,2,1
전남광주통합특별시,남구,금천,D368,8,4,4,0
전남광주통합특별시,남구,남광주,5057,8,6,2,0
전남광주통합특별시,남구,매월,S619,8,4,0,4
전남광주통합특별시,남구,소태,S618,8,2,6,0
전남광주통합특별시,남구,신화순,S616,20,10,10,0
전남광주통합특별시,남구,충장,2682,8,6,0,2
전남광주통합특별시,담양군,계림,5056,15,11,4,0
전남광주통합특별시,담양군,담양,2774,12,5,1,6
전남광주통합특별시,담양군,신광주,2483,18,11,1,6
전남광주통합특별시,동구,계림,5056,15,11,4,0
전남광주통합특별시,동구,소태,S618,8,2,6,0
전남광주통합특별시,동구,신광주,2483,18,11,1,6
전남광주통합특별시,동구,신화순,S616,20,10,10,0
전남광주통합특별시,동구,충장,2682,8,6,0,2
전남광주통합특별시,목포시,목포,S635,8,4,1,3
전남광주통합특별시,목포시,북항,S603,9,5,4,0
전남광주통합특별시,목포시,신강진,5028,18,7,7,4
전남광주통합특별시,목포시,신화순,S616,20,10,10,0
전남광주통합특별시,무안군,남악,S629,8,4,4,0
전남광주통합특별시,무안군,목포,S635,8,4,1,3
전남광주통합특별시,무안군,신화순,S616,20,10,10,0
전남광주통합특별시,무안군,엄다,2775,8,6,2,0
전남광주통합특별시,무안군,운남,S621,10,6,4,0
전남광주통합특별시,보성군,광양,2429,18,8,6,4
전남광주통합특별시,보성군,벌교,2739,8,6,2,0
전남광주통합특별시,보성군,보성,S626,8,3,5,0
전남광주통합특별시,북구,154kV 비아SA,E296,8,7,0,1
전남광주통합특별시,북구,계림,5056,15,11,4,0
전남광주통합특별시,북구,담양,2774,12,5,1,6
전남광주통합특별시,북구,북광주,5180,8,4,0,4
전남광주통합특별시,북구,신광주,2483,18,11,1,6
전남광주통합특별시,북구,신화순,S616,20,10,10,0
전남광주통합특별시,북구,일곡,S617,10,8,2,0
전남광주통합특별시,북구,장성,S602,8,6,2,0
전남광주통합특별시,북구,충장,2682,8,6,0,2
전남광주통합특별시,서구,농성,E406,8,6,2,0
전남광주통합특별시,서구,매월,S619,8,4,0,4
전남광주통합특별시,서구,북광주,5180,8,4,0,4
전남광주통합특별시,서구,신광주,2483,18,11,1,6
전남광주통합특별시,서구,신화순,S616,20,10,10,0
전남광주통합특별시,서구,충장,2682,8,6,0,2
전남광주통합특별시,서구,화정,S624,8,4,1,3
전남광주통합특별시,순천시,광양,2429,18,8,6,4
전남광주통합특별시,순천시,구례,S605,8,2,1,5
전남광주통합특별시,순천시,백운,S630,8,4,0,4
전남광주통합특별시,순천시,서순천,S604,8,8,0,0
전남광주통합특별시,순천시,세풍,E051,9,4,5,0
전남광주통합특별시,순천시,순천,5186,8,6,2,0
전남광주통합특별시,순천시,승주,S623,9,8,1,0
전남광주통합특별시,순천시,율촌,S606,16,15,1,0
전남광주통합특별시,신안군,북항,S603,9,5,4,0
전남광주통합특별시,신안군,신강진,5028,18,7,7,4
전남광주통합특별시,신안군,신화순,S616,20,10,10,0
전남광주통합특별시,신안군,안좌 (154KV),D372,10,8,2,0
전남광주통합특별시,신안군,운남,S621,10,6,4,0
전남광주통합특별시,여수시,소라,S625,8,5,0,3
전남광주통합특별시,여수시,여수,2684,8,4,1,3
전남광주통합특별시,여수시,여천,5055,20,20,0,0
전남광주통합특별시,여수시,용성,S620,16,14,2,0
전남광주통합특별시,여수시,율촌,S606,16,15,1,0
전남광주통합특별시,여수시,화치,S627,15,14,1,0
전남광주통합특별시,영광군,신광주,2483,18,11,1,6
전남광주통합특별시,영광군,영광,5181,10,8,2,0
전남광주통합특별시,영광군,홍농,S615,4,4,0,0
전남광주통합특별시,영암군,남악,S629,8,4,4,0
전남광주통합특별시,영암군,대불,2689,12,10,2,0
전남광주통합특별시,영암군,삼호,D491,8,6,2,0
전남광주통합특별시,영암군,신강진,5028,18,7,7,4
전남광주통합특별시,영암군,영암,2583,12,6,2,4
전남광주통합특별시,완도군,고흥,S601,8,6,2,0
전남광주통합특별시,완도군,신강진,5028,18,7,7,4
전남광주통합특별시,완도군,완도,S607,8,2,6,0
전남광주통합특별시,장성군,덕림,E157,8,4,4,0
전남광주통합특별시,장성군,신광주,2483,18,11,1,6
전남광주통합특별시,장성군,장성,S602,8,6,2,0
전남광주통합특별시,장흥군,보성,S626,8,3,5,0
전남광주통합특별시,장흥군,신강진,5028,18,7,7,4
전남광주통합특별시,장흥군,장흥SA,E440,12,6,4,2
전남광주통합특별시,진도군,신강진,5028,18,7,7,4
전남광주통합특별시,진도군,진도,S608,9,6,3,0
전남광주통합특별시,함평군,덕림,E157,8,4,4,0
전남광주통합특별시,함평군,신화순,S616,20,10,10,0
전남광주통합특별시,함평군,엄다,2775,8,6,2,0
전남광주통합특별시,해남군,남창,5029,13,6,7,0
전남광주통합특별시,해남군,신강진,5028,18,7,7,4
전남광주통합특별시,해남군,해남,2687,13,7,6,0
전남광주통합특별시,해남군,화원,S637,11,10,1,0
전남광주통합특별시,화순군,신화순,S616,20,10,10,0
전남광주통합특별시,화순군,화순,2683,12,6,5,1
전북특별자치도,고창군,고창,2678,6,6,4,-4
전북특별자치도,고창군,서고창,D264,7,6,3,-2
전북특별자치도,고창군,신김제,2788,15,12,2,1
전북특별자치도,군산시,군공,2463,12,11,1,0
전북특별자치도,군산시,군산,2766,13,11,2,0
전북특별자치도,군산시,군장,SC03,12,9,3,0
전북특별자치도,군산시,동군산,2674,9,8,0,1
전북특별자치도,군산시,백산,D364,8,4,3,1
전북특별자치도,군산시,비응,D510,8,6,4,-2
전북특별자치도,군산시,새만금,D494,15,5,7,3
전북특별자치도,군산시,서군산,2274,9,4,0,5
전북특별자치도,군산시,소룡,D498,12,12,0,0
전북특별자치도,군산시,이리,2252,12,10,2,0
전북특별자치도,김제시,김제,2440,8,6,0,2
전북특별자치도,김제시,백산,D364,8,4,3,1
전북특별자치도,김제시,신김제,2788,15,12,2,1
전북특별자치도,김제시,정주SA,E216,11,7,1,3
전북특별자치도,남원시,신남원,2053,11,11,0,0
전북특별자치도,무주군,신김제,2788,15,12,2,1
전북특별자치도,부안군,신김제,2788,15,12,2,1
전북특별자치도,순창군,순창,E230,8,4,0,4
전북특별자치도,순창군,신광주,2483,18,11,1,6
전북특별자치도,완주군,남전주,2491,7,5,2,0
전북특별자치도,완주군,봉동,D362,8,4,0,4
전북특별자치도,완주군,북전주,2677,9,8,0,1
전북특별자치도,완주군,임실,2303,5,5,0,0
전북특별자치도,익산시,낭산,D431,8,4,0,4
전북특별자치도,익산시,영등,2825,8,8,0,0
전북특별자치도,익산시,이리,2252,12,10,2,0
전북특별자치도,익산시,팔봉,2609,8,8,0,0
전북특별자치도,임실군,신남원,2053,11,11,0,0
전북특별자치도,임실군,임실,2303,5,5,0,0
전북특별자치도,장수군,신김제,2788,15,12,2,1
전북특별자치도,장수군,장수,D361,12,2,6,4
전북특별자치도,전주시덕진구,서곡,SC02,8,7,0,1
전북특별자치도,전주시덕진구,신김제,2788,15,12,2,1
전북특별자치도,전주시덕진구,전주,2269,11,6,4,1
전북특별자치도,전주시덕진구,탄소(SA),E337,8,4,0,4
전북특별자치도,전주시덕진구,태평(SA),S503,6,4,0,2
전북특별자치도,전주시덕진구,팔봉,2609,8,8,0,0
전북특별자치도,전주시완산구,남전주,2491,7,5,2,0
전북특별자치도,전주시완산구,신김제,2788,15,12,2,1
전북특별자치도,전주시완산구,전주,2269,11,6,4,1
전북특별자치도,전주시완산구,태평(SA),S503,6,4,0,2
전북특별자치도,정읍시,신김제,2788,15,12,2,1
전북특별자치도,정읍시,정주SA,E216,11,7,1,3
전북특별자치도,진안군,신김제,2788,15,12,2,1
전북특별자치도,진안군,장수,D361,12,2,6,4
전북특별자치도,진안군,진안,SC01,6,4,0,2
제주특별자치도,서귀포시,성산,SA01,6,5,1,0
제주특별자치도,서귀포시,신서귀,2842,4,4,0,0
제주특별자치도,서귀포시,안덕,5965,7,7,0,0
제주특별자치도,서귀포시,조천,SA06,12,4,8,0
제주특별자치도,서귀포시,표선,SA08,12,5,5,2
제주특별자치도,서귀포시,한라,5964,7,5,1,1
제주특별자치도,서귀포시,한림,SA07,8,7,1,0
제주특별자치도,제주시,산지,SA05,5,2,1,2
제주특별자치도,제주시,성산,SA01,6,5,1,0
제주특별자치도,제주시,안덕,5965,7,7,0,0
제주특별자치도,제주시,제주,E054,8,3,2,3
제주특별자치도,제주시,조천,SA06,12,4,8,0
제주특별자치도,제주시,한림,SA07,8,7,1,0
충청남도,계룡시,두마,2512,8,4,0,4
충청남도,계룡시,신계룡,S519,16,10,0,6
충청남도,공주시,공주,2462,9,4,0,5
충청남도,공주시,신풍,2823,8,4,0,4
충청남도,공주시,청양,2437,12,6,0,6
충청남도,금산군,금산,2490,7,5,2,0
충청남도,금산군,신옥천,2243,16,16,0,0
충청남도,금산군,추부,D353,8,4,0,4
충청남도,논산시,논산,S521,8,6,0,2
충청남도,논산시,신계룡,S519,16,10,0,6
충청남도,논산시,은진,2200,12,6,0,6
충청남도,당진시,당진,2229,12,5,2,5
충청남도,당진시,북당진,E012,8,0,1,7
충청남도,당진시,석문,D521,8,5,3,0
충청남도,당진시,송악,2826,11,8,3,0
충청남도,당진시,신당진,2787,18,5,2,11
충청남도,당진시,신송산,E154,18,0,5,13
충청남도,당진시,태안,2675,10,6,2,2
충청남도,당진시,합덕,D990,8,6,1,1
충청남도,보령시,관창,2822,8,6,0,2
충청남도,보령시,청양,2437,12,6,0,6
충청남도,부여군,부여,2439,12,4,0,8
충청남도,부여군,신옥천,2243,16,16,0,0
충청남도,부여군,옥산,2824,8,6,0,2
충청남도,서산시,대산,2765,16,16,0,0
충청남도,서산시,서산,2044,12,10,-4,6
충청남도,서산시,성연,S522,7,5,2,0
충청남도,서산시,신당진,2787,18,5,2,11
충청남도,서산시,태안,2675,10,6,2,2
충청남도,서산시,해미,S530,8,2,4,2
충청남도,서천군,서천,E389,5,4,1,0
충청남도,서천군,신옥천,2243,16,16,0,0
충청남도,서천군,장항,2319,12,5,2,5
충청남도,아산시,둔포,S506,8,6,2,0
충청남도,아산시,석곡,D352,8,4,0,4
충청남도,아산시,신온양,S526,12,4,3,5
충청남도,아산시,신탕정,D282,16,14,2,0
충청남도,아산시,아산,2670,18,8,0,10
충청남도,아산시,인주,2764,7,6,0,1
충청남도,아산시,탕정,S516,12,11,1,0
충청남도,예산군,예산,2051,12,8,0,4
충청남도,예산군,응봉,D355,8,4,0,4
충청남도,예산군,태안,2675,10,6,2,2
충청남도,천안시동남구,동천안,S520,8,4,0,4
충청남도,천안시동남구,신진천,S422,17,15,2,0
충청남도,천안시동남구,아산,2670,18,8,0,10
충청남도,천안시동남구,천안,2724,8,6,2,0
충청남도,천안시동남구,풍세,D360,7,4,3,0
충청남도,천안시서북구,둔포,S506,8,6,2,0
충청남도,천안시서북구,불당,S507,8,6,2,0
충청남도,천안시서북구,서천안,2676,12,11,0,1
충청남도,천안시서북구,성거,2610,12,4,2,6
충청남도,천안시서북구,신온양,S526,12,4,3,5
충청남도,천안시서북구,신진천,S422,17,15,2,0
충청남도,천안시서북구,아산,2670,18,8,0,10
충청남도,천안시서북구,장재,S528,8,8,0,0
충청남도,천안시서북구,직산(SA),E399,8,4,4,0
충청남도,천안시서북구,천안,2724,8,6,2,0
충청남도,천안시서북구,한샘,S527,12,8,2,2
충청남도,청양군,신옥천,2243,16,16,0,0
충청남도,청양군,청양,2437,12,6,0,6
충청남도,태안군,안면,S523,8,4,3,1
충청남도,태안군,태안,2675,10,6,2,2
충청남도,홍성군,은하,D354,8,4,1,3
충청남도,홍성군,태안,2675,10,6,2,2
충청남도,홍성군,홍성,2489,12,8,2,2
충청북도,괴산군,괴산,D347,6,2,1,3
충청북도,괴산군,사리,2536,11,7,0,4
충청북도,괴산군,신충주,D275,16,16,0,0
충청북도,괴산군,장연,2700,6,4,1,1
충청북도,단양군,단양,4597,13,12,1,0
충청북도,단양군,신제천,2507,20,18,2,0
충청북도,보은군,보은,2611,7,3,2,2
충청북도,보은군,신옥천,2243,16,16,0,0
충청북도,영동군,신옥천,2243,16,16,0,0
충청북도,영동군,영동,2244,6,3,2,1
충청북도,옥천군,신옥천,2243,16,16,0,0
충청북도,옥천군,옥천,2727,8,8,0,0
충청북도,음성군,감곡,2815,8,8,0,0
충청북도,음성군,광혜원,2729,8,8,-2,2
충청북도,음성군,금왕,S403,7,7,0,0
충청북도,음성군,남음성,D986,8,4,1,3
충청북도,음성군,신진천,S422,17,15,2,0
충청북도,음성군,신충주,D275,16,16,0,0
충청북도,음성군,음성,2563,10,9,0,1
충청북도,제천시,신제천,2507,20,18,2,0
충청북도,제천시,왕암,S427,12,8,3,1
충청북도,제천시,제천,4596,7,4,0,3
충청북도,증평군,남청주,2508,20,20,0,0
충청북도,증평군,사리,2536,11,7,0,4
충청북도,진천군,광혜원,2729,8,8,-2,2
충청북도,진천군,덕산,D342,12,5,2,5
충청북도,진천군,신진천,S422,17,15,2,0
충청북도,진천군,오창,S420,8,8,-1,1
충청북도,진천군,진천,2527,8,8,-2,2
충청북도,청주시상당구,남청주,2508,20,20,0,0
충청북도,청주시상당구,사직,S406,8,4,2,2
충청북도,청주시상당구,율량,D341,7,4,2,1
충청북도,청주시상당구,청주,2725,12,10,-1,3
충청북도,청주시상당구,초정,S429,7,4,2,1
충청북도,청주시서원구,남청주,2508,20,20,0,0
충청북도,청주시서원구,사직,S406,8,4,2,2
충청북도,청주시서원구,죽림,S404,8,8,0,0
충청북도,청주시서원구,청주,2725,12,10,-1,3
충청북도,청주시청원구,남청주,2508,20,20,0,0
충청북도,청주시청원구,북청주,S441,12,12,-3,3
충청북도,청주시청원구,신진천,S422,17,15,2,0
충청북도,청주시청원구,오창,S420,8,8,-1,1
충청북도,청주시청원구,율량,D341,7,4,2,1
충청북도,청주시청원구,초정,S429,7,4,2,1
충청북도,청주시흥덕구,국사,D348,12,7,0,5
충청북도,청주시흥덕구,남청주,2508,20,20,0,0
충청북도,청주시흥덕구,봉명(SA),E416,8,8,0,0
충청북도,청주시흥덕구,북오송,D988,8,4,0,4
충청북도,청주시흥덕구,북청주,S441,12,12,-3,3
충청북도,청주시흥덕구,서청주,4569,7,7,0,0
충청북도,청주시흥덕구,신진천,S422,17,15,2,0
충청북도,청주시흥덕구,오송,S433,12,7,3,2
충청북도,충주시,감곡,2815,8,8,0,0
충청북도,충주시,북충주,D344,12,4,3,5
충청북도,충주시,신충주,D275,16,16,0,0
충청북도,충주시,음성,2563,10,9,0,1
충청북도,충주시,장연,2700,6,4,1,1
충청북도,충주시,충주,2446,11,9,0,2
충청북도,충주시,풍동,S405,7,4,0,3
