sido_cd,sgg_cd,변전소,지역본부,sido_nm,sgg_nm
11,440,중부,서울,서울특별시,마포구
11,380,중부,서울,서울특별시,은평구
11,410,중부,서울,서울특별시,서대문구
11,110,중부,서울,서울특별시,종로구
11,170,중부,서울,서울특별시,용산구
11,200,성동,서울,서울특별시,성동구
11,215,성동,서울,서울특별시,광진구
11,230,성동,서울,서울특별시,동대문구
11,260,성동,서울,서울특별시,중랑구
11,290,성동,서울,서울특별시,성북구
11,305,성동,서울,서울특별시,강북구
11,320,성동,서울,서울특별시,도봉구
11,350,성동,서울,서울특별시,노원구
11,560,신문래,남서울,서울특별시,영등포구
11,590,신문래,남서울,서울특별시,동작구
11,740,동서울,남서울,서울특별시,강동구
11,710,동서울,남서울,서울특별시,송파구
41,450,동서울,남서울,경기도,하남시
11,740,동서울#2,남서울,서울특별시,강동구
11,710,동서울#2,남서울,서울특별시,송파구
41,450,동서울#2,남서울,경기도,하남시
11,545,신광명,남서울,서울특별시,금천구
11,530,신광명,남서울,서울특별시,구로구
11,620,신광명,남서울,서울특별시,관악구
41,210,신광명,남서울,경기도,광명시
11,650,신양재,남서울,서울특별시,서초구
11,680,신양재,남서울,서울특별시,강남구
41,290,신양재,남서울,경기도,과천시
41,210,남광명,남서울,경기도,광명시
41,390,남광명,남서울,경기도,시흥시
11,530,신광명#2,남서울,서울특별시,구로구
41,210,신광명#2,남서울,경기도,광명시
11,740,신하남,남서울,서울특별시,강동구
11,710,신하남,남서울,서울특별시,송파구
41,450,신하남,남서울,경기도,하남시
11,560,신양평,남서울,서울특별시,영등포구
11,470,신양평,남서울,서울특별시,양천구
11,650,신서초,남서울,서울특별시,서초구
11,680,신서초,남서울,서울특별시,강남구
11,500,신부평,인천,서울특별시,강서구
11,470,신부평,인천,서울특별시,양천구
28,237,신부평,인천,인천광역시,부평구
28,245,신부평,인천,인천광역시,계양구
28,275,신부평,인천,인천광역시,서해구
41,192,신부평,인천,경기도,부천시원미구
41,196,신부평,인천,경기도,부천시오정구
11,470,갈산,인천,서울특별시,양천구
28,237,갈산,인천,인천광역시,부평구
28,245,갈산,인천,인천광역시,계양구
28,275,갈산,인천,인천광역시,서해구
28,200,갈산,인천,인천광역시,남동구
41,192,갈산,인천,경기도,부천시원미구
41,194,갈산,인천,경기도,부천시소사구
28,710,신김포,인천,인천광역시,강화군
28,290,신김포,인천,인천광역시,검단구
28,275,신김포,인천,인천광역시,서해구
28,155,신김포,인천,인천광역시,영종구
41,570,신김포,인천,경기도,김포시
28,275,신경서,인천,인천광역시,서해구
28,155,신경서,인천,인천광역시,영종구
28,710,신경서,인천,인천광역시,강화군
41,570,신경서,인천,경기도,김포시
28,237,신가좌,인천,인천광역시,부평구
28,245,신가좌,인천,인천광역시,계양구
28,275,신가좌,인천,인천광역시,서해구
28,177,신가좌,인천,인천광역시,미추홀구
28,125,신가좌,인천,인천광역시,제물포구
28,177,신시흥#1,인천,인천광역시,미추홀구
28,200,신시흥#1,인천,인천광역시,남동구
28,185,신시흥#1,인천,인천광역시,연수구
28,125,신시흥#1,인천,인천광역시,제물포구
41,390,신시흥#1,인천,경기도,시흥시
41,390,신시흥#2,인천,경기도,시흥시
41,390,신시화,인천,경기도,시흥시
28,275,가정,인천,인천광역시,서해구
28,185,신송도,인천,인천광역시,연수구
28,200,신송도,인천,인천광역시,남동구
41,570,신양촌,인천,경기도,김포시
41,150,신의정부,경기북부,경기도,의정부시
41,630,신의정부,경기북부,경기도,양주시
41,650,신의정부,경기북부,경기도,포천시
41,360,신의정부,경기북부,경기도,남양주시
11,380,양주,경기북부,서울특별시,은평구
41,630,양주,경기북부,경기도,양주시
41,150,양주,경기북부,경기도,의정부시
41,281,양주,경기북부,경기도,고양시덕양구
41,285,양주,경기북부,경기도,고양시일산동구
41,287,양주,경기북부,경기도,고양시일산서구
41,360,미금,경기북부,경기도,남양주시
41,310,미금,경기북부,경기도,구리시
41,150,미금,경기북부,경기도,의정부시
41,650,신포천,경기북부,경기도,포천시
41,250,신포천,경기북부,경기도,동두천시
41,630,신포천,경기북부,경기도,양주시
41,800,신포천,경기북부,경기도,연천군
41,480,신덕은,경기북부,경기도,파주시
41,281,신덕은,경기북부,경기도,고양시덕양구
41,285,신덕은,경기북부,경기도,고양시일산동구
41,287,신덕은,경기북부,경기도,고양시일산서구
41,480,신파주,경기북부,경기도,파주시
41,281,신파주,경기북부,경기도,고양시덕양구
41,285,신파주,경기북부,경기도,고양시일산동구
41,287,신파주,경기북부,경기도,고양시일산서구
41,630,신파주,경기북부,경기도,양주시
41,360,남양주,경기북부,경기도,남양주시
41,150,남양주,경기북부,경기도,의정부시
11,440,신고양,경기북부,서울특별시,마포구
41,281,신고양,경기북부,경기도,고양시덕양구
41,285,신고양,경기북부,경기도,고양시일산동구
41,287,신고양,경기북부,경기도,고양시일산서구
41,630,신고양,경기북부,경기도,양주시
41,630,신광적,경기북부,경기도,양주시
41,250,신광적,경기북부,경기도,동두천시
41,480,신광적,경기북부,경기도,파주시
41,480,신문산,경기북부,경기도,파주시
41,630,신문산,경기북부,경기도,양주시
41,220,고덕,경기,경기도,평택시
41,550,고덕,경기,경기도,안성시
41,550,서안성,경기,경기도,안성시
41,463,서안성,경기,경기도,용인시기흥구
41,465,서안성,경기,경기도,용인시수지구
41,461,서안성,경기,경기도,용인시처인구
41,220,고덕#2,경기,경기도,평택시
41,550,고덕#2,경기,경기도,안성시
41,410,서서울#1,경기,경기도,군포시
41,113,서서울#1,경기,경기도,수원시권선구
41,117,서서울#1,경기,경기도,수원시영통구
41,111,서서울#1,경기,경기도,수원시장안구
41,115,서서울#1,경기,경기도,수원시팔달구
41,273,신안산,경기,경기도,안산시단원구
41,271,신안산,경기,경기도,안산시상록구
41,410,서서울#2,경기,경기도,군포시
41,113,서서울#2,경기,경기도,수원시권선구
41,117,서서울#2,경기,경기도,수원시영통구
41,111,서서울#2,경기,경기도,수원시장안구
41,115,서서울#2,경기,경기도,수원시팔달구
41,463,곤지암,경기,경기도,용인시기흥구
41,465,곤지암,경기,경기도,용인시수지구
41,461,곤지암,경기,경기도,용인시처인구
41,500,곤지암,경기,경기도,이천시
41,610,곤지암,경기,경기도,광주시
41,135,신성남#1,경기,경기도,성남시분당구
41,131,신성남#1,경기,경기도,성남시수정구
41,133,신성남#1,경기,경기도,성남시중원구
41,290,신성남#1,경기,경기도,과천시
41,135,신성남#2,경기,경기도,성남시분당구
41,131,신성남#2,경기,경기도,성남시수정구
41,133,신성남#2,경기,경기도,성남시중원구
41,290,신성남#2,경기,경기도,과천시
41,590,신수원,경기,경기도,화성시
41,113,신수원,경기,경기도,수원시권선구
41,117,신수원,경기,경기도,수원시영통구
41,111,신수원,경기,경기도,수원시장안구
41,115,신수원,경기,경기도,수원시팔달구
41,463,신수원,경기,경기도,용인시기흥구
41,465,신수원,경기,경기도,용인시수지구
41,461,신수원,경기,경기도,용인시처인구
41,370,신수원,경기,경기도,오산시
41,463,신용인,경기,경기도,용인시기흥구
41,465,신용인,경기,경기도,용인시수지구
41,461,신용인,경기,경기도,용인시처인구
41,590,화성,경기,경기도,화성시
41,463,동용인,경기,경기도,용인시기흥구
41,465,동용인,경기,경기도,용인시수지구
41,461,동용인,경기,경기도,용인시처인구
41,463,신기흥,경기,경기도,용인시기흥구
41,465,신기흥,경기,경기도,용인시수지구
41,461,신기흥,경기,경기도,용인시처인구
41,590,신기흥,경기,경기도,화성시
41,463,서이동,경기,경기도,용인시기흥구
41,465,서이동,경기,경기도,용인시수지구
41,461,서이동,경기,경기도,용인시처인구
41,410,서서울#3,경기,경기도,군포시
41,113,서서울#3,경기,경기도,수원시권선구
41,117,서서울#3,경기,경기도,수원시영통구
41,111,서서울#3,경기,경기도,수원시장안구
41,115,서서울#3,경기,경기도,수원시팔달구
41,590,서화성,경기,경기도,화성시
41,463,신동탄,경기,경기도,용인시기흥구
41,465,신동탄,경기,경기도,용인시수지구
41,461,신동탄,경기,경기도,용인시처인구
41,590,신동탄,경기,경기도,화성시
41,113,신동탄,경기,경기도,수원시권선구
41,117,신동탄,경기,경기도,수원시영통구
41,111,신동탄,경기,경기도,수원시장안구
41,115,신동탄,경기,경기도,수원시팔달구
41,220,서평택,경기,경기도,평택시
41,220,고덕#3,경기,경기도,평택시
41,135,신판교,경기,경기도,성남시분당구
41,131,신판교,경기,경기도,성남시수정구
41,133,신판교,경기,경기도,성남시중원구
41,463,신오포,경기,경기도,용인시기흥구
41,465,신오포,경기,경기도,용인시수지구
41,461,신오포,경기,경기도,용인시처인구
41,610,신오포,경기,경기도,광주시
41,463,동이동,경기,경기도,용인시기흥구
41,465,동이동,경기,경기도,용인시수지구
41,461,동이동,경기,경기도,용인시처인구
51,210,신양양,강원,강원특별자치도,속초시
51,150,신양양,강원,강원특별자치도,강릉시
51,830,신양양,강원,강원특별자치도,양양군
51,810,신양양,강원,강원특별자치도,인제군
51,170,동해,강원,강원특별자치도,동해시
51,230,동해,강원,강원특별자치도,삼척시
51,150,안인,강원,강원특별자치도,강릉시
51,170,안인,강원,강원특별자치도,동해시
43,750,신진천,충북,충청북도,진천군
43,745,신진천,충북,충청북도,증평군
43,111,남청주,충북,충청북도,청주시상당구
43,112,남청주,충북,충청북도,청주시서원구
43,114,남청주,충북,충청북도,청주시청원구
43,113,남청주,충북,충청북도,청주시흥덕구
43,730,신옥천,충북,충청북도,옥천군
43,720,신옥천,충북,충청북도,보은군
43,740,신옥천,충북,충청북도,영동군
43,150,신제천,충북,충청북도,제천시
43,800,신제천,충북,충청북도,단양군
43,130,신충주,충북,충청북도,충주시
43,770,신충주,충북,충청북도,음성군
43,760,신충주,충북,충청북도,괴산군
43,111,신청주,충북,충청북도,청주시상당구
43,112,신청주,충북,충청북도,청주시서원구
43,114,신청주,충북,충청북도,청주시청원구
43,113,신청주,충북,충청북도,청주시흥덕구
44,131,아산,대전세종충남,충청남도,천안시동남구
44,133,아산,대전세종충남,충청남도,천안시서북구
44,200,아산,대전세종충남,충청남도,아산시
44,131,신온양,대전세종충남,충청남도,천안시동남구
44,133,신온양,대전세종충남,충청남도,천안시서북구
44,131,신탕정,대전세종충남,충청남도,천안시동남구
44,133,신탕정,대전세종충남,충청남도,천안시서북구
44,200,신탕정,대전세종충남,충청남도,아산시
44,270,신당진,대전세종충남,충청남도,당진시
44,270,신당진개폐소,대전세종충남,충청남도,당진시
44,250,신계룡,대전세종충남,충청남도,계룡시
44,230,신계룡,대전세종충남,충청남도,논산시
30,170,신계룡,대전세종충남,대전광역시,서구
30,200,신계룡,대전세종충남,대전광역시,유성구
44,790,청양,대전세종충남,충청남도,청양군
36,,세종,대전세종충남,세종특별자치시,
44,270,북당진,대전세종충남,충청남도,당진시
44,270,신송산,대전세종충남,충청남도,당진시
44,210,신성연,대전세종충남,충청남도,서산시
44,270,신석문,대전세종충남,충청남도,당진시
44,210,신대산,대전세종충남,충청남도,서산시
44,131,신천안,대전세종충남,충청남도,천안시동남구
44,133,신천안,대전세종충남,충청남도,천안시서북구
52,190,신남원,전북,전북특별자치도,남원시
52,750,신남원,전북,전북특별자치도,임실군
52,770,신남원,전북,전북특별자치도,순창군
52,740,신남원,전북,전북특별자치도,장수군
52,130,군산,전북,전북특별자치도,군산시
52,140,군산,전북,전북특별자치도,익산시
52,130,새만금,전북,전북특별자치도,군산시
52,210,신김제,전북,전북특별자치도,김제시
52,113,신김제,전북,전북특별자치도,전주시덕진구
52,111,신김제,전북,전북특별자치도,전주시완산구
52,180,신김제,전북,전북특별자치도,정읍시
52,800,신김제,전북,전북특별자치도,부안군
52,790,신김제,전북,전북특별자치도,고창군
52,710,신김제,전북,전북특별자치도,완주군
52,180,신고창,전북,전북특별자치도,정읍시
52,790,신고창,전북,전북특별자치도,고창군
52,190,신임실,전북,전북특별자치도,남원시
52,750,신임실,전북,전북특별자치도,임실군
52,770,신임실,전북,전북특별자치도,순창군
52,720,신임실,전북,전북특별자치도,진안군
52,180,신정읍,전북,전북특별자치도,정읍시
52,210,신정읍,전북,전북특별자치도,김제시
52,800,신정읍,전북,전북특별자치도,부안군
52,790,신정읍,전북,전북특별자치도,고창군
52,710,신정읍,전북,전북특별자치도,완주군
52,190,신장수,전북,전북특별자치도,남원시
52,740,신장수,전북,전북특별자치도,장수군
52,720,신장수,전북,전북특별자치도,진안군
52,730,신장수,전북,전북특별자치도,무주군
52,130,새만금#3,전북,전북특별자치도,군산시
12,130,광양,광주전남,전남광주통합특별시,여수시
12,190,광양,광주전남,전남광주통합특별시,광양시
12,150,광양,광주전남,전남광주통합특별시,순천시
12,740,광양,광주전남,전남광주통합특별시,고흥군
12,750,광양,광주전남,전남광주통합특별시,보성군
12,110,신강진,광주전남,전남광주통합특별시,목포시
12,860,신강진,광주전남,전남광주통합특별시,진도군
12,790,신강진,광주전남,전남광주통합특별시,해남군
12,780,신강진,광주전남,전남광주통합특별시,강진군
12,800,신강진,광주전남,전남광주통합특별시,영암군
12,770,신강진,광주전남,전남광주통합특별시,장흥군
12,870,신강진,광주전남,전남광주통합특별시,신안군
12,810,신강진,광주전남,전남광주통합특별시,무안군
12,850,신강진,광주전남,전남광주통합특별시,완도군
12,750,신강진,광주전남,전남광주통합특별시,보성군
12,300,신광주,광주전남,전남광주통합특별시,북구
12,330,신광주,광주전남,전남광주통합특별시,광산구
12,210,신광주,광주전남,전남광주통합특별시,동구
12,240,신광주,광주전남,전남광주통합특별시,서구
12,270,신광주,광주전남,전남광주통합특별시,남구
12,840,신광주,광주전남,전남광주통합특별시,장성군
12,710,신광주,광주전남,전남광주통합특별시,담양군
12,760,신광주,광주전남,전남광주통합특별시,화순군
12,720,신광주,광주전남,전남광주통합특별시,곡성군
12,730,신광주,광주전남,전남광주통합특별시,구례군
12,270,신화순,광주전남,전남광주통합특별시,남구
12,240,신화순,광주전남,전남광주통합특별시,서구
12,300,신화순,광주전남,전남광주통합특별시,북구
12,170,신화순,광주전남,전남광주통합특별시,나주시
12,150,신화순,광주전남,전남광주통합특별시,순천시
12,760,신화순,광주전남,전남광주통합특별시,화순군
12,800,신화순,광주전남,전남광주통합특별시,영암군
12,770,신화순,광주전남,전남광주통합특별시,장흥군
12,750,신화순,광주전남,전남광주통합특별시,보성군
12,300,신장성,광주전남,전남광주통합특별시,북구
12,330,신장성,광주전남,전남광주통합특별시,광산구
12,170,신장성,광주전남,전남광주통합특별시,나주시
12,830,신장성,광주전남,전남광주통합특별시,영광군
12,820,신장성,광주전남,전남광주통합특별시,함평군
12,840,신장성,광주전남,전남광주통합특별시,장성군
12,710,신장성,광주전남,전남광주통합특별시,담양군
12,810,신장성,광주전남,전남광주통합특별시,무안군
47,111,신영일,대구,경상북도,포항시남구
47,770,신영일,대구,경상북도,영덕군
47,113,신포항,대구,경상북도,포항시북구
47,130,신포항,대구,경상북도,경주시
27,290,고령,대구,대구광역시,달서구
27,710,고령,대구,대구광역시,달성군
47,830,고령,대구,경상북도,고령군
27,200,대구,대구,대구광역시,남구
27,260,대구,대구,대구광역시,수성구
27,110,대구,대구,대구광역시,중구
27,710,대구,대구,대구광역시,달성군
47,820,대구,대구,경상북도,청도군
27,230,북대구,대구,대구광역시,북구
27,290,북대구,대구,대구광역시,달서구
27,170,북대구,대구,대구광역시,서구
47,850,북대구,대구,경상북도,칠곡군
47,190,서대구,대구,경상북도,구미시
47,150,서대구,대구,경상북도,김천시
47,850,서대구,대구,경상북도,칠곡군
27,140,신경산,대구,대구광역시,동구
47,290,신경산,대구,경상북도,경산시
47,230,신경산,대구,경상북도,영천시
47,170,신영주,경북,경상북도,안동시
47,210,신영주,경북,경상북도,영주시
47,280,신영주,경북,경상북도,문경시
47,250,신영주,경북,경상북도,상주시
47,900,신영주,경북,경상북도,예천군
47,920,신영주,경북,경상북도,봉화군
47,930,신영주,경북,경상북도,울진군
47,750,신영주,경북,경상북도,청송군
47,760,신영주,경북,경상북도,영양군
27,720,선산,경북,대구광역시,군위군
47,190,선산,경북,경상북도,구미시
47,250,선산,경북,경상북도,상주시
47,730,선산,경북,경상북도,의성군
26,290,신대연,부산울산,부산광역시,남구
26,500,신대연,부산울산,부산광역시,수영구
26,350,신대연,부산울산,부산광역시,해운대구
26,230,신대연,부산울산,부산광역시,부산진구
26,470,신대연,부산울산,부산광역시,연제구
26,170,신대연,부산울산,부산광역시,동구
26,320,북부산,부산울산,부산광역시,북구
26,530,북부산,부산울산,부산광역시,사상구
26,440,북부산,부산울산,부산광역시,강서구
26,260,북부산,부산울산,부산광역시,동래구
48,330,북부산,부산울산,경상남도,양산시
48,250,북부산,부산울산,경상남도,김해시
31,140,신온산,부산울산,울산광역시,남구
31,710,신온산,부산울산,울산광역시,울주군
31,140,신울산,부산울산,울산광역시,남구
31,110,신울산,부산울산,울산광역시,중구
31,710,신울산,부산울산,울산광역시,울주군
31,140,남울산,부산울산,울산광역시,남구
31,710,남울산,부산울산,울산광역시,울주군
31,710,울주,부산울산,울산광역시,울주군
47,130,울주,부산울산,경상북도,경주시
31,200,동울산,부산울산,울산광역시,북구
31,170,동울산,부산울산,울산광역시,동구
47,130,동울산,부산울산,경상북도,경주시
26,410,신양산,부산울산,부산광역시,금정구
26,260,신양산,부산울산,부산광역시,동래구
26,470,신양산,부산울산,부산광역시,연제구
26,350,신양산,부산울산,부산광역시,해운대구
26,500,신양산,부산울산,부산광역시,수영구
26,710,신양산,부산울산,부산광역시,기장군
26,380,서부산,부산울산,부산광역시,사하구
26,530,서부산,부산울산,부산광역시,사상구
26,140,서부산,부산울산,부산광역시,서구
26,110,서부산,부산울산,부산광역시,중구
26,170,서부산,부산울산,부산광역시,동구
26,200,서부산,부산울산,부산광역시,영도구
26,440,신녹산,부산울산,부산광역시,강서구
48,129,신녹산,부산울산,경상남도,창원시진해구
48,250,신녹산,부산울산,경상남도,김해시
31,140,울산복합,부산울산,울산광역시,남구
26,440,신김해,경남,부산광역시,강서구
48,250,신김해,경남,경상남도,김해시
48,125,신김해,경남,경상남도,창원시마산합포구
48,127,신김해,경남,경상남도,창원시마산회원구
48,123,신김해,경남,경상남도,창원시성산구
48,121,신김해,경남,경상남도,창원시의창구
48,129,신김해,경남,경상남도,창원시진해구
48,123,창원,경남,경상남도,창원시성산구
48,125,신마산,경남,경상남도,창원시마산합포구
48,127,신마산,경남,경상남도,창원시마산회원구
48,123,신마산,경남,경상남도,창원시성산구
48,121,신마산,경남,경상남도,창원시의창구
48,129,신마산,경남,경상남도,창원시진해구
48,730,신마산,경남,경상남도,함안군
48,170,의령,경남,경상남도,진주시
48,870,의령,경남,경상남도,함양군
48,860,의령,경남,경상남도,산청군
48,720,의령,경남,경상남도,의령군
48,240,신고성,경남,경상남도,사천시
48,820,신고성,경남,경상남도,고성군
