시도코드,시도,시군구코드,시군구,읍면동코드,읍면동,변전소,변전소관리번호,기준연도,여유용량_2026,여유용량_2027,여유용량_2028,여유용량_2029,여유용량_2030,여유용량_2031,여유용량_2032,최소여유용량,6년후검토용량,기타
51,강원특별자치도,820,고성군,250,간성읍,간성,2699,2026,0,0,0,0,0,0,0,0,0.0,0
51,강원특별자치도,150,강릉시,113,강문동,강릉,2785,2026,0,0,0,0,305,1075,1075,0,0.0,0
51,강원특별자치도,820,강원특별자치도고성군,250,간성읍,고성알프스(건설중),E166,2026,0,0,0,0,0,0,0,0,42.0,0
51,강원특별자치도,770,정선군,253,고한읍,고한,S432,2026,0,0,0,0,0,0,0,0,0.0,2
51,강원특별자치도,130,원주시,105,개운동,남원주,2820,2026,0,0,0,0,570,580,580,0,39.0,0
51,강원특별자치도,110,춘천시,390,동내면,남춘천,2784,2026,0,0,0,0,0,0,0,0,0.0,0
51,강원특별자치도,230,삼척시,350,가곡면,도계,S440,2026,0,0,0,0,0,0,0,0,113.4,5
51,강원특별자치도,110,춘천시,350,서면,동면(건설중),E354,2026,0,0,0,0,0,0,445,0,0.0,0
51,강원특별자치도,780,철원군,360,원남면,동송(건설중),D296,2026,175,175,175,175,175,175,300,175,0.0,0
51,강원특별자치도,750,영월군,253,상동읍,동영월,S442,2026,0,0,0,0,0,300,405,0,58.8,1
51,강원특별자치도,130,원주시,117,반곡동,동원주,D345,2026,0,0,0,0,365,365,365,0,0.0,0
51,강원특별자치도,110,춘천시,310,동면,동춘천(건설중),E374,2026,0,0,0,0,0,0,0,0,0.0,0
51,강원특별자치도,150,강릉시,125,입암동,동해,2509,2026,0,0,0,0,0,980,980,0,0.0,0
51,강원특별자치도,170,동해시,115,구호동,동해T/P,S409,2026,0,25,25,25,25,25,425,0,0.0,0
51,강원특별자치도,730,횡성군,330,둔내면,둔내,D339,2026,0,0,0,0,260,360,370,0,99.0,0
51,강원특별자치도,130,원주시,250,문막읍,문막,2667,2026,0,0,0,0,570,1320,1320,0,0.0,0
51,강원특별자치도,150,강릉시,136,난곡동,북강릉,D338,2026,0,0,0,0,640,640,640,0,0.0,0
51,강원특별자치도,130,원주시,118,가현동,북원주,S435,2026,0,0,0,0,260,260,280,0,0.0,0
51,강원특별자치도,110,춘천시,380,북산면,북춘천,S436,2026,0,0,0,0,0,0,700,0,0.0,0
51,강원특별자치도,170,동해시,132,괴란동,북평,4363,2026,0,0,0,0,610,615,615,0,0.0,0
51,강원특별자치도,720,홍천군,250,홍천읍,북홍천(건설중),D343,2026,0,0,0,0,0,0,0,0,0.0,0
51,강원특별자치도,230,삼척시,107,갈천동,삼척,S418,2026,0,40,40,40,40,475,475,0,0.0,0
51,강원특별자치도,190,태백시,101,황지동,삼척G/P,D984,2026,0,0,0,0,0,610,610,0,0.0,0
51,강원특별자치도,230,삼척시,250,도계읍,삼척도계(건설중),E584,2026,0,0,0,0,0,1250,1650,0,138.6,0
51,강원특별자치도,720,홍천군,390,내면,상남,2554,2026,0,0,0,0,0,0,0,0,0.0,0
51,강원특별자치도,130,원주시,330,지정면,서원주,D464,2026,0,740,740,740,740,790,955,0,0.0,0
51,강원특별자치도,110,춘천시,123,퇴계동,서춘천(건설중),D463,2026,0,0,0,0,0,0,320,0,0.0,0
51,강원특별자치도,110,춘천시,340,남면,서홍천,D337,2026,0,0,0,0,0,0,0,0,0.0,0
51,강원특별자치도,110,춘천시,250,신북읍,소양HP(건설중),S439,2026,0,0,0,0,0,0,0,0,0.0,0
51,강원특별자치도,820,고성군,330,토성면,속초,2447,2026,0,0,0,0,0,0,0,0,0.0,0
51,강원특별자치도,770,정선군,350,임계면,신성은M1(건설중),E323,2026,0,0,0,0,0,405,920,0,296.2,2
51,강원특별자치도,210,속초시,101,영랑동,신양양,D440,2026,0,0,0,0,0,0,1500,0,0.0,1
51,강원특별자치도,130,원주시,350,부론면,신원주1(건설중),E831,2026,0,0,0,0,0,1220,1220,0,0.0,0
51,강원특별자치도,730,횡성군,250,횡성읍,신제천,2507,2026,0,0,0,0,0,1690,1845,0,0.0,0
51,강원특별자치도,800,양구군,340,남면,양구,S428,2026,0,0,0,0,0,0,0,0,90.0,0
51,강원특별자치도,830,양양군,350,강현면,양양,S401,2026,0,0,0,0,560,560,560,0,99.6,1
51,강원특별자치도,150,강릉시,340,강동면,영동T/P,S408,2026,0,0,0,0,0,0,0,0,0.0,1
51,강원특별자치도,750,영월군,340,남면,영월,S410,2026,0,0,0,0,0,0,0,0,23.106,10
51,강원특별자치도,750,영월군,250,영월읍,영월C/C S/Y,D465,2026,0,0,0,0,0,210,245,0,39.0,0
51,강원특별자치도,750,영월군,253,상동읍,영월에코윈드,E324,2026,0,0,0,0,0,380,405,0,60.0,0
51,강원특별자치도,150,강릉시,310,성산면,옥계(건설중),E047,2026,0,0,0,0,825,1330,1330,0,0.0,1
51,강원특별자치도,760,평창군,380,대관령면,올림픽,D983,2026,0,0,0,0,0,0,0,0,0.0,0
51,강원특별자치도,130,원주시,360,귀래면,원주,2506,2026,0,0,0,0,555,725,1030,0,0.0,0
51,강원특별자치도,110,춘천시,330,신동면,의암H/P,S413,2026,0,0,0,0,0,0,0,0,0.0,0
51,강원특별자치도,170,동해시,119,귀운동,이원,S425,2026,0,0,0,0,0,0,0,0,0.0,1
51,강원특별자치도,810,인제군,330,기린면,인제,S421,2026,0,0,0,0,0,0,0,0,0.0,0
51,강원특별자치도,770,정선군,350,임계면,임계(건설중),E323,2026,0,0,0,0,0,405,920,0,296.2,2
51,강원특별자치도,770,정선군,370,여량면,정선,S424,2026,0,0,0,0,0,300,415,0,45.3906,35
51,강원특별자치도,150,강릉시,360,사천면,주문진,S423,2026,0,0,0,0,0,0,0,0,0.0,0
51,강원특별자치도,760,평창군,330,대화면,주진,S434,2026,0,0,0,0,0,0,0,0,0.0,0
51,강원특별자치도,760,평창군,310,미탄면,주진#2(건설중),E829,2026,0,0,0,0,0,260,325,0,0.0,0
51,강원특별자치도,750,영월군,325,김삿갓면,주천,E229,2026,0,0,0,0,175,270,285,0,0.0,0
51,강원특별자치도,780,철원군,256,갈말읍,철원,2525,2026,0,0,0,0,0,0,0,0,0.0,0
51,강원특별자치도,110,춘천시,110,교동,춘천,4299,2026,0,0,0,0,0,0,0,0,0.0,0
51,강원특별자치도,110,춘천시,250,신북읍,춘천H/P,S414,2026,0,0,0,0,0,0,0,0,0.0,0
51,강원특별자치도,110,춘천시,320,동산면,춘천열병합S/Y,E118,2026,0,0,0,0,0,0,0,0,0.0,0
51,강원특별자치도,230,삼척시,116,하사미동,태백,2510,2026,0,0,0,0,0,0,0,0,147.6,2
51,강원특별자치도,230,삼척시,250,도계읍,태백#2(건설중),E830,2026,0,0,0,0,0,465,465,0,0.0,0
51,강원특별자치도,760,평창군,340,봉평면,평창,2553,2026,0,0,0,0,0,0,0,0,237.6,1
51,강원특별자치도,720,홍천군,340,남면,홍천,4257,2026,0,0,0,0,0,0,0,0,0.0,0
51,강원특별자치도,790,화천군,310,간동면,화천,S430,2026,0,0,0,0,225,610,890,0,0.0,0
51,강원특별자치도,790,화천군,330,상서면,화천#2(건설중),E828,2026,0,0,0,0,0,295,500,0,0.0,0
51,강원특별자치도,790,화천군,310,간동면,화천H/P,S415,2026,0,0,0,0,0,0,0,0,0.0,0
51,강원특별자치도,150,강릉시,320,왕산면,횡계,2821,2026,0,0,0,0,165,220,225,0,9.68,3
51,강원특별자치도,130,원주시,250,횡성읍,횡성,2783,2026,0,0,0,0,0,0,0,0,0.0,0
41,경기도,670,여주시,250,가남읍,가남,S234,2026,500,680,710,735,735,775,820,500,0.0,0
41,경기도,150,의정부시,105,용현동,가능(건설중),E812,2026,0,0,0,0,0,0,0,0,0.0,0
41,경기도,450,하남시,115,감이동,가락,S206,2026,525,525,640,640,640,645,645,525,0.0,0
41,경기도,820,가평군,250,가평읍,가평,2668,2026,0,0,370,370,435,470,470,0,0.0,0
41,경기도,192,부천시 원미구,101,원미동,갈산,D278,2026,0,0,0,0,0,0,0,0,0.0,0
41,경기도,450,하남시,104,광암동,강동,2654,2026,295,1070,1070,1070,1070,1070,1070,295,0.0,0
41,경기도,570,김포시,105,감정동,걸포(건설중),E568,2026,0,0,0,550,555,590,595,0,0.0,0
41,경기도,570,김포시,107,풍무동,계양,S305,2026,160,340,340,340,340,340,340,160,0.0,0
41,경기도,190,,121,고강동,고강,SB07,2026,765,825,825,825,825,845,875,765,0.0,0
41,경기도,220,평택시,330,고덕면,고덕,D279,2026,980,980,980,980,1005,1005,1015,980,0.0,0
41,경기도,461,용인시처인구,250,포곡읍,고림(건설중),E576,2026,1150,1160,1170,1175,1185,1190,1195,1150,0.0,0
41,경기도,281,고양시덕양구,118,관산동,고양,D543,2026,590,630,785,785,785,805,805,590,0.0,0
41,경기도,830,양평군,250,양평읍,곤지암,S226,2026,1260,1320,1320,1575,1935,1935,1935,1260,0.0,0
41,경기도,390,시흥시,112,과림동,과림(건설중),E757,2026,0,0,0,0,0,0,1310,0,0.0,0
41,경기도,290,과천시,103,갈현동,과천,2190,2026,0,0,0,0,0,0,0,0,0.0,0
41,경기도,173,안양시동안구,102,관양동,관양,D486,2026,320,320,320,320,320,320,750,320,0.0,0
41,경기도,210,광명시,101,광명동,광명,2550,2026,320,320,345,355,420,420,420,320,0.0,0
41,경기도,390,시흥시,122,물왕동,광석(건설중),D328,2026,590,630,635,635,635,635,635,590,0.0,0
41,경기도,210,광명시,108,옥길동,광일(건설중),E756,2026,0,0,0,0,0,0,1285,0,0.0,0
41,경기도,450,하남시,118,춘궁동,교산(건설중),E801,2026,0,0,0,0,0,0,0,0,0.0,0
41,경기도,310,구리시,104,교문동,구리(SA),2630,2026,0,0,0,0,0,0,0,0,0.0,0
41,경기도,590,화성시,400,양감면,구문천,D326,2026,640,640,1175,1175,1175,1175,1175,640,0.0,0
41,경기도,113,수원시권선구,129,오목천동,권선(건설중),E826,2026,0,0,630,630,635,640,790,0,0.0,0
41,경기도,370,오산시,107,금암동,금암,D461,2026,690,690,690,690,690,690,690,690,0.0,0
41,경기도,150,의정부시,109,금오동,금오,S105,2026,1000,1000,1000,1000,1000,1000,1000,1000,0.0,0
41,경기도,281,고양시덕양구,119,내유동,금촌,2811,2026,550,625,800,800,800,800,1060,550,0.0,0
41,경기도,463,용인시기흥구,107,공세동,기흥,S342,2026,1125,1125,1125,1125,1125,1125,1125,1125,0.0,0
41,경기도,570,김포시,105,감정동,김포,SB06,2026,505,820,820,820,830,860,860,505,0.0,0
41,경기도,210,광명시,107,가학동,남광명1(건설중),E403,2026,0,0,0,0,0,0,0,0,0.0,0
41,경기도,410,군포시,111,건건동,남군포,D333,2026,0,0,0,0,0,0,0,0,0.0,0
41,경기도,630,양주시,340,남면,남면,D288,2026,765,765,765,800,800,845,850,765,0.0,0
41,경기도,461,용인시처인구,259,남사읍,남사,S327,2026,900,900,900,900,900,900,900,900,39.0,0
41,경기도,113,수원시권선구,139,대황교동,남수원,2722,2026,610,610,760,760,760,760,765,610,0.0,0
41,경기도,390,시흥시,132,정왕동,남시화,S319,2026,830,830,830,830,830,830,830,830,0.0,0
41,경기도,271,안산시상록구,103,사동,남안산,S325,2026,965,965,965,965,965,965,965,965,0.0,0
41,경기도,550,안성시,126,가사동,남안성,D504,2026,465,465,465,475,480,480,535,465,0.0,0
41,경기도,590,화성시,320,비봉면,남양,D329,2026,985,990,990,1345,1345,1345,1350,985,19.8,0
41,경기도,360,남양주시,259,진건읍,남양주1(건설중),E760,2026,0,0,1250,1250,1250,1265,1290,0,0.0,0
41,경기도,390,시흥시,132,정왕동,남정왕,D325,2026,850,850,1090,1090,1090,1090,1090,850,0.0,0
41,경기도,820,가평군,330,상면,내촌,D283,2026,905,905,975,1070,1075,1075,1075,905,0.0,0
41,경기도,630,양주시,106,광사동,녹양,2810,2026,780,780,800,1210,1210,1215,1220,780,0.0,0
41,경기도,117,수원시영통구,107,망포동,농서,S348,2026,1330,1495,1495,1495,1495,1495,1495,1330,0.0,0
41,경기도,281,고양시덕양구,124,강매동,능곡,S103,2026,650,650,665,665,665,700,705,650,0.0,0
41,경기도,113,수원시권선구,127,평동,당수(건설중),E575,2026,0,1225,1225,1230,1235,1245,1725,0,0.0,0
41,경기도,285,고양시일산동구,106,백석동,대곡(건설중),E813,2026,0,0,0,0,0,1105,1105,0,0.0,0
41,경기도,630,양주시,116,덕계동,덕계,S104,2026,910,910,910,910,910,1080,1085,910,0.0,0
41,경기도,461,용인시처인구,256,이동읍,덕성,D502,2026,1180,1270,1270,1285,1285,1290,1295,1180,0.0,0
41,경기도,360,남양주시,106,삼패동,덕소,2629,2026,0,0,0,0,0,0,0,0,0.0,0
41,경기도,287,고양시일산서구,106,가좌동,덕이,D289,2026,605,615,750,770,785,845,855,605,0.0,0
41,경기도,190,,104,도당동,도당,E004,2026,560,560,605,615,615,615,620,560,0.0,1
41,경기도,390,시흥시,109,도창동,도림,D312,2026,970,970,1010,1010,1010,1010,1015,970,0.0,0
41,경기도,150,의정부시,103,장암동,도봉,2090,2026,0,0,0,0,0,0,0,0,0.0,0
41,경기도,220,평택시,106,도일동,도일(건설중),E580,2026,0,0,0,1225,1230,1240,1240,0,0.0,0
41,경기도,250,동두천시,105,걸산동,동두천,2431,2026,960,960,970,970,970,1020,1030,960,0.0,0
41,경기도,463,용인시기흥구,115,동백동,동백,S334,2026,425,425,425,425,425,425,1015,425,0.0,0
41,경기도,450,하남시,101,천현동,동서울,2197,2026,355,1950,2105,2105,2260,2260,2280,355,0.0,0
41,경기도,450,하남시,117,교산동,동서울#2,D416,2026,280,1700,1700,1700,1700,1700,1745,280,0.0,0
41,경기도,590,화성시,370,장안면,동송산,D516,2026,985,1000,1010,1075,1085,1230,1245,985,0.0,1
41,경기도,117,수원시영통구,101,매탄동,동수원#2(건설중),E815,2026,0,0,0,540,540,540,1710,0,0.0,0
41,경기도,390,시흥시,132,정왕동,동시화,S340,2026,825,825,825,825,825,825,825,825,0.0,0
41,경기도,173,안양시동안구,103,평촌동,동안양,2438,2026,0,0,0,0,0,0,0,0,0.0,0
41,경기도,370,오산시,102,부산동,동탄,D335,2026,1190,1200,1200,1235,1255,1270,1275,1190,0.0,0
41,경기도,135,성남시분당구,110,백현동,동판교,S231,2026,795,795,795,795,795,795,830,795,0.0,0
41,경기도,220,평택시,112,신장동,동평택(SA),D517,2026,785,785,785,805,835,860,1040,785,0.0,0
41,경기도,590,화성시,330,마도면,마도,E050,2026,1010,1010,1010,1010,1010,1190,1190,1010,0.0,0
41,경기도,463,용인시기흥구,102,구갈동,마북,D323,2026,830,875,875,875,875,875,1015,830,0.0,0
41,경기도,360,남양주시,340,수동면,마석,S119,2026,0,0,0,0,0,0,0,0,0.0,0
41,경기도,220,평택시,450,신평면,만호,S350,2026,830,830,830,845,865,895,915,830,0.0,0
41,경기도,461,용인시처인구,253,모현읍,모현,S341,2026,1215,1220,1220,1220,1220,1225,1230,1215,20.0,0
41,경기도,273,안산시단원구,106,목내동,목내,K419,2026,0,0,0,0,0,0,0,0,0.0,0
41,경기도,480,파주시,104,야동동,문발,S122,2026,0,0,0,0,0,0,0,0,29.65,0
41,경기도,480,파주시,250,문산읍,문산,2061,2026,610,610,610,610,610,610,1000,610,0.0,0
41,경기도,820,가평군,310,설악면,미금,2771,2026,0,0,785,815,985,990,990,0,0.0,0
41,경기도,273,안산시단원구,103,신길동,반월,2193,2026,785,785,785,785,785,785,785,785,0.0,0
41,경기도,590,화성시,400,양감면,발안,S310,2026,0,0,0,0,0,0,0,0,0.0,0
41,경기도,220,평택시,107,가재동,방여울,D327,2026,1080,1090,1090,1225,1230,1240,1240,1080,0.0,0
41,경기도,390,시흥시,123,산현동,배곧(건설중),E142,2026,0,0,1245,1375,1385,1395,1405,0,0.0,0
41,경기도,630,양주시,330,광적면,백석,S132,2026,1340,1340,1340,1340,1340,1340,1340,1340,0.0,0
41,경기도,800,연천군,340,미산면,백학,D292,2026,760,760,760,840,840,850,850,760,0.0,0
41,경기도,610,광주시,370,남한산성면,번천(건설중),E330,2026,1260,1260,1260,1275,1275,1285,1310,1260,0.0,0
41,경기도,310,구리시,101,갈매동,별내,D546,2026,0,0,0,0,0,0,0,0,0.0,0
41,경기도,370,오산시,118,능동,병점,S330,2026,1030,1430,1430,1430,1430,1450,1450,1030,0.0,0
41,경기도,113,수원시권선구,310,매송면,봉담,D334,2026,570,570,570,570,570,570,570,570,0.0,0
41,경기도,610,광주시,259,곤지암읍,봉현(건설중),E818,2026,0,0,0,1460,1470,1475,1495,0,0.0,0
41,경기도,190,,107,부개동,부개,2535,2026,650,895,895,895,895,895,895,650,0.0,0
41,경기도,500,이천시,253,부발읍,부발(건설중),E819,2026,0,1555,1555,1555,1555,1580,1580,0,0.0,0
41,경기도,190,,122,내동,부천,2176,2026,0,0,0,0,0,0,0,0,0.0,0
41,경기도,290,과천시,104,막계동,북과천(건설중),E566,2026,0,0,0,560,610,625,1040,0,0.0,0
41,경기도,463,용인시기흥구,108,고매동,북동탄,D503,2026,1105,2225,2235,2270,2270,2270,2270,1105,0.0,0
41,경기도,461,용인시처인구,259,남사읍,북리(건설중),E820,2026,0,0,0,1875,1905,1920,1925,0,0.0,0
41,경기도,390,시흥시,121,광석동,북시화,2723,2026,0,0,0,0,0,0,0,0,0.0,0
41,경기도,463,용인시기흥구,101,신갈동,북신갈(건설중),E821,2026,0,0,960,960,960,960,1370,0,0.0,0
41,경기도,390,시흥시,110,금이동,북안산,D331,2026,635,635,635,640,640,645,645,635,0.0,0
41,경기도,220,평택시,108,장안동,북장안,E332,2026,1160,1160,1280,1290,1300,1310,1310,1160,0.0,0
41,경기도,570,김포시,250,통진읍,북통진(건설중),E569,2026,380,500,560,560,565,565,570,380,0.0,0
41,경기도,220,평택시,107,가재동,북평택(건설중),D466,2026,385,385,385,400,420,435,700,385,0.0,0
41,경기도,220,평택시,370,현덕면,북현덕,E579,2026,1060,1060,1060,1060,1060,1060,1060,1060,0.0,0
41,경기도,135,성남시분당구,101,분당동,분당,2562,2026,0,0,0,0,0,0,0,0,0.0,0
41,경기도,590,화성시,350,서신면,사강,2817,2026,915,915,915,915,920,920,925,915,0.0,0
41,경기도,410,군포시,105,금정동,산본,2665,2026,0,0,0,0,0,0,0,0,0.0,0
41,경기도,590,화성시,103,금곡동,삼미,S337,2026,1175,1175,1175,1175,1175,1175,1175,1175,0.0,0
41,경기도,550,안성시,410,삼죽면,삼죽,S349,2026,560,560,560,565,565,565,570,560,0.0,0
41,경기도,450,하남시,110,풍산동,상일,D301,2026,300,650,650,650,650,925,930,300,0.0,1
41,경기도,173,안양시동안구,101,비산동,서서울,2192,2026,0,0,0,0,0,0,0,0,0.0,0
41,경기도,111,수원시장안구,129,파장동,서서울#2,D280,2026,1820,1820,1820,1820,1820,1820,1820,1820,0.0,0
41,경기도,113,수원시권선구,132,구운동,서수원,2178,2026,0,0,0,0,0,0,0,0,0.0,0
41,경기도,550,안성시,360,양성면,서안성,D273,2026,495,495,495,495,495,495,495,495,0.0,0
41,경기도,390,시흥시,125,논곡동,서안양,S329,2026,0,0,0,0,0,0,0,0,0.0,0
41,경기도,550,안성시,121,계동,서운,S333,2026,905,905,905,905,905,905,905,905,0.0,0
41,경기도,285,고양시일산동구,106,백석동,서일산(건설중),D476,2026,0,0,475,475,490,650,665,0,0.0,0
41,경기도,820,가평군,310,설악면,서종,D290,2026,550,550,550,550,550,550,550,550,0.0,0
41,경기도,220,평택시,320,서탄면,서탄(건설중),E822,2026,0,0,545,550,560,565,575,0,0.0,0
41,경기도,135,성남시분당구,122,대장동,서판교,S232,2026,870,870,870,870,870,870,905,870,0.0,0
41,경기도,820,가평군,310,설악면,서홍천,D337,2026,0,0,0,0,0,0,0,0,0.0,0
41,경기도,480,파주시,256,법원읍,선유,S130,2026,385,395,400,400,400,400,550,385,0.0,0
41,경기도,273,안산시단원구,104,성곡동,성곡,S345,2026,0,0,0,0,0,0,0,0,0.0,0
41,경기도,273,안산시단원구,101,고잔동,성포,S309,2026,1275,1275,1275,1275,1275,1275,1280,1275,0.0,0
41,경기도,610,광주시,106,목현동,성현,2561,2026,1395,1395,1395,1395,1395,1395,1400,1395,0.0,0
41,경기도,370,오산시,107,금암동,세교,S351,2026,1155,1155,1155,1155,1155,1155,1155,1155,0.0,0
41,경기도,570,김포시,109,구래동,소래,2569,2026,405,405,615,615,615,615,1640,405,0.0,0
41,경기도,550,안성시,250,공도읍,소사벌,D321,2026,1485,1490,1490,1490,1490,1490,1590,1485,0.0,0
41,경기도,591,화성시만세구,320,송산면,송산(건설중),E823,2026,0,0,0,0,0,810,2300,0,0.0,0
41,경기도,630,양주시,250,소흘읍,송우,S110,2026,900,900,900,900,900,910,910,900,0.0,0
41,경기도,220,평택시,131,장안동,송탄,2186,2026,0,0,0,0,0,0,0,0,0.0,0
41,경기도,450,하남시,114,감일동,송파,2653,2026,0,0,0,0,0,0,0,0,0.0,0
41,경기도,285,고양시일산동구,111,설문동,송포,2636,2026,0,0,0,0,0,405,405,0,0.0,0
41,경기도,465,용인시수지구,107,상현동,수지,S303,2026,385,385,385,385,385,385,385,385,0.0,0
41,경기도,590,화성시,256,우정읍,수촌,D332,2026,675,675,675,675,675,680,685,675,0.0,0
41,경기도,390,시흥시,132,정왕동,시화,2666,2026,0,0,0,0,0,0,0,0,0.0,0
41,경기도,210,광명시,105,노온사동,시흥,2999,2026,0,0,0,0,0,0,0,0,0.0,0
41,경기도,117,수원시영통구,105,영통동,신갈,2802,2026,0,0,0,0,0,0,0,0,0.0,0
41,경기도,390,시흥시,101,대야동,신광명,2194,2026,2200,2200,2200,2200,2200,2200,2200,2200,0.0,0
41,경기도,210,광명시,101,광명동,신광명#21(건설중),E151,2026,0,0,925,925,1305,1395,1590,0,0.0,0
41,경기도,570,김포시,109,구래동,신김포,D450,2026,1165,1750,1805,1810,1810,1810,1810,1165,0.0,0
41,경기도,285,고양시일산동구,101,식사동,신덕은,S124,2026,0,0,0,0,0,0,425,0,0.0,0
41,경기도,465,용인시수지구,104,고기동,신봉,D320,2026,390,390,390,390,390,390,390,390,0.0,0
41,경기도,196,부천시 오정구,101,오정동,신부평,S321,2026,2085,2085,2085,2085,2085,2085,2085,2085,0.0,0
41,경기도,135,성남시분당구,117,석운동,신성남,2750,2026,755,755,755,755,755,755,895,755,0.0,0
41,경기도,131,성남시수정구,101,신흥동,신성남#2,D276,2026,900,900,900,900,900,900,935,900,0.0,0
41,경기도,597,화성시동탄구,103,석우동,신수원,S323,2026,0,1980,1980,1980,1980,2015,2015,0,0.0,0
41,경기도,273,,104,,신시화,D453,2026,1420,1430,2160,2160,2160,2215,2215,1420,0.0,0
41,경기도,390,시흥시,103,방산동,신시흥#1,2720,2026,1415,1415,1415,1415,1415,1415,1420,1415,0.0,1
41,경기도,390,시흥시,108,매화동,신시흥#2,S346,2026,1345,1360,1430,1430,1430,1430,1440,1345,0.0,0
41,경기도,271,안산시상록구,101,일동,신안산,S328,2026,0,0,0,0,0,0,0,0,0.0,0
41,경기도,463,용인시기흥구,106,지곡동,신용인,2818,2026,565,565,565,565,565,565,565,565,0.0,0
41,경기도,150,의정부시,101,의정부동,신의정부,D487,2026,0,0,0,0,0,0,0,0,0.0,0
41,경기도,450,하남시,117,교산동,신장,2647,2026,370,750,750,750,1260,1260,1265,370,0.0,0
41,경기도,281,고양시덕양구,132,향동동,신파주,S136,2026,0,0,0,0,0,490,490,0,0.0,0
41,경기도,150,의정부시,108,자일동,신포천,D272,2026,0,0,0,0,0,0,0,0,0.0,1
41,경기도,670,여주시,250,가남읍,신해(건설중),E817,2026,0,0,0,760,760,765,770,0,0.0,0
41,경기도,273,안산시단원구,107,초지동,안산,2575,2026,0,0,0,0,0,0,0,0,0.0,0
41,경기도,550,안성시,420,고삼면,안성,2486,2026,0,0,0,0,0,0,0,0,0.0,0
41,경기도,171,안양시만안구,101,안양동,안양,2196,2026,0,0,0,0,0,0,0,0,0.0,0
41,경기도,430,의왕시,107,내손동,안양2C/C,D417,2026,0,0,0,975,975,975,1130,0,0.0,0
41,경기도,135,성남시분당구,107,야탑동,야탑,2814,2026,435,435,435,435,435,435,440,435,0.0,0
41,경기도,590,화성시,310,매송면,양감(건설중),E329,2026,0,0,755,755,760,760,770,0,0.0,0
41,경기도,570,김포시,256,양촌읍,양곡,2170,2026,625,625,630,635,650,660,760,625,0.0,0
41,경기도,360,남양주시,250,와부읍,양정,2696,2026,710,740,745,755,775,775,775,710,0.0,0
41,경기도,630,양주시,340,장흥면,양주,2613,2026,0,0,0,0,40,55,55,0,0.0,0
41,경기도,630,양주시,340,장흥면,양주(SA),E383,2026,0,0,0,0,0,695,695,0,0.0,0
41,경기도,570,김포시,340,대곶면,양촌,SB09,2026,0,190,190,190,190,190,190,0,0.0,0
41,경기도,670,여주시,110,가업동,여주,2658,2026,445,445,445,445,445,450,1135,445,0.0,0
41,경기도,190,,113,괴안동,역곡,SB01,2026,415,415,415,415,420,420,420,415,0.0,0
41,경기도,650,포천시,350,창수면,연일(건설중),E814,2026,0,0,0,0,0,1055,1055,0,0.0,0
41,경기도,370,오산시,106,가장동,오산,2180,2026,535,535,535,535,540,540,540,535,0.0,0
41,경기도,610,광주시,330,도척면,오천,D308,2026,530,530,530,530,535,535,535,530,0.0,0
41,경기도,610,광주시,113,목동,오포,D305,2026,1105,1105,1105,1105,1105,1105,1115,1105,0.0,0
41,경기도,630,양주시,115,고암동,옥정,D473,2026,965,970,975,975,975,975,975,965,0.0,0
41,경기도,591,화성시만세구,256,남양읍,온석(건설중),E824,2026,0,0,0,1375,1390,1720,1725,0,0.0,0
41,경기도,430,의왕시,111,초평동,왕송(건설중),E816,2026,0,0,0,0,0,0,1235,0,0.0,0
41,경기도,360,남양주시,259,진건읍,왕숙(건설중),E759,2026,0,0,1355,1355,1355,1355,1375,0,0.0,0
41,경기도,830,양평군,310,강상면,용문(SA),S101,2026,400,630,630,630,630,715,835,400,0.0,0
41,경기도,461,용인시처인구,106,고림동,용인,2050,2026,1285,1285,1285,1285,1285,1285,1285,1285,0.0,0
41,경기도,480,파주시,380,군내면,용정,D474,2026,905,905,905,960,960,965,980,905,0.0,0
41,경기도,150,의정부시,114,고산동,용현,D488,2026,0,0,0,0,0,0,0,0,0.0,0
41,경기도,111,수원시장안구,138,상광교동,우만,2781,2026,730,860,860,860,860,860,860,730,0.0,0
41,경기도,480,파주시,109,다율동,운정,E158,2026,655,655,655,675,695,1555,1555,655,0.0,0
41,경기도,480,파주시,119,서패동,운정#2(건설중),E811,2026,0,0,0,0,0,1175,1175,0,0.0,0
41,경기도,650,포천시,400,관인면,운천,S108,2026,945,945,945,1045,1045,1150,1150,945,0.0,0
41,경기도,390,시흥시,127,거모동,원곡,S339,2026,660,660,660,660,660,660,660,660,0.0,0
41,경기도,190,,109,상동,원미,S318,2026,0,0,0,0,0,0,0,0,0.0,0
41,경기도,220,평택시,256,포승읍,원정,S302,2026,495,495,495,495,495,495,495,495,0.0,0
41,경기도,281,고양시덕양구,115,선유동,원흥,D294,2026,0,0,1360,1360,1360,1605,1605,0,0.0,0
41,경기도,570,김포시,256,양촌읍,월곶(건설중),E141,2026,0,0,470,470,470,470,470,0,0.0,0
41,경기도,480,파주시,410,진서면,월롱,D484,2026,580,580,755,770,775,785,790,580,0.0,0
41,경기도,450,하남시,113,감북동,위례,D433,2026,255,255,255,260,260,260,265,255,0.0,0
41,경기도,220,평택시,259,청북읍,율북,E225,2026,665,665,665,665,665,665,1015,665,0.0,0
41,경기도,111,수원시장안구,135,송죽동,율전,S308,2026,630,630,630,630,630,630,1000,630,0.0,0
41,경기도,500,이천시,114,고담동,율현,S218,2026,1355,1355,1355,1515,1525,1525,1525,1355,0.0,0
41,경기도,630,양주시,310,은현면,은남(건설중),E810,2026,0,0,755,1235,1250,1250,1250,0,0.0,0
41,경기도,410,군포시,102,당정동,의왕,2637,2026,0,0,0,0,0,0,0,0,0.0,0
41,경기도,117,수원시영통구,103,이의동,이의,D322,2026,740,855,855,855,855,855,855,740,0.0,0
41,경기도,670,여주시,330,금사면,이천,2421,2026,1155,1535,1535,1535,1535,1580,1635,1155,0.0,0
41,경기도,271,안산시상록구,111,건건동,일동,2590,2026,0,0,0,0,0,0,0,0,0.0,0
41,경기도,281,고양시덕양구,116,내곡동,일산,2567,2026,420,420,580,580,580,580,580,420,0.0,0
41,경기도,570,김포시,103,운양동,장기,D318,2026,0,0,0,0,0,0,0,0,0.0,0
41,경기도,590,화성시,360,팔탄면,장덕,S332,2026,0,0,0,0,0,0,0,0,0.0,0
41,경기도,800,연천군,310,군남면,전곡,S107,2026,890,890,890,985,985,1070,1070,890,0.0,0
41,경기도,390,시흥시,131,월곶동,정왕,D477,2026,495,505,820,955,960,960,965,495,0.0,0
41,경기도,135,성남시분당구,112,궁내동,정자,S223,2026,0,0,0,0,0,0,0,0,0.0,0
41,경기도,135,성남시분당구,113,구미동,죽전,S336,2026,595,595,595,595,595,595,595,595,0.0,0
41,경기도,190,,122,내동,중동,2568,2026,0,0,0,0,0,0,0,0,0.0,0
41,경기도,370,오산시,115,서랑동,중동탄,D468,2026,1060,1070,1075,1245,1255,1270,1275,1060,0.0,0
41,경기도,390,시흥시,132,정왕동,중시화,S331,2026,840,840,840,840,840,840,840,840,0.0,0
41,경기도,131,성남시수정구,112,고등동,중원,S220,2026,705,705,705,705,705,705,705,705,0.0,0
41,경기도,281,고양시덕양구,106,성사동,지도,2635,2026,520,550,565,565,565,565,565,520,0.0,0
41,경기도,550,안성시,380,원곡면,지문(건설중),E825,2026,0,0,0,1110,1950,1950,1950,0,0.0,0
41,경기도,830,양평군,410,개군면,지제,S125,2026,1065,1120,1120,1120,1120,1120,1120,1065,0.0,0
41,경기도,310,구리시,102,사노동,진건,D300,2026,0,0,550,550,550,550,550,0,0.0,0
41,경기도,650,포천시,320,내촌면,진목(건설중),E809,2026,0,0,910,960,980,980,980,0,0.0,0
41,경기도,370,오산시,124,갈곶동,진위,S347,2026,1215,1215,1215,1215,1215,1240,1240,1215,0.0,0
41,경기도,360,남양주시,262,오남읍,진접,S111,2026,0,0,0,0,0,0,0,0,0.0,0
41,경기도,281,고양시덕양구,105,도내동,창릉(건설중),E808,2026,0,0,0,690,690,725,730,0,0.0,0
41,경기도,210,광명시,108,옥길동,천왕,S205,2026,930,930,930,930,1155,1155,1300,930,0.0,0
41,경기도,220,평택시,340,오성면,청북,S338,2026,1015,1015,1015,1015,1015,1015,1015,1015,0.0,0
41,경기도,610,광주시,259,곤지암읍,초월,S202,2026,1225,1225,1225,1225,1225,1230,1255,1225,0.0,0
41,경기도,550,안성시,360,양성면,추곡,E577,2026,1780,1780,1780,1780,1800,1800,1850,1780,19.825,0
41,경기도,220,평택시,115,군문동,추팔,S317,2026,580,580,580,590,590,590,600,580,0.0,0
41,경기도,570,김포시,340,대곶면,통진,SB10,2026,350,525,640,645,650,655,665,350,0.0,0
41,경기도,591,화성시만세구,340,팔탄면,팔탄(건설중),E827,2026,0,0,0,1295,1305,1660,1660,0,0.0,0
41,경기도,220,평택시,250,팽성읍,팽성,D982,2026,0,0,0,0,0,0,0,0,0.0,0
41,경기도,630,양주시,104,마전동,평내(건설중),E572,2026,1235,1235,1235,1240,1245,1260,1275,1235,0.0,0
41,경기도,173,안양시동안구,101,비산동,평촌,2589,2026,0,0,0,0,0,0,0,0,0.0,0
41,경기도,220,평택시,370,현덕면,포승,2579,2026,1140,1140,1140,1155,1175,1210,1215,1140,0.0,0
41,경기도,650,포천시,340,신북면,포천,2566,2026,1015,1015,1015,1105,1105,1110,1110,1015,0.0,0
41,경기도,210,광명시,103,하안동,학온(건설중),E758,2026,0,0,0,0,0,0,1965,0,0.0,0
41,경기도,570,김포시,256,양촌읍,학운(건설중),E515,2026,0,300,300,300,300,300,300,0,0.0,0
41,경기도,590,화성시,410,정남면,향남,D467,2026,590,590,590,590,595,595,1030,590,0.0,1
41,경기도,220,평택시,370,현덕면,현덕(건설중),E331,2026,0,0,0,0,0,1255,1270,0,0.0,0
41,경기도,360,남양주시,108,수석동,현저,2027,2026,460,495,565,565,580,585,585,460,0.0,0
41,경기도,113,수원시권선구,128,고색동,호매실,D330,2026,595,595,595,595,605,610,1440,595,0.0,0
41,경기도,287,고양시일산서구,108,법곳동,호수,D553,2026,510,515,800,800,800,840,850,510,0.0,0
41,경기도,590,화성시,140,새솔동,화성,2780,2026,1755,1755,1755,2235,2235,2235,2235,1755,0.0,0
41,경기도,360,남양주시,253,진접읍,회천,E328,2026,0,0,0,0,1190,1195,1205,0,0.0,0
41,경기도,463,용인시기흥구,111,영덕동,흥덕,S344,2026,440,440,440,440,440,440,960,440,0.0,0
41,경기도,220,평택시,330,고덕면,희곡,D472,2026,1255,1255,1300,1315,1335,1355,1365,1255,0.0,0
48,경상남도,730,함안군,320,군북면,가야(SA),2552,2026,0,0,0,750,770,785,785,0,0.0,0
48,경상남도,170,진주시,320,정촌면,개양(SA),2991,2026,0,0,0,0,0,0,595,0,0.0,0
48,경상남도,310,거제시,360,사등면,거제,2413,2026,0,0,0,0,0,0,315,0,0.0,0
48,경상남도,880,거창군,410,가북면,거창,2798,2026,0,0,110,110,110,115,265,0,0.0,0
48,경상남도,820,고성군,380,개천면,고성,2992,2026,0,0,0,0,0,0,65,0,0.0,0
48,경상남도,840,남해군,250,남해읍,광양,2429,2026,0,0,0,0,0,0,0,0,2565.5,2
48,경상남도,720,의령군,250,의령읍,구룡(>구룡SA로 이관),2844,2026,0,0,0,0,0,0,0,0,0.0,0
48,경상남도,730,함안군,340,대산면,군북(건설중),E341,2026,0,0,0,500,500,515,540,0,0.0,0
48,경상남도,850,하동군,370,진교면,금남(건설중),E604,2026,0,0,0,0,0,0,260,0,21.105,0
48,경상남도,250,김해시,116,강동,김해(SA),2395,2026,550,550,550,550,550,550,550,550,0.0,0
48,경상남도,840,남해군,370,고현면,남해,2379,2026,0,0,0,0,0,0,265,0,0.0,0
48,경상남도,121,창원시의창구,108,용동,내곡(건설중),D412,2026,0,290,290,290,1105,1110,1110,0,0.0,0
48,경상남도,129,창원시진해구,165,가주동,녹공,S822,2026,0,0,0,0,0,0,0,0,0.0,0
48,경상남도,121,창원시의창구,330,북면,동읍,S915,2026,470,510,510,510,515,520,520,470,0.0,0
48,경상남도,170,진주시,410,금산면,동진주,E011,2026,0,0,0,490,490,490,490,0,0.0,0
48,경상남도,127,창원시마산회원구,101,구암동,마산,2355,2026,345,785,790,830,830,830,830,345,0.0,0
48,경상남도,129,창원시진해구,152,수도동,마천(SA),2529,2026,985,985,985,985,990,995,1000,985,0.0,0
48,경상남도,250,김해시,360,상동면,매리,S823,2026,0,0,0,0,0,0,0,0,0.0,0
48,경상남도,330,양산시,110,교동,물금,S824,2026,810,840,840,840,840,840,840,810,0.0,0
48,경상남도,270,밀양시,310,부북면,밀양(SA),2737,2026,250,250,490,490,500,510,525,250,0.0,0
48,경상남도,330,양산시,101,다방동,북부산,2393,2026,860,860,895,945,965,970,975,860,0.0,0
48,경상남도,740,창녕군,400,도천면,북창녕(건설중),D490,2026,0,900,900,900,900,1135,1140,0,0.0,0
48,경상남도,240,사천시,310,내동면,사남(SA),S916,2026,0,0,0,0,0,0,575,0,0.0,0
48,경상남도,310,거제시,370,연초면,사등(건설중),E066,2026,0,0,0,0,0,0,315,0,0.0,0
48,경상남도,170,진주시,380,사봉면,사봉,D406,2026,0,0,0,495,495,495,495,0,0.0,0
48,경상남도,240,사천시,350,곤양면,사천(SA),2591,2026,0,0,0,0,0,0,0,0,0.0,0
48,경상남도,330,양산시,116,덕계동,산막,2584,2026,845,845,845,845,845,845,845,845,19.8,0
48,경상남도,860,산청군,340,금서면,산청,S913,2026,0,0,0,115,115,115,215,0,0.0,0
48,경상남도,250,김해시,107,삼계동,삼계(SA),2841,2026,0,0,0,0,0,0,0,0,0.0,0
48,경상남도,123,창원시성산구,106,남산동,삼정(SA),2039,2026,830,835,1555,1555,1560,1565,1570,830,0.0,0
48,경상남도,240,사천시,114,궁지동,삼천포,2738,2026,0,0,0,0,0,0,0,0,0.0,0
48,경상남도,125,창원시마산합포구,135,월포동,서마산,2488,2026,0,0,0,390,390,390,630,0,0.0,0
48,경상남도,330,양산시,116,덕계동,서창,2467,2026,0,0,0,0,0,5,530,0,0.0,0
48,경상남도,330,양산시,330,상북면,석계,E134,2026,510,510,510,510,510,510,510,510,0.0,0
48,경상남도,270,밀양시,250,삼랑진읍,수산,E065,2026,310,310,500,500,505,505,505,310,0.0,0
48,경상남도,127,창원시마산회원구,103,봉암동,수출,S904,2026,320,785,790,790,795,795,795,320,0.0,0
48,경상남도,220,통영시,360,한산면,신고성,2797,2026,0,0,0,0,0,0,1000,0,0.0,0
48,경상남도,129,창원시진해구,140,석동,신김해,2360,2026,0,0,0,0,0,0,0,0,0.0,0
48,경상남도,129,창원시진해구,150,남문동,신녹산,D274,2026,370,370,370,370,370,480,555,370,0.0,0
48,경상남도,125,창원시마산합포구,108,대외동,신마산,2054,2026,0,0,0,850,1280,1280,1280,0,0.0,0
48,경상남도,123,창원시성산구,130,사파동,신월,2740,2026,495,495,515,515,515,515,515,495,0.0,0
48,경상남도,890,합천군,380,덕곡면,쌍림,S729,2026,270,270,370,370,370,370,370,270,0.0,0
48,경상남도,310,거제시,103,두모동,아주(SA),S912,2026,0,0,0,0,0,0,315,0,0.0,0
48,경상남도,123,창원시성산구,131,가음동,안민,S914,2026,945,1015,1015,1015,1015,1015,1015,945,0.0,0
48,경상남도,220,통영시,340,광도면,안정,S908,2026,0,0,0,0,0,0,0,0,1.866,14
48,경상남도,330,양산시,110,교동,양산,2396,2026,530,625,625,665,665,700,700,530,0.0,0
48,경상남도,250,김해시,112,명법동,어방,S820,2026,620,620,620,620,640,640,670,620,0.0,0
48,경상남도,330,양산시,340,하북면,언양,2391,2026,0,0,0,0,0,60,940,0,0.0,0
48,경상남도,123,창원시성산구,114,완암동,완암,2546,2026,0,0,0,0,0,0,0,0,0.0,0
48,경상남도,123,창원시성산구,120,귀산동,월림,2777,2026,0,0,0,0,0,0,0,0,0.0,1
48,경상남도,740,창녕군,330,대합면,유가,2832,2026,1180,1180,1760,1825,1840,1865,1885,1180,0.0,0
48,경상남도,860,산청군,250,산청읍,의령,S903,2026,0,0,0,915,1495,1495,1495,0,0.0,0
48,경상남도,121,창원시의창구,105,도계동,의창(SA),D409,2026,330,850,850,850,870,870,880,330,0.0,0
48,경상남도,170,진주시,130,귀곡동,이현,S902,2026,0,0,0,0,670,670,670,0,0.0,0
48,경상남도,250,김해시,130,관동동,장유(SA),S909,2026,905,905,905,905,905,905,905,905,0.0,0
48,경상남도,250,김해시,127,신문동,주촌(SA),D432,2026,665,1015,1210,1210,1225,1225,1225,665,0.0,0
48,경상남도,127,창원시마산회원구,250,내서읍,중리,S905,2026,0,0,0,525,525,525,525,0,0.0,0
48,경상남도,125,창원시마산합포구,340,진전면,진동,2736,2026,0,0,0,0,0,0,0,0,0.0,0
48,경상남도,250,김해시,330,진례면,진례(SA),E150,2026,1000,1110,1115,1125,1125,1125,1130,1000,0.0,0
48,경상남도,250,김해시,250,진영읍,진영,S910,2026,1010,1090,1095,1195,1195,1205,1210,1010,0.0,0
48,경상남도,170,진주시,400,대곡면,진주,2376,2026,0,0,0,800,900,900,960,0,0.0,0
48,경상남도,129,창원시진해구,139,경화동,진해(SA),2179,2026,920,1010,1010,1010,1010,1010,1010,920,0.0,0
48,경상남도,121,창원시의창구,106,동정동,차룡,S901,2026,505,850,850,850,870,870,875,505,0.0,0
48,경상남도,123,창원시성산구,122,내동,창공,2749,2026,850,870,870,870,870,870,875,850,0.0,0
48,경상남도,740,창녕군,370,계성면,창녕,2441,2026,620,650,840,920,955,1255,1295,620,0.0,0
48,경상남도,121,창원시의창구,110,삼동동,창원,D281,2026,1450,1450,1815,1890,1890,1910,1975,1450,0.0,0
48,경상남도,123,창원시성산구,108,천선동,천선개폐소(SA),D408,2026,820,1000,1630,1650,1650,1680,1720,820,0.0,0
48,경상남도,270,밀양시,370,초동면,초동,2843,2026,0,0,0,0,0,0,0,0,0.0,0
48,경상남도,730,함안군,320,대산면,칠서,2776,2026,0,0,0,0,0,0,0,0,0.0,0
48,경상남도,220,통영시,117,도남동,통영,2449,2026,0,0,0,0,0,0,315,0,0.0,0
48,경상남도,240,사천시,360,곤명면,하동(SA),2753,2026,0,0,0,0,0,0,460,0,0.0,0
48,경상남도,250,김해시,340,한림면,한림정,D496,2026,570,570,570,570,575,575,590,570,0.0,0
48,경상남도,870,함양군,310,마천면,함양,2442,2026,0,0,105,110,115,115,340,0,0.0,0
48,경상남도,890,합천군,330,가야면,합천,2385,2026,0,0,115,115,115,115,370,0,0.0,1
48,경상남도,330,양산시,320,동면,호포,2792,2026,755,755,755,1035,1035,1035,1035,755,0.0,0
47,경상북도,130,경주시,256,건천읍,건천,D383,2026,510,510,510,510,510,510,510,510,0.0,1
47,경상북도,290,경산시,127,금강동,경산,D994,2026,975,980,980,985,990,995,1005,975,0.0,0
47,경상북도,230,영천시,380,고경면,고경(건설중),E595,2026,500,505,505,505,510,510,515,500,0.0,0
47,경상북도,830,고령군,360,우곡면,고령,S709,2026,970,990,1300,1300,1300,1300,1325,970,0.0,0
47,경상북도,190,구미시,330,도개면,고아,S707,2026,0,0,0,0,0,755,755,0,0.0,0
47,경상북도,190,구미시,113,공단동,광평,S724,2026,0,0,0,0,0,0,0,0,0.0,0
47,경상북도,190,구미시,253,고아읍,구미,5427,2026,0,0,0,0,0,0,0,0,0.0,0
47,경상북도,150,김천시,390,감천면,금릉,S723,2026,0,0,0,0,0,0,0,0,0.0,0
47,경상북도,190,구미시,130,금전동,금전,S725,2026,0,0,0,0,0,0,0,0,0.0,0
47,경상북도,230,영천시,119,괴연동,금호,E032,2026,495,495,495,495,495,495,495,495,0.0,0
47,경상북도,150,김천시,110,교동,김천,5399,2026,0,0,0,0,0,0,0,0,0.0,1
47,경상북도,190,구미시,113,공단동,남구미,5461,2026,0,0,0,0,0,0,0,0,0.0,0
47,경상북도,190,구미시,113,공단동,남인동,2734,2026,0,0,0,0,0,545,550,0,0.0,0
47,경상북도,111,포항시남구,253,연일읍,남포항,S717,2026,710,710,710,710,710,710,710,710,0.0,0
47,경상북도,150,김천시,340,남면,농소,D388,2026,820,820,820,840,855,880,890,820,0.0,0
47,경상북도,830,고령군,340,다산면,다산,2644,2026,1175,1175,1175,1175,1175,1175,1180,1175,0.0,0
47,경상북도,820,청도군,250,화양읍,대구,S743,2026,1490,2205,2320,2320,2335,2370,2400,1490,0.0,0
47,경상북도,111,포항시남구,310,대송면,대송,S730,2026,0,0,0,0,0,580,585,0,28.8,0
47,경상북도,190,구미시,256,산동읍,도중,D997,2026,0,0,0,0,0,135,150,0,20.0,0
47,경상북도,250,상주시,109,무양동,동상주개폐소,E226,2026,0,0,0,0,0,185,355,0,0.0,0
47,경상북도,170,안동시,390,길안면,동안동,S715,2026,0,0,0,0,0,295,345,0,0.0,0
47,경상북도,280,문경시,253,가은읍,문경,S734,2026,0,0,0,0,0,405,415,0,0.0,0
47,경상북도,920,봉화군,370,명호면,봉화,S718,2026,0,0,0,0,0,0,40,0,0.0,0
47,경상북도,920,봉화군,380,상운면,봉화#2(건설중),E600,2026,0,0,0,0,0,0,50,0,0.0,0
47,경상북도,830,고령군,320,운수면,북다산,E594,2026,730,730,1205,1210,1210,1210,1210,730,0.0,0
47,경상북도,850,칠곡군,250,왜관읍,북대구,S733,2026,1775,1775,1775,1780,1780,1780,1795,1775,0.0,0
47,경상북도,840,성주군,360,대가면,북성주(건설중),E339,2026,670,670,670,670,675,675,675,670,0.0,0
47,경상북도,113,포항시북구,102,장성동,북포항,2564,2026,0,0,0,0,0,0,0,0,0.0,0
47,경상북도,190,구미시,370,산동면,산동,D381,2026,0,0,0,0,0,100,110,0,0.0,0
47,경상북도,920,봉화군,390,석포면,삼척G/P,D984,2026,0,0,0,0,0,610,610,0,0.0,0
47,경상북도,111,포항시남구,250,구룡포읍,상정,S705,2026,0,0,0,0,0,0,0,0,86.8,1
47,경상북도,250,상주시,106,가장동,상주,2726,2026,0,0,0,0,0,265,265,0,0.0,0
47,경상북도,850,칠곡군,250,왜관읍,서대구,5418,2026,2425,2425,2425,2425,2445,2470,2520,2425,0.0,0
47,경상북도,113,포항시북구,310,신광면,서포항,E057,2026,1100,1100,1120,1125,1125,1130,1130,1100,33.36,1
47,경상북도,190,구미시,115,사곡동,선산,2735,2026,0,0,0,0,0,625,670,0,0.0,0
47,경상북도,840,성주군,340,가천면,성주,2731,2026,1135,1135,1135,1135,1135,1135,1145,1135,0.0,0
47,경상북도,290,경산시,101,삼남동,신경산,2809,2026,0,0,0,0,0,0,0,0,0.0,0
47,경상북도,130,경주시,104,성동동,신영일,S726,2026,0,0,0,0,0,0,0,0,43.4,3
47,경상북도,210,영주시,340,장수면,신영주,2521,2026,0,0,0,0,0,0,0,0,0.0,0
47,경상북도,111,포항시남구,101,상도동,신포항,5217,2026,0,0,0,0,0,2150,2125,0,60.0,2
47,경상북도,830,고령군,350,개진면,쌍림,S729,2026,270,270,370,370,370,370,370,270,0.0,0
47,경상북도,840,성주군,320,용암면,아화,S721,2026,760,760,760,760,760,760,760,760,49.6,0
47,경상북도,730,의성군,400,구천면,안계,S735,2026,0,0,0,0,0,25,25,0,0.0,0
47,경상북도,170,안동시,360,남후면,안동,5406,2026,0,0,0,0,0,0,0,0,0.0,1
47,경상북도,850,칠곡군,256,석적읍,약목(건설중),E056,2026,0,0,0,0,0,980,985,0,0.0,0
47,경상북도,130,경주시,250,감포읍,양북,S737,2026,0,0,0,0,0,540,540,0,0.0,0
47,경상북도,150,김천시,350,감문면,어모,D539,2026,495,495,495,500,500,500,510,495,0.0,0
47,경상북도,770,영덕군,310,강구면,영덕,2747,2026,0,0,0,0,0,0,650,0,49.0,2
47,경상북도,760,영양군,320,청기면,영양(건설중),E601,2026,0,0,0,0,0,0,75,0,127.0123,0
47,경상북도,111,포항시남구,310,대송면,영일,2695,2026,0,0,0,0,0,1315,1315,0,0.0,0
47,경상북도,210,영주시,380,단산면,영주(SA),E204,2026,0,0,0,0,0,0,35,0,0.0,1
47,경상북도,280,문경시,370,유천면,예천,2732,2026,0,0,0,0,0,270,620,0,0.0,0
47,경상북도,290,경산시,310,와촌면,와촌E/C,E217,2026,1125,1130,1135,1140,1145,1155,1160,1125,0.0,0
47,경상북도,130,경주시,340,강동면,왕신,E055,2026,0,0,0,0,0,0,0,0,15.0,1
47,경상북도,850,칠곡군,250,왜관읍,왜관,D392,2026,630,630,1105,1105,1110,1110,1110,630,0.0,0
47,경상북도,130,경주시,259,외동읍,외동,S702,2026,265,935,935,935,935,935,935,265,0.0,0
47,경상북도,930,울진군,320,근남면,울진,2733,2026,0,0,0,0,0,0,0,0,0.0,0
47,경상북도,730,의성군,360,가음면,의성,2577,2026,0,0,0,0,0,25,25,0,0.0,0
47,경상북도,190,구미시,105,구포동,인동,5298,2026,0,0,0,0,0,710,720,0,0.0,0
47,경상북도,130,경주시,315,문무대왕면,입실,D385,2026,0,0,0,0,0,290,290,0,0.0,0
47,경상북도,290,경산시,128,갑제동,자인,S732,2026,310,310,570,570,570,570,570,310,0.0,0
47,경상북도,280,문경시,109,공평동,점촌,2565,2026,0,0,0,0,0,250,490,0,0.0,0
47,경상북도,111,포항시남구,112,인덕동,죽정,D544,2026,0,0,0,0,0,290,295,0,145.6,0
47,경상북도,290,경산시,256,압량읍,진량,5389,2026,0,0,0,0,0,0,0,0,0.0,0
47,경상북도,760,영양군,350,석보면,진보,2791,2026,0,0,0,0,0,0,0,0,56.1,0
47,경상북도,820,청도군,310,각남면,청도,2831,2026,0,0,0,0,0,0,0,0,0.0,0
47,경상북도,250,상주시,118,거동동,청리,S736,2026,0,0,0,0,0,490,490,0,0.0,0
47,경상북도,230,영천시,310,청통면,청통,S728,2026,1220,1220,1220,1220,1220,1220,1220,1220,0.0,0
47,경상북도,113,포항시북구,340,기계면,청하,S710,2026,0,0,0,0,0,0,0,0,62.0,1
47,경상북도,850,칠곡군,330,가산면,칠곡,2694,2026,555,555,555,555,555,555,560,555,0.0,0
47,경상북도,930,울진군,320,근남면,평해,2045,2026,0,0,0,0,0,0,0,0,205.9769,1
47,경상북도,111,포항시남구,109,괴동동,포항,5419,2026,0,0,0,0,0,0,0,0,0.0,1
47,경상북도,210,영주시,310,이산면,풍기(건설중),D391,2026,0,0,0,0,0,260,665,0,0.0,0
47,경상북도,170,안동시,360,남후면,풍산,D384,2026,0,0,0,0,0,275,320,0,0.0,0
47,경상북도,900,예천군,310,용문면,풍천,E059,2026,0,0,0,0,0,265,265,0,0.0,0
47,경상북도,290,경산시,250,하양읍,하양,S739,2026,1835,1880,1920,1920,1935,1950,1970,1835,0.0,0
47,경상북도,250,상주시,370,내서면,화동,E321,2026,0,0,0,0,0,320,325,0,0.0,0
47,경상북도,111,포항시남구,250,흥해읍,흥해,D386,2026,1095,1095,1590,1600,1650,1700,1700,1095,0.0,0
27,대구광역시,290,달서구,125,호산동,강창,S706,2026,0,0,0,0,0,0,0,0,0.0,0
27,대구광역시,230,북구,113,검단동,검단,5295,2026,370,370,555,575,575,575,575,370,0.0,0
27,대구광역시,290,달서구,104,파호동,고령,S709,2026,970,990,1300,1300,1300,1300,1325,970,0.0,0
27,대구광역시,710,달성군,259,유가읍,고옥(건설중),E155,2026,0,0,1620,1740,1765,1810,1820,0,0.0,0
27,대구광역시,140,동구,101,신암동,공평,S716,2026,310,310,310,310,310,310,310,310,0.0,0
27,대구광역시,230,북구,125,관음동,관음,2744,2026,1150,1150,1150,1150,1150,1150,1155,1150,0.0,0
27,대구광역시,140,동구,116,덕곡동,구암,S701,2026,0,0,0,0,0,0,0,0,0.0,0
27,대구광역시,710,달성군,380,구지면,구지,S742,2026,0,0,0,0,0,0,0,0,0.0,0
27,대구광역시,720,군위군,370,삼국유사면,군위,S704,2026,0,0,0,0,0,0,0,0,0.0,0
27,대구광역시,260,수성구,126,가천동,남대구,5385,2026,520,835,1190,1190,1190,1250,1255,520,0.0,0
27,대구광역시,170,서구,101,내당동,내당,5428,2026,470,470,470,470,470,485,490,470,0.0,0
27,대구광역시,260,수성구,115,매호동,노변,2745,2026,550,905,905,905,905,905,905,550,0.0,0
27,대구광역시,710,달성군,253,논공읍,논공,2444,2026,0,0,0,0,0,0,0,0,39.6,1
27,대구광역시,290,달서구,256,다사읍,다사,S738,2026,615,615,1150,1150,1150,1150,1150,615,0.0,0
27,대구광역시,290,달서구,108,갈산동,달서,2746,2026,610,610,610,615,615,615,615,610,0.0,0
27,대구광역시,290,달서구,250,화원읍,달성,2520,2026,0,0,0,0,0,0,0,0,0.0,0
27,대구광역시,170,서구,101,내당동,대구,S743,2026,1490,2205,2320,2320,2335,2370,2400,1490,0.0,0
27,대구광역시,710,달성군,310,가창면,동구지(건설중),E133,2026,0,675,675,685,700,715,720,0,0.0,0
27,대구광역시,110,중구,157,대봉동,동인,2540,2026,0,0,0,0,0,0,0,0,0.0,0
27,대구광역시,290,달서구,102,두류동,두류,S727,2026,285,285,285,290,290,310,310,285,0.0,0
27,대구광역시,710,달성군,250,화원읍,명곡,D390,2026,1095,1095,1095,1120,1120,1125,1125,1095,0.0,0
27,대구광역시,140,동구,123,각산동,반야월,2445,2026,575,575,655,655,655,655,655,575,0.0,0
27,대구광역시,200,남구,103,대명동,봉덕,5245,2026,0,0,0,0,0,0,0,0,0.0,0
27,대구광역시,140,동구,122,내동,봉무,S744,2026,1130,1130,1130,1130,1130,1130,1130,1130,0.0,0
27,대구광역시,140,동구,109,입석동,산격,2769,2026,455,455,575,575,580,580,585,455,0.0,0
27,대구광역시,720,군위군,310,소보면,산동,D381,2026,0,0,0,0,0,100,110,0,0.0,0
27,대구광역시,290,달서구,116,도원동,상인(SA),2645,2026,805,805,865,865,865,865,865,805,0.0,0
27,대구광역시,230,북구,109,노원동3가,서침산,S722,2026,0,0,0,0,0,0,0,0,0.0,0
27,대구광역시,720,군위군,250,군위읍,선산,2735,2026,0,0,0,0,0,625,670,0,0.0,0
27,대구광역시,290,달서구,126,용산동,성서,2551,2026,625,625,625,625,625,625,625,625,0.0,0
27,대구광역시,260,수성구,120,노변동,시지(SA),D456,2026,210,210,380,380,380,380,380,210,0.0,0
27,대구광역시,140,동구,142,중대동,신경산,2809,2026,0,0,0,0,0,0,0,0,0.0,0
27,대구광역시,710,달성군,259,유가읍,신달성1(건설중),E155,2026,0,0,1620,1740,1765,1810,1820,0,0.0,0
27,대구광역시,140,대구광역시동구,120,율암동,신서E/C,D389,2026,910,910,910,910,910,910,910,910,0.0,0
27,대구광역시,140,동구,112,둔산동,안심,S708,2026,510,510,585,585,585,585,585,510,0.0,0
27,대구광역시,170,서구,133,중리동,와룡,2833,2026,0,0,0,0,0,0,0,0,0.0,0
27,대구광역시,140,동구,310,와촌면,와촌E/C,E217,2026,1125,1130,1135,1140,1145,1155,1160,1125,0.0,0
27,대구광역시,290,달서구,124,본동,월배,D382,2026,375,480,480,480,480,480,490,375,19.8,1
27,대구광역시,710,달성군,259,유가읍,유가,2832,2026,1180,1180,1760,1825,1840,1865,1885,1180,0.0,0
27,대구광역시,230,북구,110,대현동,침산,5244,2026,430,430,570,575,575,575,580,430,0.0,0
27,대구광역시,230,북구,104,금호동,팔달,5498,2026,610,610,610,610,610,615,615,610,0.0,0
27,대구광역시,710,달성군,265,현풍읍,현풍(SA),D457,2026,1165,1170,1680,1800,1820,1850,1880,1165,0.0,0
27,대구광역시,140,동구,110,검사동,효목,2790,2026,495,765,765,765,765,765,765,495,0.0,0
30,대전광역시,170,서구,114,가수원동,가수원,S502,2026,0,0,0,0,0,0,0,0,0.0,0
30,대전광역시,110,대전광역시동구,105,가오동,남대전,2215,2026,0,0,0,0,0,0,0,0,0.0,0
30,대전광역시,200,유성구,126,가정동,대덕,2207,2026,0,0,0,0,0,0,0,0,0.0,0
30,대전광역시,230,대덕구,104,대화동,대화,2680,2026,0,0,0,0,0,0,0,0,0.0,0
30,대전광역시,200,유성구,146,관평동,덕진,2671,2026,0,0,0,0,0,0,0,0,0.0,0
30,대전광역시,110,동구,133,내탑동,동대전,2672,2026,0,0,0,0,0,0,0,0,0.0,0
30,대전광역시,200,유성구,153,구룡동,둔곡,E227,2026,0,0,0,0,0,0,0,0,0.0,0
30,대전광역시,170,서구,112,둔산동,둔산,2673,2026,0,0,0,0,0,0,0,0,0.0,0
30,대전광역시,170,서구,111,갈마동,둔지,S524,2026,0,0,0,0,0,0,0,0,0.0,0
30,대전광역시,170,서구,122,내동,서대전,2203,2026,0,0,0,0,0,0,0,0,0.0,0
30,대전광역시,200,유성구,143,탑립동,세종,D452,2026,0,0,0,0,0,0,0,0,0.0,0
30,대전광역시,200,유성구,150,금탄동,송강,S525,2026,0,0,0,0,0,0,0,0,494.0,0
30,대전광역시,110,동구,124,용계동,신계룡,S519,2026,0,0,0,0,0,0,0,0,0.0,0
30,대전광역시,110,동구,101,원동,신옥천,2243,2026,0,0,0,0,0,0,0,0,0.0,0
30,대전광역시,230,대덕구,122,신대동,신일,2743,2026,0,0,0,0,0,0,0,0,0.0,0
30,대전광역시,230,대덕구,121,갈전동,신탄진,2205,2026,0,0,0,0,0,0,0,0,0.0,0
30,대전광역시,110,동구,115,대동,신흥,S505,2026,0,0,0,0,0,0,0,0,0.0,0
30,대전광역시,200,유성구,121,죽동,용계(건설중),D482,2026,0,0,0,0,0,0,0,0,0.0,0
30,대전광역시,110,동구,114,가양동,용운,S529,2026,0,0,0,0,0,0,0,0,0.0,0
30,대전광역시,200,유성구,118,갑동,유성,S504,2026,0,0,0,0,0,0,0,0,0.0,0
30,대전광역시,140,대전광역시중구,114,태평동,유천,2786,2026,0,0,0,0,0,0,0,0,0.0,0
30,대전광역시,200,유성구,111,봉명동,청양,2437,2026,0,0,0,0,0,0,0,0,1200.0,1
26,부산광역시,230,부산진구,110,가야동,개금,2806,2026,0,0,0,0,0,475,475,0,0.0,0
26,부산광역시,410,금정구,107,구서동,구서,2730,2026,690,740,770,805,805,805,805,690,0.0,0
26,부산광역시,320,북구,105,구포동,구포,2793,2026,1155,1155,1155,1485,1485,1485,1485,1155,0.0,0
26,부산광역시,710,기장군,250,기장읍,기장,2804,2026,615,615,615,615,620,625,625,615,0.0,0
26,부산광역시,440,강서구,106,식만동,김해(SA),2395,2026,550,550,550,550,550,550,550,550,0.0,0
26,부산광역시,410,금정구,107,구서동,노포,D393,2026,550,555,555,560,560,560,560,550,0.0,0
26,부산광역시,440,강서구,114,송정동,녹공,S822,2026,0,0,0,0,0,0,0,0,0.0,0
26,부산광역시,440,강서구,111,녹산동,녹산,2803,2026,800,1405,1435,1435,1435,1435,1440,800,42.1,0
26,부산광역시,380,사하구,120,구평동,다대,2795,2026,0,0,0,0,0,730,730,0,306.0,0
26,부산광역시,500,수영구,104,광안동,대연,2341,2026,770,770,770,770,770,775,775,770,0.0,0
26,부산광역시,530,사상구,105,감전동,덕포,S806,2026,490,490,490,540,540,540,540,490,0.0,0
26,부산광역시,440,부산광역시강서구,103,강동동,델타(건설중),E234,2026,0,0,0,0,1690,1805,1875,0,0.0,0
26,부산광역시,260,동래구,106,명륜동,동래,2697,2026,915,915,915,920,925,925,925,915,0.0,0
26,부산광역시,710,기장군,253,장안읍,명례,E016,2026,0,0,0,0,0,930,930,0,19.8,0
26,부산광역시,350,해운대구,127,반송동,명장(SA),2336,2026,1615,1615,1615,1625,1625,1625,1625,1615,19.8,0
26,부산광역시,410,금정구,112,선동,명지,D395,2026,645,660,660,660,660,660,660,645,0.0,0
26,부산광역시,530,사상구,102,모라동,모라,2347,2026,0,0,605,0,0,600,600,0,0.0,0
26,부산광역시,260,동래구,121,사직동,미남,2344,2026,810,810,810,820,825,825,830,810,0.0,0
26,부산광역시,440,강서구,113,구랑동,미음,E000,2026,1250,1265,1265,1265,1265,1265,1265,1250,0.0,0
26,부산광역시,290,남구,109,문현동,범일,S819,2026,355,365,365,375,395,400,405,355,0.0,0
26,부산광역시,230,부산진구,109,당감동,범천,2794,2026,0,0,0,0,0,475,475,0,0.0,0
26,부산광역시,170,동구,103,동대신동3가,부민,2748,2026,0,0,0,0,0,625,635,0,0.0,0
26,부산광역시,170,동구,107,중앙동4가,부산,2345,2026,0,0,0,0,0,0,0,0,0.0,0
26,부산광역시,170,부산광역시동구,101,초량동,부산항(건설중),E842,2026,0,0,0,375,395,400,405,0,0.0,0
26,부산광역시,530,사상구,101,삼락동,북부산,2393,2026,860,860,895,945,965,970,975,860,0.0,0
26,부산광역시,230,부산진구,105,범전동,서면,2997,2026,635,660,660,665,685,685,690,635,0.0,0
26,부산광역시,110,중구,112,동광동2가,서부산,2845,2026,0,0,0,0,0,550,570,0,0.0,0
26,부산광역시,350,해운대구,103,반여동,석대(건설중),E843,2026,0,0,0,1190,1195,1200,1210,0,0.0,0
26,부산광역시,440,부산광역시강서구,112,생곡동,세산,E062,2026,1185,1290,1330,1330,1330,1340,1355,1185,0.0,0
26,부산광역시,350,해운대구,105,우동,수영,2698,2026,75,190,255,850,850,850,855,75,0.0,0
26,부산광역시,170,동구,116,수정동,수정,2996,2026,0,0,0,0,0,0,0,0,0.0,0
26,부산광역시,440,강서구,104,명지동,순아,E467,2026,635,1185,1195,1200,1220,1220,1230,635,59.4,0
26,부산광역시,710,기장군,250,기장읍,시랑,E060,2026,1030,1030,1030,1030,1030,1030,1030,1030,0.0,0
26,부산광역시,440,부산광역시강서구,104,명지동,신강서1(건설중),E529,2026,0,630,630,640,1645,1645,1645,0,0.0,0
26,부산광역시,440,강서구,109,송정동,신녹산,D274,2026,370,370,370,370,370,480,555,370,0.0,0
26,부산광역시,470,연제구,101,거제동,신대연,D520,2026,615,645,645,655,675,675,675,615,0.0,0
26,부산광역시,500,수영구,101,망미동,신양산,2435,2026,1040,1110,1130,1790,1790,1790,1790,1040,0.0,0
26,부산광역시,380,사하구,108,괴정동,신평,2426,2026,0,0,0,0,0,730,730,0,0.0,0
26,부산광역시,230,부산진구,113,양정동,양정,2696,2026,710,740,745,755,775,775,775,710,0.0,0
26,부산광역시,440,강서구,117,신호동,어방,S820,2026,620,620,620,620,640,640,670,620,0.0,0
26,부산광역시,530,사상구,108,엄궁동,엄궁,239A,2026,0,0,0,0,0,730,750,0,0.0,0
26,부산광역시,260,동래구,102,안락동,연산,S826,2026,960,960,960,960,965,965,965,960,0.0,0
26,부산광역시,200,영도구,121,동삼동,영도,2333,2026,0,0,0,0,0,790,790,0,0.0,0
26,부산광역시,440,강서구,120,눌차동,용원,D402,2026,480,590,665,665,665,725,730,480,19.2,0
26,부산광역시,290,남구,111,감만동,용호,S804,2026,405,405,405,405,405,405,405,405,0.0,0
26,부산광역시,500,수영구,105,우동,우동,S802,2026,145,335,400,400,400,400,400,145,0.0,0
26,부산광역시,380,사하구,120,구평동,장림,S818,2026,0,0,0,0,0,685,685,0,0.0,0
26,부산광역시,710,기장군,259,일광읍,장안,E063,2026,605,610,610,615,620,625,625,605,208.0,0
26,부산광역시,710,기장군,256,정관읍,정관,S827,2026,575,575,575,575,575,580,585,575,0.0,0
26,부산광역시,350,해운대구,105,우동,정보,S821,2026,315,360,395,830,830,835,840,315,0.0,0
26,부산광역시,350,해운대구,107,좌동,좌동(SA),2796,2026,420,440,440,440,440,440,440,420,0.0,0
26,부산광역시,440,강서구,114,지사동,지사,S825,2026,1175,1130,1135,1135,1140,1145,1155,1175,0.0,0
26,부산광역시,530,사상구,105,감전동,학장,2335,2026,0,0,0,0,0,650,650,0,0.0,0
26,부산광역시,320,북구,103,금곡동,호포,2792,2026,755,755,755,1035,1035,1035,1035,755,0.0,0
11,서울특별시,710,송파구,107,가락동,가락,S206,2026,525,525,640,640,640,645,645,525,0.0,0
11,서울특별시,545,금천구,101,가산동,가산,D437,2026,0,0,0,0,0,0,0,0,0.0,0
11,서울특별시,440,마포구,114,가양동,가양,2657,2026,0,0,0,0,0,0,0,0,0.0,0
11,서울특별시,740,강동구,110,강일동,강동,2654,2026,295,1070,1070,1070,1070,1070,1070,295,0.0,0
11,서울특별시,650,서초구,102,양재동,개포,2656,2026,600,615,620,630,705,705,790,600,0.0,0
11,서울특별시,215,광진구,104,광장동,광장,2049,2026,200,200,205,220,225,225,225,200,0.0,0
11,서울특별시,650,서초구,108,서초동,교대,S209,2026,635,635,635,635,635,635,640,635,0.0,0
11,서울특별시,545,금천구,101,가산동,구공,2159,2026,0,0,0,0,0,0,0,0,0.0,0
11,서울특별시,530,구로구,101,신도림동,구로,2544,2026,235,235,235,240,620,685,690,235,0.0,1
11,서울특별시,530,구로구,103,가리봉동,구로#2(건설중),E567,2026,0,0,0,0,625,715,715,0,0.0,0
11,서울특별시,215,광진구,111,자양동,구의,2799,2026,0,0,315,315,315,315,315,0,0.0,0
11,서울특별시,200,성동구,122,용답동,군자 23kV 이동용 GIS,2626,2026,465,465,490,490,490,490,490,465,0.0,0
11,서울특별시,560,영등포구,103,신길동,노들,S203,2026,325,325,480,480,480,480,480,325,0.0,0
11,서울특별시,590,동작구,101,노량진동,노량진,2154,2026,310,310,310,310,310,310,315,310,0.0,0
11,서울특별시,350,노원구,103,공릉동,노원,2633,2026,0,0,0,0,0,0,0,0,0.0,0
11,서울특별시,380,은평구,107,신사동,녹번,S112,2026,275,275,275,280,290,295,295,275,0.0,0
11,서울특별시,650,서초구,107,반포동,논일,D302,2026,775,775,775,775,795,795,795,775,0.0,0
11,서울특별시,680,강남구,108,논현동,논현,S215,2026,0,0,0,0,0,0,0,0,0.0,0
11,서울특별시,440,마포구,123,망원동,당인리,2022,2026,515,540,595,595,595,595,595,515,0.0,0
11,서울특별시,560,영등포구,128,대림동,대림,S225,2026,0,0,0,0,0,980,980,0,0.0,0
11,서울특별시,545,금천구,102,독산동,대방,2157,2026,625,625,625,625,625,625,625,625,0.0,0
11,서울특별시,680,강남구,106,대치동,대치,2650,2026,0,0,0,0,0,0,0,0,0.0,0
11,서울특별시,680,강남구,118,도곡동,도곡,S217,2026,395,395,395,395,395,395,1020,395,0.0,0
11,서울특별시,545,금천구,102,독산동,독산,S214,2026,0,0,0,0,0,0,0,0,0.0,0
11,서울특별시,290,성북구,103,돈암동,돈암,S117,2026,0,0,0,0,0,0,0,0,0.0,0
11,서울특별시,710,송파구,111,장지동,동남,S228,2026,300,300,300,300,300,305,305,300,0.0,0
11,서울특별시,170,용산구,133,서빙고동,동빙고,2011,2026,315,315,315,315,315,315,315,315,0.0,0
11,서울특별시,215,광진구,105,자양동,동서울,2197,2026,355,1950,2105,2105,2260,2260,2280,355,0.0,0
11,서울특별시,440,마포구,102,등촌동,등촌,S224,2026,340,335,330,335,335,335,335,340,0.0,0
11,서울특별시,200,성동구,114,송정동,뚝도,2088,2026,355,355,355,355,355,360,360,355,0.0,0
11,서울특별시,440,마포구,105,마곡동,마곡,D303,2026,675,675,675,675,675,675,675,675,19.8,0
11,서울특별시,140,중구,102,하왕십리동,마장,2623,2026,1490,1490,1490,1490,1490,1490,1490,1490,0.0,0
11,서울특별시,440,마포구,104,도화동,마포,2040,2026,490,490,490,490,490,490,1325,490,0.0,0
11,서울특별시,470,양천구,113,목동,목동,2487,2026,0,0,0,0,0,0,0,0,0.0,0
11,서울특별시,560,영등포구,122,도림동,문래,2152,2026,455,455,455,455,455,455,455,455,0.0,0
11,서울특별시,260,중랑구,101,면목동,미금,2771,2026,0,0,785,815,985,990,990,0,0.0,0
11,서울특별시,305,강북구,101,미아동,미아,2634,2026,0,0,0,0,0,0,0,0,0.0,0
11,서울특별시,650,서초구,106,잠원동,반포,2652,2026,285,285,290,290,325,325,325,285,0.0,0
11,서울특별시,140,중구,148,을지로6가,방산,D291,2026,825,825,825,825,825,825,825,825,0.0,0
11,서울특별시,320,도봉구,108,도봉동,방학,D285,2026,0,0,0,0,0,0,0,0,0.0,0
11,서울특별시,620,관악구,101,봉천동,봉천,S213,2026,0,0,0,0,0,0,0,0,0.0,0
11,서울특별시,470,양천구,101,신정동,북과천(건설중),E566,2026,0,0,0,560,610,625,1040,0,0.0,0
11,서울특별시,620,관악구,103,남현동,사당,2430,2026,0,0,0,0,0,0,0,0,0.0,0
11,서울특별시,350,노원구,105,상계동,상계,2632,2026,0,0,0,0,0,0,0,0,0.0,0
11,서울특별시,260,중랑구,105,망우동,상봉,D286,2026,1300,1265,1265,1265,1265,1265,1265,1300,0.0,0
11,서울특별시,440,마포구,127,상암동,상암,S114,2026,0,0,0,0,0,0,0,0,0.0,0
11,서울특별시,410,서대문구,119,정동,서대문,S118,2026,400,435,525,525,525,525,530,400,0.0,0
11,서울특별시,140,중구,119,정동,서소문,2622,2026,595,595,595,595,595,595,595,595,0.0,0
11,서울특별시,650,서초구,108,서초동,서초,S219,2026,575,575,575,575,575,575,580,575,0.0,0
11,서울특별시,710,송파구,105,석촌동,석촌,S227,2026,725,725,755,765,810,810,830,725,0.0,0
11,서울특별시,680,강남구,104,청담동,선릉,S201,2026,530,680,680,680,680,680,680,530,0.0,0
11,서울특별시,230,동대문구,110,이문동,성동,2071,2026,2265,2265,2265,2265,2265,2265,2285,2265,0.0,0
11,서울특별시,200,성동구,114,성수동1가,성수,S133,2026,350,350,380,380,380,385,385,350,0.0,0
11,서울특별시,110,종로구,119,세종로,세종로,2029,2026,620,620,620,620,625,625,625,620,0.0,0
11,서울특별시,710,송파구,113,거여동,송파,2653,2026,0,0,0,0,0,0,0,0,0.0,0
11,서울특별시,410,서대문구,119,북가좌동,수색,2036,2026,95,95,345,675,675,675,675,95,0.0,0
11,서울특별시,680,강남구,111,세곡동,수서,2779,2026,0,0,0,0,0,0,0,0,0.0,0
11,서울특별시,305,강북구,103,수유동,수유,D293,2026,0,0,0,0,0,0,0,0,0.0,0
11,서울특별시,140,중구,171,중림동,순화,2755,2026,685,685,685,760,760,760,765,685,0.0,0
11,서울특별시,545,금천구,115,시흥동,시흥,2999,2026,0,0,0,0,0,0,0,0,0.0,0
11,서울특별시,530,구로구,101,신도림동,신광명,2194,2026,2200,2200,2200,2200,2200,2200,2200,2200,0.0,0
11,서울특별시,620,관악구,102,신림동,신길,2659,2026,350,350,350,350,350,350,350,350,0.0,0
11,서울특별시,260,중랑구,105,망우동,신내,S102,2026,1270,1270,1275,1285,1295,1295,1295,1270,0.0,0
11,서울특별시,140,중구,107,신당동,신당,2624,2026,1105,1105,1105,1105,1105,1105,1105,1105,0.0,0
11,서울특별시,620,관악구,102,신림동,신림,S211,2026,260,260,260,260,260,260,355,260,0.0,0
11,서울특별시,470,양천구,101,신정동,신문래,S216,2026,2235,2235,2275,2275,2275,2275,2290,2235,0.0,0
11,서울특별시,500,강서구,101,염창동,신부평,S321,2026,2085,2085,2085,2085,2085,2085,2085,2085,0.0,0
11,서울특별시,680,강남구,107,신사동,신사(SA),2813,2026,910,910,910,910,910,910,915,910,0.0,0
11,서울특별시,650,서초구,108,서초동,신양재,S204,2026,1260,1260,1260,1260,1260,1260,1260,1260,0.0,0
11,서울특별시,290,성북구,101,성북동,신의정부,D487,2026,0,0,0,0,0,0,0,0,0.0,0
11,서울특별시,470,양천구,117,신정동,신정,S230,2026,305,305,305,305,330,330,330,305,0.0,0
11,서울특별시,440,마포구,133,대흥동,신촌,2059,2026,845,845,915,915,915,915,925,845,0.0,0
11,서울특별시,320,도봉구,105,쌍문동,쌍문,2631,2026,0,0,0,0,0,0,0,0,0.0,0
11,서울특별시,440,마포구,102,공덕동,아현,S116,2026,505,505,505,505,505,505,505,505,0.0,0
11,서울특별시,290,성북구,125,안암동5가,안암,2812,2026,0,0,0,0,0,0,0,0,0.0,0
11,서울특별시,470,양천구,123,신월동,양천,S212,2026,740,740,740,740,740,740,740,740,0.0,0
11,서울특별시,560,영등포구,114,당산동4가,양평,2150,2026,770,770,770,770,1410,1410,1420,770,0.0,0
11,서울특별시,560,영등포구,110,여의도동,여의,2158,2026,425,425,425,425,435,460,460,425,0.0,0
11,서울특별시,680,강남구,101,역삼동,역삼,S207,2026,700,700,700,700,710,710,715,700,0.0,0
11,서울특별시,440,마포구,124,연남동,연대,S113,2026,455,455,455,455,455,455,455,455,0.0,0
11,서울특별시,650,서초구,116,내곡동,염곡,S210,2026,0,0,0,0,0,0,0,0,0.0,0
11,서울특별시,560,영등포구,103,영등포동2가,영오,S222,2026,0,0,0,0,0,0,0,0,0.0,0
11,서울특별시,530,구로구,107,개봉동,오류,2148,2026,210,210,210,210,350,580,580,210,0.0,0
11,서울특별시,110,종로구,182,구기동,옥인,2052,2026,620,620,620,620,620,620,620,620,0.0,0
11,서울특별시,530,구로구,110,온수동,온수,2639,2026,435,435,545,545,545,545,765,435,0.0,0
11,서울특별시,200,성동구,109,금호동1가,왕십리,S135,2026,550,550,550,550,550,550,550,550,0.0,0
11,서울특별시,230,동대문구,105,답십리동,용두,D284,2026,425,425,425,425,425,425,425,425,0.0,0
11,서울특별시,170,용산구,112,원효로1가,용산,2020,2026,85,85,85,85,85,480,590,85,0.0,0
11,서울특별시,110,종로구,110,와룡동,운니,2621,2026,480,480,480,480,480,480,480,480,0.0,0
11,서울특별시,110,종로구,168,동숭동,원남,2643,2026,480,480,480,480,480,480,480,480,0.0,0
11,서울특별시,170,용산구,131,한남동,원효(건설중),E238,2026,0,0,0,0,0,500,665,0,0.0,0
11,서울특별시,560,영등포구,117,당산동,의사당,S208,2026,590,590,590,590,590,625,625,590,0.0,0
11,서울특별시,650,서초구,107,반포동,이수,S229,2026,580,580,580,580,580,580,580,580,0.0,0
11,서울특별시,710,송파구,106,삼전동,잠실,2655,2026,0,0,0,0,0,0,0,0,0.0,0
11,서울특별시,290,성북구,129,보문동7가,장위,S131,2026,0,0,0,0,0,0,0,0,0.0,0
11,서울특별시,170,용산구,131,한남동,전곡2S/S(건설중),E238,2026,0,0,0,0,0,500,665,0,0.0,0
11,서울특별시,140,중구,155,을지로3가,종로,S123,2026,990,990,990,990,990,990,990,990,0.0,0
11,서울특별시,230,동대문구,107,청량리동,종암,2064,2026,320,320,320,320,320,320,320,320,0.0,0
11,서울특별시,350,노원구,106,중계동,중계,S121,2026,550,550,550,550,550,550,550,550,0.0,0
11,서울특별시,140,중구,173,만리동1가,중부,2560,2026,515,540,755,790,1030,1155,1575,515,0.0,0
11,서울특별시,140,중구,142,예장동,중앙(SA),2642,2026,885,885,885,885,885,885,885,885,0.0,0
11,서울특별시,380,은평구,101,수색동,증산SA,E327,2026,590,590,590,590,590,590,590,590,0.0,0
11,서울특별시,320,도봉구,106,방학동,창동,2778,2026,0,0,0,0,0,0,0,0,0.0,0
11,서울특별시,530,구로구,111,천왕동,천왕,S205,2026,930,930,930,930,1155,1155,1300,930,0.0,0
11,서울특별시,740,강동구,109,천호동,천호,S221,2026,295,385,385,385,385,385,390,295,0.0,0
11,서울특별시,680,강남구,118,삼성동,탄천,D434,2026,730,1110,1110,1110,1110,1110,1120,730,0.0,0
11,서울특별시,710,송파구,103,풍납동,풍납,2638,2026,615,615,620,635,685,685,690,615,0.0,0
11,서울특별시,200,성동구,113,옥수동,한남,S109,2026,1005,1005,1005,1005,1005,1005,1005,1005,0.0,0
11,서울특별시,410,서대문구,110,북아현동,현저,2027,2026,460,495,565,565,580,585,585,460,0.0,0
11,서울특별시,440,마포구,108,공항동,화곡,2171,2026,0,0,0,0,0,0,0,0,0.0,0
11,서울특별시,215,광진구,101,중곡동,화양,2072,2026,965,970,970,970,970,970,970,965,0.0,0
11,서울특별시,230,동대문구,110,이문동,휘경,2641,2026,685,685,685,685,685,685,685,685,0.0,0
11,서울특별시,110,종로구,174,창신동,흥인,2023,2026,530,530,530,530,530,530,530,530,0.0,0
36,세종특별자치시,110,세종시,123,용호동,동세종(건설중),D479,2026,0,0,0,0,0,0,0,0,0.0,0
36,세종특별자치시,110,세종특별자치시,330,부강면,부강,S419,2026,0,0,0,0,0,0,0,0,0.0,0
36,세종특별자치시,110,세종시,370,전의면,북세종(건설중),D481,2026,0,0,0,0,0,0,0,0,0.0,0
36,세종특별자치시,110,세종특별자치시,105,가람동,서세종,D455,2026,0,0,0,0,0,0,0,0,0.0,0
36,세종특별자치시,110,세종특별자치시,103,보람동,세종,D452,2026,0,0,0,0,0,0,0,0,0.0,0
36,세종특별자치시,110,세종특별자치시,310,연기면,월산,S517,2026,0,0,0,0,0,0,0,0,0.0,0
36,세종특별자치시,110,세종특별자치시,390,소정면,전의,S501,2026,0,0,0,0,0,0,0,0,0.0,1
36,세종특별자치시,110,세종특별자치시,360,연서면,조치원,2209,2026,0,0,0,0,0,0,0,0,0.0,0
31,울산광역시,140,남구,113,성암동,남울산,E432,2026,1380,1380,1380,1380,1380,1380,1380,1380,0.0,0
31,울산광역시,710,울주군,250,온산읍,당월,D397,2026,0,0,0,0,0,645,645,0,0.0,1
31,울산광역시,170,동구,101,방어동,동울산,D277,2026,290,290,645,830,830,830,830,290,0.0,3
31,울산광역시,140,남구,103,두왕동,두왕,E064,2026,0,0,0,0,0,890,890,0,0.0,0
31,울산광역시,200,북구,109,달천동,매곡,D448,2026,535,535,700,865,865,865,865,535,0.0,0
31,울산광역시,140,남구,105,달동,매암,S817,2026,0,0,0,0,0,870,870,0,0.0,0
31,울산광역시,710,울주군,310,서생면,명례,E016,2026,0,0,0,0,0,930,930,0,19.8,0
31,울산광역시,710,울주군,265,삼남읍,반천,E001,2026,0,0,0,0,0,1100,1100,0,0.0,0
31,울산광역시,170,동구,101,방어동,방어진,2587,2026,0,0,0,0,0,0,0,0,0.0,0
31,울산광역시,200,북구,104,가대동,북울산,S815,2026,0,0,0,0,0,1140,1140,0,0.0,0
31,울산광역시,170,동구,106,주전동,산하,D509,2026,235,235,235,235,235,235,235,235,0.0,0
31,울산광역시,140,울산광역시남구,115,용연동,성암개폐소,D399,2026,0,0,0,0,0,0,0,0,0.0,0
31,울산광역시,710,울주군,250,온산읍,신온산,S803,2026,0,0,0,0,0,1705,1710,0,0.0,5
31,울산광역시,110,중구,101,학성동,신울산,2388,2026,0,0,0,0,0,5,910,0,0.0,0
31,울산광역시,710,울주군,265,삼남읍,언양,2391,2026,0,0,0,0,0,60,940,0,0.0,0
31,울산광역시,140,남구,117,신정동,옥동,2646,2026,1010,1010,1010,1010,1010,1010,1010,1010,0.0,0
31,울산광역시,710,울주군,250,온산읍,온산,2392,2026,0,0,0,0,0,0,0,0,19.835,0
31,울산광역시,140,남구,112,고사동,용연,2578,2026,1455,1455,1455,1455,1455,1455,1465,1455,0.0,0
31,울산광역시,140,남구,119,매암동,울산,S814,2026,0,0,0,0,0,0,0,0,0.0,0
31,울산광역시,140,남구,114,황성동,울산T/P,S809,2026,0,0,0,0,0,480,480,0,0.0,0
31,울산광역시,710,울주군,253,언양읍,울주,S801,2026,0,0,0,0,0,1430,1430,0,0.0,0
31,울산광역시,710,울주군,340,웅촌면,웅촌,S816,2026,0,0,0,0,0,5,495,0,0.0,0
31,울산광역시,710,울주군,310,서생면,장안,E063,2026,605,610,610,615,620,625,625,605,208.0,0
31,울산광역시,710,울주군,370,두서면,직동,S805,2026,0,0,0,0,0,1155,1155,0,0.0,0
31,울산광역시,710,울주군,250,온산읍,처용,2596,2026,0,0,0,0,0,0,0,0,0.0,0
31,울산광역시,110,중구,112,다운동,태화,D398,2026,0,0,0,0,0,1065,1100,0,0.0,0
31,울산광역시,200,북구,120,명촌동,효문,2840,2026,0,0,0,0,0,0,0,0,19.8,0
28,인천광역시,237,부평구,101,부평동,갈산,D278,2026,0,0,0,0,0,0,0,0,0.0,0
28,인천광역시,710,강화군,250,강화읍,강화,S322,2026,375,375,670,670,675,675,675,375,0.0,0
28,인천광역시,275,서해구,101,검암동,검암(건설중),E806,2026,0,0,0,960,960,960,960,0,0.0,0
28,인천광역시,260,서구,103,검암동,경서,2599,2026,0,0,0,0,0,0,0,0,0.0,0
28,인천광역시,245,계양구,120,둑실동,계양,S305,2026,160,340,340,340,340,340,340,160,0.0,0
28,인천광역시,200,남동구,101,고잔동,고잔,D444,2026,445,450,615,615,615,615,615,445,0.0,0
28,인천광역시,200,남동구,101,구월동,관교,S306,2026,500,500,500,500,500,500,500,500,0.0,0
28,인천광역시,200,남동구,107,남촌동,구월(건설중),E807,2026,0,0,0,0,0,730,730,0,0.0,0
28,인천광역시,260,서구,116,불로동,김포,SB06,2026,505,820,820,820,830,860,860,505,0.0,0
28,인천광역시,200,남동구,107,남촌동,남동,2574,2026,0,0,0,0,0,0,0,0,0.0,0
28,인천광역시,110,중구,126,신흥동1가,남인천,2425,2026,765,765,765,765,765,765,775,765,0.0,0
28,인천광역시,200,남동구,108,논현동,도림,D312,2026,970,970,1010,1010,1010,1010,1015,970,0.0,0
28,인천광역시,185,연수구,104,송도동,동송도,D980,2026,780,915,915,915,965,1040,1040,780,0.0,0
28,인천광역시,200,남동구,111,고잔동,동춘,2819,2026,530,530,880,880,880,880,880,530,0.0,0
28,인천광역시,260,서구,108,가정동,마전(건설중),E144,2026,0,0,0,735,740,750,760,0,0.0,0
28,인천광역시,200,남동구,101,구월동,만수,S324,2026,555,555,555,555,555,550,555,555,0.0,0
28,인천광역시,237,부평구,107,구산동,부개,2535,2026,650,895,895,895,895,895,895,650,0.0,0
28,인천광역시,237,부평구,101,부평동,부흥,S320,2026,1050,1245,1255,1255,1255,1255,1255,1050,0.0,0
28,인천광역시,185,연수구,104,송도동,북송도,D309,2026,950,950,950,950,950,950,980,950,500.0,0
28,인천광역시,260,서구,126,가정동,북인천,2455,2026,330,330,330,330,330,330,330,330,0.0,0
28,인천광역시,260,서구,114,당하동,불로,D313,2026,160,680,680,825,825,825,825,160,0.0,0
28,인천광역시,710,강화군,400,교동면,서강화,D317,2026,270,290,290,290,290,290,290,270,0.0,0
28,인천광역시,185,연수구,106,송도동,서송도,E045,2026,290,360,360,360,360,360,360,290,100.32,0
28,인천광역시,260,서구,103,검암동,서청라(건설중),D315,2026,0,0,800,800,800,800,800,0,0.0,0
28,인천광역시,200,남동구,126,장수동,소래,2569,2026,405,405,615,615,615,615,1640,405,0.0,0
28,인천광역시,185,연수구,104,송도동,송도,SB02,2026,650,770,775,775,775,775,800,650,0.0,0
28,인천광역시,185,연수구,105,동춘동,송도#6(건설중),E570,2026,0,0,0,0,0,965,1000,0,0.0,0
28,인천광역시,110,중구,138,북성동1가,송월,2485,2026,0,495,495,495,495,495,495,0,0.0,0
28,인천광역시,140,동구,101,만석동,송현,2174,2026,0,665,665,665,1005,1030,1030,0,0.0,0
28,인천광역시,200,남동구,101,구월동,신가좌,2167,2026,0,0,0,0,0,0,0,0,0.0,0
28,인천광역시,720,옹진군,310,북도면,신경서,S307,2026,0,1350,1390,1430,1455,1495,1575,0,0.0,0
28,인천광역시,237,부평구,104,청천동,신부평,S321,2026,2085,2085,2085,2085,2085,2085,2085,2085,0.0,0
28,인천광역시,185,연수구,101,옥련동,신송도,E126,2026,0,975,1120,1120,1180,1845,1880,0,0.0,0
28,인천광역시,200,남동구,105,서창동,신시흥#1,2720,2026,1415,1415,1415,1415,1415,1415,1420,1415,0.0,1
28,인천광역시,185,연수구,106,송도동,신시흥#2,S346,2026,1345,1360,1430,1430,1430,1430,1440,1345,0.0,0
28,인천광역시,260,서구,106,가좌동,신현,2594,2026,0,0,0,0,0,0,0,0,0.0,0
28,인천광역시,185,연수구,106,송도동,아암(건설중),E350,2026,0,0,0,655,655,655,670,0,0.0,0
28,인천광역시,260,서구,103,금곡동,양촌,SB09,2026,0,190,190,190,190,190,190,0,0.0,0
28,인천광역시,185,연수구,105,동춘동,연수,2618,2026,0,0,0,0,0,0,0,0,0.0,0
28,인천광역시,155,영종구,106,남북동,영종,S304,2026,0,355,500,510,515,540,600,0,0.0,0
28,인천광역시,200,남동구,108,논현동,오봉,SB04,2026,695,730,845,845,845,1110,1110,695,0.0,0
28,인천광역시,260,서구,113,오류동,왕길,D316,2026,0,575,580,580,580,580,580,0,0.0,0
28,인천광역시,260,서구,110,석남동,원창,SB03,2026,260,260,260,260,260,260,260,260,0.0,0
28,인천광역시,155,영종구,107,덕교동,을왕,E514,2026,0,370,370,450,450,480,550,0,0.0,0
28,인천광역시,177,미추홀구,101,숭의동,인천,2172,2026,0,0,0,0,0,0,0,0,0.0,0
28,인천광역시,245,계양구,130,계산동,임학,2782,2026,0,0,0,0,0,0,0,0,0.0,0
28,인천광역시,260,서구,123,대곡동,장기,D318,2026,0,0,0,0,0,0,0,0,0.0,0
28,인천광역시,200,남동구,102,간석동,주안,SB05,2026,695,925,925,925,950,925,925,695,0.0,0
28,인천광역시,245,계양구,104,서운동,중동,2568,2026,0,0,0,0,0,0,0,0,0.0,0
28,인천광역시,155,영종구,102,운남동,중산,D311,2026,0,230,230,230,230,315,335,0,0.0,0
28,인천광역시,260,서구,122,청라동,청라,D310,2026,0,1285,1295,1320,1340,1350,1365,0,0.0,0
28,인천광역시,245,계양구,101,효성동,청천,SB08,2026,660,660,660,660,660,660,665,660,0.0,0
28,인천광역시,177,미추홀구,105,용현동,학익,S301,2026,420,420,420,420,430,435,440,420,0.0,0
12,전남광주통합특별시,170,나주시,108,경현동,154KV 나주,E233,2026,0,0,0,0,0,0,0,0,0.0,0
12,전남광주통합특별시,210,동구,109,계림동,계림,5056,2026,0,0,0,0,0,0,0,0,93.15,0
12,전남광주통합특별시,740,고흥군,350,포두면,고흥,S601,2026,0,0,0,0,0,0,0,0,396.33,0
12,전남광주통합특별시,720,곡성군,390,겸면,곡성,2690,2026,0,0,0,0,0,0,0,0,0.0,0
12,전남광주통합특별시,150,순천시,101,삼거동,광양,2429,2026,0,0,0,0,0,0,0,0,2565.5,2
12,전남광주통합특별시,190,광양시,102,황길동,광양항,E386,2026,0,0,0,0,0,0,0,0,32.8471,0
12,전남광주통합특별시,730,구례군,320,간전면,구례,S605,2026,0,0,0,0,0,0,0,0,0.0,0
12,전남광주통합특별시,800,영암군,250,영암읍,금정개폐소,E421,2026,0,0,0,0,0,0,0,0,0.0,0
12,전남광주통합특별시,170,나주시,430,봉황면,금천,D368,2026,0,0,0,0,0,0,0,0,97.8,0
12,전남광주통합특별시,830,영광군,250,영광읍,남고창(건설중),E275,2026,0,0,0,0,0,0,775,0,5.999,0
12,전남광주통합특별시,270,남구,107,노대동,남광주,5057,2026,0,0,0,0,0,0,0,0,0.0,0
12,전남광주통합특별시,810,무안군,256,삼향읍,남악,S629,2026,0,0,0,0,0,0,0,0,94.6535,0
12,전남광주통합특별시,790,해남군,380,북일면,남창,5029,2026,0,0,0,0,0,0,0,0,252.7461,2
12,전남광주통합특별시,300,북구,410,대전면,담양,2774,2026,0,0,0,0,0,0,0,0,0.0,0
12,전남광주통합특별시,800,영암군,253,삼호읍,대불,2689,2026,0,0,0,0,0,0,0,0,6.4409,1
12,전남광주통합특별시,820,함평군,360,나산면,덕림,E157,2026,0,0,0,0,0,0,0,0,150.1378,76
12,전남광주통합특별시,740,고흥군,350,포두면,득량(건설중),E272,2026,0,0,0,0,0,0,0,0,1.1259,0
12,전남광주통합특별시,270,남구,128,대지동,매월,S619,2026,0,0,0,0,0,0,0,0,35.7053,0
12,전남광주통합특별시,110,목포시,155,금화동,목포,S635,2026,0,0,0,0,0,0,0,0,29.7,0
12,전남광주통합특별시,190,광양시,108,광영동,백운,S630,2026,0,0,0,0,0,0,0,0,0.0,0
12,전남광주통합특별시,740,고흥군,380,과역면,벌교,2739,2026,0,0,0,0,0,0,0,0,168.5273,31
12,전남광주통합특별시,750,보성군,310,노동면,보성,S626,2026,0,0,0,0,0,0,0,0,85.1019,66
12,전남광주통합특별시,330,광산구,106,동림동,북광주,5180,2026,0,0,0,0,0,0,0,0,0.0,0
12,전남광주통합특별시,110,목포시,105,달동,북항,S603,2026,0,0,0,0,0,0,0,0,59.4574,1
12,전남광주통합특별시,800,영암군,253,삼호읍,삼호,D491,2026,0,0,0,0,0,0,0,0,21.3496,5
12,전남광주통합특별시,150,순천시,108,가곡동,서순천,S604,2026,0,0,0,0,0,0,0,0,0.0,0
12,전남광주통합특별시,830,영광군,340,군서면,서영광(건설중),E269,2026,0,0,0,0,0,0,0,0,240.0265,16
12,전남광주통합특별시,870,신안군,310,증도면,서운남S/Y,E528,2026,0,0,0,0,0,0,0,0,271.9666,0
12,전남광주통합특별시,190,광양시,250,광양읍,세풍,E051,2026,0,0,0,0,0,0,0,0,0.0,0
12,전남광주통합특별시,130,여수시,340,남면,소라,S625,2026,0,0,0,0,0,0,0,0,0.0,0
12,전남광주통합특별시,270,남구,114,방림동,소태,S618,2026,0,0,0,0,0,0,0,0,0.0,0
12,전남광주통합특별시,330,광산구,156,도덕동,송정,S636,2026,0,0,0,0,0,0,0,0,0.0,0
12,전남광주통합특별시,330,광산구,114,수완동,수완,E087,2026,0,0,0,0,0,0,0,0,0.0,0
12,전남광주통합특별시,720,곡성군,370,옥과면,순창,E230,2026,0,0,0,0,0,0,510,0,0.0,0
12,전남광주통합특별시,150,순천시,108,가곡동,순천,5186,2026,0,0,0,0,0,0,0,0,111.4,0
12,전남광주통합특별시,720,곡성군,340,목사동면,승주,S623,2026,0,0,0,0,0,0,0,0,258.55,0
12,전남광주통합특별시,130,여수시,250,돌산읍,시종(건설중),E270,2026,0,0,0,0,0,0,0,0,250.1839,67
12,전남광주통합특별시,790,해남군,310,삼산면,신강진,5028,2026,0,0,0,0,0,0,0,0,2942.0,4
12,전남광주통합특별시,210,동구,101,대인동,신광주,2483,2026,0,0,0,0,0,0,0,0,510.0,0
12,전남광주통합특별시,840,장성군,330,동화면,신장성1(건설중),E156,2026,0,0,0,0,0,0,0,0,2478.0,6
12,전남광주통합특별시,330,광산구,156,도덕동,신화순,S616,2026,0,0,0,0,0,0,0,0,510.0,2
12,전남광주통합특별시,870,신안군,340,비금면,안좌 (154KV),D372,2026,0,0,0,0,0,0,0,0,3.1102,15
12,전남광주통합특별시,170,나주시,400,동강면,엄다,2775,2026,0,0,0,0,0,0,0,0,248.1893,0
12,전남광주통합특별시,130,여수시,127,경호동,여수,2684,2026,0,0,0,0,0,0,0,0,345.0,1
12,전남광주통합특별시,130,여수시,115,봉산동,여수T/P,S622,2026,0,0,0,0,0,0,0,0,1477.5,0
12,전남광주통합특별시,130,여수시,143,평여동,여수산단개폐소,D495,2026,0,0,0,0,0,0,0,0,490.0,1
12,전남광주통합특별시,130,여수시,139,봉계동,여천,5055,2026,0,0,0,0,0,0,0,0,0.0,3
12,전남광주통합특별시,830,영광군,310,군남면,영광,5181,2026,0,0,0,0,0,0,0,0,218.501,3
12,전남광주통합특별시,800,영암군,340,군서면,영암,2583,2026,0,0,0,0,0,0,0,0,0.0,0
12,전남광주통합특별시,850,완도군,330,고금면,완도,S607,2026,0,0,0,0,0,0,0,0,748.5,1
12,전남광주통합특별시,170,나주시,340,공산면,왕곡,E131,2026,0,0,0,0,0,0,0,0,62.2084,16
12,전남광주통합특별시,130,여수시,148,낙포동,용성,S620,2026,0,0,0,0,0,0,0,0,589.0,1
12,전남광주통합특별시,810,무안군,350,망운면,운남,S621,2026,0,0,0,0,0,0,0,0,431.3135,11
12,전남광주통합특별시,870,신안군,400,안좌면,운남#2(건설중),E299,2026,0,0,0,0,0,0,0,0,379.0007,23
12,전남광주통합특별시,150,순천시,310,해룡면,율촌,S606,2026,0,0,0,0,0,0,0,0,30.0,0
12,전남광주통합특별시,300,북구,121,매곡동,일곡,S617,2026,0,0,0,0,0,0,0,0,0.0,0
12,전남광주통합특별시,300,북구,310,진원면,장성,S602,2026,0,0,0,0,0,0,0,0,0.0,0
12,전남광주통합특별시,860,진도군,320,고군면,진도,S608,2026,0,0,0,0,0,0,0,0,284.8819,4
12,전남광주통합특별시,330,광산구,127,산정동,첨단,E132,2026,0,0,0,0,0,0,0,0,0.0,0
12,전남광주통합특별시,240,서구,161,양동,충장,2682,2026,0,0,0,0,0,0,0,0,0.0,0
12,전남광주통합특별시,190,광양시,104,금호동,태금,2443,2026,0,0,0,0,0,0,0,0,0.0,0
12,전남광주통합특별시,740,고흥군,380,과역면,포두(건설중),E273,2026,0,0,0,0,0,0,0,0,160.0,6
12,전남광주통합특별시,330,광산구,131,고룡동,하남,2681,2026,0,0,0,0,0,0,0,0,0.0,0
12,전남광주통합특별시,190,광양시,340,진상면,하동(SA),2753,2026,0,0,0,0,0,0,460,0,0.0,0
12,전남광주통합특별시,790,해남군,340,마산면,해남,2687,2026,0,0,0,0,0,0,0,0,242.0238,45
12,전남광주통합특별시,130,여수시,146,월내동,호남T/P(삭제예정),S613,2026,0,0,0,0,0,0,0,0,105.0,0
12,전남광주통합특별시,830,영광군,370,법성면,홍농,S615,2026,0,0,0,0,0,0,0,0,12.9,0
12,전남광주통합특별시,760,화순군,340,남면,화순,2683,2026,0,0,0,0,0,0,0,0,2.997,0
12,전남광주통합특별시,790,해남군,420,문내면,화원,S637,2026,0,0,0,0,0,0,0,0,83.9542,83
12,전남광주통합특별시,240,서구,115,광천동,화정,S624,2026,0,0,0,0,0,0,0,0,0.0,0
12,전남광주통합특별시,130,여수시,310,소라면,화치,S627,2026,0,0,0,0,0,0,0,0,490.0,2
12,전남광주통합특별시,330,광산구,102,도천동,흑석,S628,2026,0,0,0,0,0,0,0,0,0.0,0
52,전북특별자치도,790,고창군,320,아산면,고창,2678,2026,0,0,0,0,0,0,0,0,12.9,0
52,전북특별자치도,790,고창군,370,성송면,고창#3(건설중),E590,2026,0,0,0,0,0,0,0,0,0.0,0
52,전북특별자치도,130,군산시,250,옥구읍,군공,2463,2026,0,0,0,0,0,0,0,0,0.0,2
52,전북특별자치도,130,군산시,330,임피면,군산,2766,2026,0,0,0,0,0,0,0,0,0.0,0
52,전북특별자치도,130,군산시,148,비응도동,군장,SC03,2026,0,0,0,0,0,0,0,0,219.98,0
52,전북특별자치도,210,김제시,111,갈공동,김제,2440,2026,0,0,0,0,0,0,215,0,0.0,0
52,전북특별자치도,790,고창군,330,무장면,남고창(건설중),E275,2026,0,0,0,0,0,0,775,0,5.999,0
52,전북특별자치도,190,남원시,340,산내면,남원,2528,2026,0,0,0,0,0,0,0,0,0.0,0
52,전북특별자치도,710,완주군,350,구이면,남전주,2491,2026,0,0,0,0,0,0,0,0,0.0,0
52,전북특별자치도,140,익산시,370,낭산면,낭산,D431,2026,0,0,0,0,0,0,1055,0,0.0,0
52,전북특별자치도,130,군산시,150,개사동,내초,2742,2026,0,0,0,0,0,0,0,0,0.0,0
52,전북특별자치도,130,군산시,360,개정면,동군산,2674,2026,0,0,0,0,0,0,830,0,0.0,0
52,전북특별자치도,130,군산시,320,회현면,동비응,E128,2026,0,0,0,0,0,0,1160,0,0.0,0
52,전북특별자치도,111,전주시완산구,125,동서학동,동전주,2767,2026,0,0,0,0,0,0,735,0,0.0,0
52,전북특별자치도,730,무주군,250,무주읍,무주,2990,2026,0,0,0,0,0,0,845,0,0.0,0
52,전북특별자치도,210,김제시,380,공덕면,백산,D364,2026,0,0,0,0,0,0,725,0,0.0,1
52,전북특별자치도,710,완주군,410,경천면,봉동,D362,2026,0,0,0,0,0,0,0,0,0.0,0
52,전북특별자치도,800,부안군,340,계화면,부안,2728,2026,0,0,0,0,0,0,390,0,0.0,0
52,전북특별자치도,113,전주시덕진구,120,전미동2가,북김제(건설중),E320,2026,0,0,0,0,0,0,780,0,0.0,0
52,전북특별자치도,750,임실군,360,신덕면,북임실,E271,2026,0,0,0,0,0,0,905,0,0.0,0
52,전북특별자치도,710,완주군,253,봉동읍,북전주,2677,2026,0,0,0,0,0,0,355,0,0.0,0
52,전북특별자치도,130,군산시,148,비응도동,비응,D510,2026,0,0,0,0,0,0,0,0,0.0,0
52,전북특별자치도,130,군산시,320,회현면,비응#3(건설중),E129,2026,0,0,0,0,0,0,790,0,300.0,0
52,전북특별자치도,130,군산시,147,오식도동,비응#4(건설중),E764,2026,0,0,0,0,0,0,1060,0,0.0,0
52,전북특별자치도,130,군산시,151,산북동,새만금,D494,2026,0,0,0,0,0,0,1125,0,90.0,0
52,전북특별자치도,790,고창군,350,상하면,서고창,D264,2026,0,0,0,0,0,0,0,0,0.0,0
52,전북특별자치도,113,전주시덕진구,108,팔복동1가,서곡,SC02,2026,0,0,0,0,0,0,70,0,0.0,0
52,전북특별자치도,130,군산시,320,회현면,서군산,2274,2026,0,0,0,0,0,0,705,0,0.0,0
52,전북특별자치도,130,군산시,146,소룡동,소룡,D498,2026,0,0,0,0,0,0,0,0,0.0,1
52,전북특별자치도,180,정읍시,330,소성면,소성,D493,2026,0,0,0,0,0,0,770,0,0.0,0
52,전북특별자치도,130,군산시,390,옥도면,수변도시(건설중),E839,2026,0,0,0,0,0,0,2115,0,0.0,0
52,전북특별자치도,770,순창군,400,구림면,순창,E230,2026,0,0,0,0,0,0,510,0,0.0,0
52,전북특별자치도,770,순창군,250,순창읍,신광주,2483,2026,0,0,0,0,0,0,0,0,510.0,0
52,전북특별자치도,210,김제시,124,신월동,신김제,2788,2026,0,0,0,0,0,0,1480,0,1410.0,5
52,전북특별자치도,190,남원시,101,동충동,신남원,2053,2026,0,0,0,0,0,0,0,0,0.0,0
52,전북특별자치도,180,정읍시,124,용계동,신정읍1(건설중),E125,2026,0,0,0,0,0,0,1685,0,1410.0,1
52,전북특별자치도,140,익산시,113,남중동,영등,2825,2026,0,0,0,0,0,0,0,0,0.0,0
52,전북특별자치도,710,완주군,400,동상면,완산,D363,2026,0,0,0,0,0,0,0,0,0.0,0
52,전북특별자치도,710,완주군,253,봉동읍,왕궁,E130,2026,0,0,0,0,0,0,0,0,0.0,0
52,전북특별자치도,140,익산시,127,금강동,이리,2252,2026,0,0,0,0,0,0,0,0,0.0,0
52,전북특별자치도,750,임실군,350,삼계면,임실,2303,2026,0,0,0,0,0,0,0,0,0.0,0
52,전북특별자치도,740,장수군,350,계남면,장수,D361,2026,0,0,0,0,0,0,245,0,0.0,0
52,전북특별자치도,740,장수군,250,장수읍,장수#2(건설중),E591,2026,0,0,0,0,0,0,795,0,0.0,0
52,전북특별자치도,113,전주시덕진구,135,강흥동,전주,2269,2026,0,0,0,0,0,0,65,0,0.0,0
52,전북특별자치도,180,정읍시,330,북면,정공,2768,2026,0,0,0,0,0,0,1025,0,0.0,0
52,전북특별자치도,180,정읍시,101,삼산동,정주SA,E216,2026,0,0,0,0,0,0,320,0,0.0,0
52,전북특별자치도,720,진안군,330,동향면,진안,SC01,2026,0,0,0,0,0,0,245,0,0.0,0
52,전북특별자치도,113,전주시덕진구,130,여의동,탄소(SA),E337,2026,0,0,0,0,0,0,180,0,0.0,0
52,전북특별자치도,113,전주시덕진구,102,진북동,태평(SA),S503,2026,0,0,0,0,0,0,825,0,0.0,0
52,전북특별자치도,140,익산시,400,금마면,팔봉,2609,2026,0,0,0,0,0,0,0,0,0.0,0
52,전북특별자치도,140,익산시,380,망성면,함열,2741,2026,0,0,0,0,0,0,0,0,0.0,0
44,충청남도,150,공주시,124,검상동,공주,2462,2026,0,0,0,0,0,0,0,0,0.0,0
44,충청남도,180,보령시,310,고남면,관창,2822,2026,0,0,0,0,0,0,0,0,15.0,0
44,충청남도,710,금산군,250,금산읍,금산,2490,2026,0,0,0,0,0,0,0,0,0.0,0
44,충청남도,150,공주시,126,송선동,남공주(건설중),E048,2026,0,0,0,0,0,0,0,0,0.0,0
44,충청남도,230,논산시,110,강산동,논산,S521,2026,0,0,0,0,0,0,0,0,0.0,0
44,충청남도,270,당진시,360,순성면,당진,2229,2026,0,0,0,0,0,0,0,0,0.0,0
44,충청남도,270,당진시,320,석문면,당진화력,S508,2026,0,0,0,0,0,0,0,0,30.1,1
44,충청남도,210,서산시,250,대산읍,대산,2765,2026,0,0,0,0,0,0,0,0,320.0,3
44,충청남도,180,보령시,107,내항동,대천,2238,2026,0,0,0,0,0,0,0,0,0.0,1
44,충청남도,200,아산시,390,선장면,도고(건설중),E838,2026,0,0,0,0,0,0,0,0,0.0,0
44,충청남도,131,천안시동남구,320,동면,동천안,S520,2026,0,0,0,0,0,0,0,0,0.0,0
44,충청남도,250,계룡시,107,금암동,두마,2512,2026,0,0,0,0,0,0,0,0,0.0,0
44,충청남도,200,아산시,360,둔포면,둔포,S506,2026,0,0,0,0,0,0,0,0,0.0,0
44,충청남도,180,보령시,320,오천면,보령C/C,S513,2026,0,0,0,0,0,0,0,0,0.0,0
44,충청남도,180,보령시,320,오천면,보령T/P,S512,2026,0,0,0,0,0,0,0,0,1720.0,0
44,충청남도,210,서산시,320,부석면,부석(건설중),E836,2026,0,0,0,0,0,0,0,0,0.0,0
44,충청남도,760,부여군,350,구룡면,부여,2439,2026,0,0,0,0,0,0,0,0,0.0,0
44,충청남도,270,당진시,253,송악읍,북당진,E012,2026,0,0,0,0,0,0,0,0,0.0,0
44,충청남도,200,아산시,350,음봉면,북아산,E335,2026,0,0,0,0,0,0,0,0,0.0,0
44,충청남도,133,천안시서북구,106,백석동,불당,S507,2026,0,0,0,0,0,0,0,0,0.0,0
44,충청남도,210,서산시,104,온석동,서산,2044,2026,0,0,0,0,0,0,0,0,0.0,0
44,충청남도,200,아산시,400,도고면,서산2S/S(건설중),E264,2026,0,0,0,0,0,0,0,0,0.0,0
44,충청남도,810,예산군,250,예산읍,서예산(건설중),E127,2026,0,0,0,0,0,0,0,0,0.0,0
44,충청남도,133,천안시서북구,133,두정동,서천안,2676,2026,0,0,0,0,0,0,0,0,0.0,0
44,충청남도,200,아산시,360,둔포면,석곡,D352,2026,0,0,0,0,0,0,0,0,19.8,0
44,충청남도,270,당진시,310,고대면,석문,D521,2026,0,0,0,0,0,0,0,0,10.044,37
44,충청남도,133,천안시서북구,253,성거읍,성거,2610,2026,0,0,0,0,0,0,0,0,0.0,0
44,충청남도,210,서산시,360,성연면,성연,S522,2026,0,0,0,0,0,0,0,0,0.0,7
44,충청남도,270,당진시,340,송산면,송악,2826,2026,0,0,0,0,0,0,0,0,0.0,0
44,충청남도,230,논산시,101,화지동,신계룡,S519,2026,0,0,0,0,0,0,0,0,0.0,0
44,충청남도,210,서산시,109,예천동,신당진,2787,2026,0,0,0,0,0,0,0,0,90.0,9
44,충청남도,210,서산시,360,성연면,신성연1(건설중),E535,2026,0,0,0,0,0,0,0,0,22.3616,3
44,충청남도,270,당진시,109,용연동,신송산,E154,2026,0,0,0,0,0,0,0,0,1.0414,0
44,충청남도,760,부여군,390,충화면,신옥천,2243,2026,0,0,0,0,0,0,0,0,0.0,0
44,충청남도,200,아산시,370,영인면,신온양,S526,2026,0,0,0,0,0,0,0,0,0.0,0
44,충청남도,131,천안시동남구,103,문화동,신진천,S422,2026,1035,1035,1580,1580,1580,1580,1580,1035,0.0,0
44,충청남도,200,아산시,390,선장면,신창(건설중),D991,2026,0,0,0,0,0,0,0,0,0.0,0
44,충청남도,200,아산시,330,탕정면,신탕정,D282,2026,0,0,0,0,0,0,0,0,0.0,0
44,충청남도,150,공주시,340,사곡면,신풍,2823,2026,0,0,0,0,0,0,0,0,0.0,0
44,충청남도,200,아산시,310,송악면,아산,2670,2026,0,0,0,0,0,0,0,0,1200.0,0
44,충청남도,825,태안군,310,고남면,안면,S523,2026,0,0,0,0,0,0,0,0,14.7,15
44,충청남도,230,논산시,253,연무읍,연무(건설중),E835,2026,0,0,0,0,0,0,0,0,0.0,0
44,충청남도,810,예산군,330,고덕면,예산,2051,2026,0,0,0,0,0,0,0,0,0.0,0
44,충청남도,760,부여군,410,임천면,옥산,2824,2026,0,0,0,0,0,0,0,0,0.0,0
44,충청남도,200,아산시,253,배방읍,온양,2482,2026,0,0,0,0,0,0,0,0,0.0,0
44,충청남도,230,논산시,400,가야곡면,은진,2200,2026,0,0,0,0,0,0,0,0,0.0,1
44,충청남도,800,홍성군,360,결성면,은하,D354,2026,0,0,0,0,0,0,0,0,0.0,4
44,충청남도,810,예산군,330,광시면,응봉,D355,2026,0,0,0,0,0,0,0,0,0.0,0
44,충청남도,200,아산시,390,선장면,인주,2764,2026,0,0,0,0,0,0,0,0,19.8,0
44,충청남도,133,천안시서북구,117,쌍용동,장재,S528,2026,0,0,0,0,0,0,0,0,0.0,0
44,충청남도,770,서천군,370,기산면,장항,2319,2026,0,0,0,0,0,0,0,0,0.0,3
44,충청남도,131,천안시동남구,153,구룡동,천안,2724,2026,0,0,0,0,0,0,0,0,0.0,0
44,충청남도,790,청양군,390,남양면,청양,2437,2026,0,0,0,0,0,0,0,0,1200.0,1
44,충청남도,710,금산군,320,군북면,추부,D353,2026,0,0,0,0,0,0,0,0,0.0,0
44,충청남도,200,아산시,330,탕정면,탕정,S516,2026,0,0,0,0,0,0,0,0,0.0,1
44,충청남도,825,태안군,330,근흥면,태안,2675,2026,0,0,0,0,0,0,0,0,64.7928,4
44,충청남도,825,태안군,350,원북면,태안화력,S509,2026,0,0,0,0,0,0,0,0,1.998,0
44,충청남도,131,천안시동남구,320,광덕면,풍세,D360,2026,0,0,0,0,0,0,0,0,0.0,0
44,충청남도,200,아산시,400,도고면,풍세#2(건설중),E264,2026,0,0,0,0,0,0,0,0,0.0,0
44,충청남도,133,천안시서북구,106,차암동,한샘,S527,2026,0,0,0,0,0,0,0,0,0.0,0
44,충청남도,270,당진시,370,우강면,합덕,D990,2026,0,0,0,0,0,0,0,0,40.0,0
44,충청남도,210,서산시,400,고북면,해미,S530,2026,0,0,0,0,0,0,0,0,0.0,24
44,충청남도,800,홍성군,380,갈산면,홍성,2489,2026,0,0,0,0,0,0,0,0,0.0,0
43,충청북도,770,음성군,400,감곡면,감곡,2815,2026,0,0,0,0,0,520,790,0,0.0,0
43,충청북도,750,진천군,370,광혜원면,광혜원,2729,2026,0,0,1325,1350,0,1095,1020,0,0.0,0
43,충청북도,760,괴산군,310,감물면,괴산,D347,2026,0,0,0,0,0,435,85,0,0.0,0
43,충청북도,113,청주시흥덕구,330,옥산면,국사,D348,2026,0,0,0,0,0,1240,1240,0,0.0,0
43,충청북도,130,충주시,390,금가면,금가(건설중),E834,2026,0,0,0,0,0,660,675,0,0.0,0
43,충청북도,770,음성군,253,금왕읍,금왕,S403,2026,0,0,0,0,0,0,0,0,0.0,0
43,충청북도,770,음성군,330,맹동면,남음성,D986,2026,0,0,0,0,0,595,655,0,0.0,0
43,충청북도,745,증평군,250,증평읍,남청주,2508,2026,0,0,0,0,0,2185,2185,0,0.0,0
43,충청북도,800,단양군,350,가곡면,단양,4597,2026,0,0,0,0,0,585,590,0,0.0,0
43,충청북도,750,진천군,360,덕산면,덕산,D342,2026,0,0,0,0,0,475,1230,0,0.0,0
43,충청북도,113,청주시흥덕구,126,신성동,도계2S/S(건설중),E257,2026,0,0,0,0,0,0,0,0,0.0,0
43,충청북도,111,청주시상당구,310,낭성면,동청주(건설중),D350,2026,0,0,0,0,0,0,590,0,0.0,0
43,충청북도,720,보은군,330,산외면,보은,2611,2026,0,0,0,0,0,470,470,0,0.0,0
43,충청북도,113,청주시흥덕구,250,오송읍,북오송,D988,2026,0,0,0,0,0,685,700,0,0.0,0
43,충청북도,113,청주시흥덕구,114,복대동,북청주,S441,2026,0,0,0,0,0,0,0,0,0.0,0
43,충청북도,130,충주시,400,동량면,북충주,D344,2026,0,0,0,0,0,755,1500,0,0.0,0
43,충청북도,760,괴산군,360,청천면,사담(건설중),E588,2026,0,0,0,0,0,470,980,0,0.0,0
43,충청북도,760,괴산군,350,문광면,사리,2536,2026,0,0,0,0,0,495,1015,0,0.0,0
43,충청북도,112,청주시서원구,103,모충동,사직,S406,2026,0,0,0,0,0,655,655,0,0.0,0
43,충청북도,113,청주시흥덕구,126,신성동,서오창(건설중),E257,2026,0,0,0,0,0,0,0,0,0.0,0
43,충청북도,113,청주시흥덕구,113,가경동,서청주,4569,2026,0,0,0,0,0,0,0,0,0.0,0
43,충청북도,130,충주시,360,노은면,서충주(건설중),E585,2026,0,0,0,0,0,645,645,0,0.0,0
43,충청북도,770,음성군,330,맹동면,성본,E136,2026,0,0,0,0,0,330,845,0,0.0,0
43,충청북도,720,보은군,250,보은읍,신옥천,2243,2026,0,0,0,0,0,0,0,0,0.0,0
43,충청북도,150,제천시,101,의림동,신제천,2507,2026,0,0,0,0,0,1690,1845,0,0.0,0
43,충청북도,750,진천군,250,진천읍,신진천,S422,2026,1035,1035,1580,1580,1580,1580,1580,1035,0.0,0
43,충청북도,113,청주시흥덕구,250,오송읍,신청주,E352,2026,2265,2325,2325,2935,2935,3045,3095,2265,0.0,0
43,충청북도,130,충주시,127,문화동,신충주,D275,2026,0,0,0,0,0,780,1690,0,0.0,1
43,충청북도,740,영동군,340,매곡면,영동,2244,2026,0,0,0,0,0,590,590,0,0.0,0
43,충청북도,113,청주시흥덕구,250,오송읍,오송,S433,2026,0,1295,1295,1295,1330,1335,1345,0,0.0,0
43,충청북도,114,청주시청원구,253,오창읍,오창,S420,2026,1410,1365,1360,1345,0,1340,1340,1410,0.0,0
43,충청북도,730,옥천군,320,군북면,옥천,2727,2026,0,0,0,0,0,610,610,0,0.0,0
43,충청북도,150,제천시,420,금성면,왕암,S427,2026,0,0,0,0,0,455,445,0,0.0,0
43,충청북도,114,청주시청원구,124,내덕동,율량,D341,2026,0,0,0,0,0,715,730,0,0.0,0
43,충청북도,770,음성군,310,소이면,음성,2563,2026,0,0,0,0,0,390,880,0,0.0,0
43,충청북도,750,진천군,253,덕산읍,이월(건설중),E586,2026,0,0,0,0,0,705,1150,0,0.0,0
43,충청북도,760,괴산군,310,감물면,장연,2700,2026,0,0,0,0,0,90,90,0,0.0,0
43,충청북도,150,제천시,121,강제동,제천,4596,2026,0,0,0,0,0,790,795,0,0.0,0
43,충청북도,112,청주시서원구,109,개신동,죽림,S404,2026,0,0,0,0,0,955,955,0,0.0,0
43,충청북도,750,진천군,350,이월면,진천,2527,2026,0,0,0,0,0,0,0,0,0.0,0
43,충청북도,111,청주시상당구,330,가덕면,청주,2725,2026,0,0,0,0,0,835,860,0,0.0,0
43,충청북도,114,청주시청원구,250,내수읍,초정,S429,2026,0,0,0,0,0,585,585,0,0.0,0
43,충청북도,130,충주시,105,교현동,충주,2446,2026,0,0,0,0,0,560,675,0,0.0,0
43,충청북도,130,충주시,400,동량면,충주HP(건설중),S437,2026,0,0,0,0,0,560,675,0,0.0,0
43,충청북도,130,충주시,165,가주동,풍동,S405,2026,0,0,0,0,0,450,935,0,0.0,0
