sido_cd,sido_nm,sup229_n_sub,sup229_y2026_sum,sup229_y2026_max,sup229_y2027_sum,sup229_y2027_max,sup229_y2028_sum,sup229_y2028_max,sup229_y2029_sum,sup229_y2029_max,sup229_y2030_sum,sup229_y2030_max,sup229_y2031_sum,sup229_y2031_max,sup229_y2032_sum,sup229_y2032_max,sup229_min_cpct_sum,sup229_min_cpct_max,sup154_n_sub,sup154_y2026_sum,sup154_y2026_max,sup154_y2027_sum,sup154_y2027_max,sup154_y2028_sum,sup154_y2028_max,sup154_y2029_sum,sup154_y2029_max,sup154_y2030_sum,sup154_y2030_max,sup154_y2031_sum,sup154_y2031_max,sup154_y2032_sum,sup154_y2032_max,sup154_min_cpct_sum,sup154_min_cpct_max,renw_n_sub,renw_y2026_sum,renw_y2026_max,renw_y2027_sum,renw_y2027_max,renw_y2028_sum,renw_y2028_max,renw_y2029_sum,renw_y2029_max,renw_y2030_sum,renw_y2030_max,renw_y2031_sum,renw_y2031_max,renw_y2032_sum,renw_y2032_max,renw_min_cpct_sum,renw_min_cpct_max,renw_sixyr_cpct_sum,renw_sixyr_cpct_max,cbr_n_sub,cbr_b229_total_sum,cbr_b229_total_max,cbr_b229_use_sum,cbr_b229_use_max,cbr_b229_subs_sum,cbr_b229_subs_max,cbr_b229_futu_sum,cbr_b229_futu_max,cbr_b154_total_sum,cbr_b154_total_max,cbr_b154_use_sum,cbr_b154_use_max,cbr_b154_subs_sum,cbr_b154_subs_max,cbr_b154_futu_sum,cbr_b154_futu_max,c345_n_sub,c345_b345_total_sum,c345_b345_total_max,c345_b345_use_sum,c345_b345_use_max,c345_b345_subs_sum,c345_b345_subs_max,c345_b345_futu_sum,c345_b345_futu_max,c345_b154_total_sum,c345_b154_total_max,c345_b154_use_sum,c345_b154_use_max,c345_b154_subs_sum,c345_b154_subs_max,c345_b154_futu_sum,c345_b154_futu_max
11,서울특별시,109,1008.0,152.8,1022.8,152.7,977.8,152.6,791.5,152.5,693.2,152.4,388.40000000000003,85.9,624.4,92.0,1008.0,152.8,109,3305.0,455.0,3090.0,440.0,3475.0,450.0,2090.0,255.0,2440.0,315.0,2050.0,315.0,4600.0,545.0,3305.0,455.0,113,51140.0,2265.0,54230.0,2265.0,56760.0,2275.0,57865.0,2275.0,60805.0,2275.0,63800.0,2275.0,67235.0,2290.0,51140.0,2265.0,19.8,19.8,154,3506,36,2717,35,95,8,694,25,1395,19,944,15,93,5,358,9,15,105,14,54,13,37,10,10,4,199,19,104,15,43,9,52,7
12,전남광주통합특별시,64,1934.4,165.6,3075.2,165.6,3398.1,220.8,3146.5,220.8,3322.1,220.8,3216.0,220.8,3220.3,220.8,1934.4,165.6,64,3650.0,1095.0,6645.0,935.0,7540.0,935.0,7360.0,950.0,7800.0,1155.0,7720.0,1475.0,7205.0,1445.0,3650.0,1095.0,72,0.0,0.0,0.0,0.0,0.0,0.0,0.0,0.0,0.0,0.0,0.0,0.0,1745.0,775.0,0.0,0.0,18072.7788,2942.0,122,1979,31,1536,29,76,8,367,13,1464,20,869,20,400,10,195,6,5,56,15,28,12,27,10,1,1,90,18,37,11,33,16,20,9
26,부산광역시,51,369.0,101.0,317.9,121.6,0.2,0.2,239.6,110.0,216.6,105.0,232.3,95.0,145.5,75.0,369.0,101.0,51,1635.0,265.0,700.0,240.0,0.0,0.0,640.0,505.0,650.0,475.0,665.0,440.0,630.0,390.0,1635.0,265.0,54,24820.0,1615.0,27400.0,1615.0,28420.0,1615.0,31900.0,1790.0,34790.0,1790.0,43105.0,1805.0,43425.0,1875.0,24820.0,1615.0,674.3,306.0,75,1397,31,1069,26,116,6,212,10,732,22,493,15,91,5,148,9,6,46,15,39,13,0,0,7,2,83,22,60,14,5,3,18,6
27,대구광역시,39,1284.0,145.5,1512.1,165.6,1760.6,165.6,1690.5,165.6,1603.3,165.6,1577.6,165.6,1469.3,165.6,1284.0,145.5,39,5020.0,655.0,5735.0,670.0,7565.0,880.0,6935.0,680.0,6765.0,660.0,6375.0,655.0,5615.0,640.0,5020.0,655.0,43,19035.0,1490.0,21500.0,2205.0,27980.0,2320.0,28480.0,2320.0,28605.0,2335.0,29640.0,2370.0,29865.0,2400.0,19035.0,1490.0,59.400000000000006,39.6,56,1062,33,861,31,13,2,188,14,580,24,359,16,50,5,171,10,5,66,16,44,12,6,2,16,8,105,38,68,19,9,7,28,13
28,인천광역시,50,0.0,0.0,0.0,0.0,0.0,0.0,0.0,0.0,0.0,0.0,185.0,35.0,238.5,35.0,0.0,0.0,50,0.0,0.0,5.0,5.0,0.0,0.0,0.0,0.0,0.0,0.0,260.0,35.0,940.0,430.0,0.0,0.0,53,17915.0,2085.0,26490.0,2085.0,28895.0,2085.0,31545.0,2085.0,32100.0,2085.0,35030.0,2085.0,36495.0,2085.0,17915.0,2085.0,600.3199999999999,500.0,44,822,32,789,45,25,10,8,7,423,18,308,14,52,4,63,6,8,78,12,51,10,23,10,4,2,84,18,53,12,22,8,9,6
30,대전광역시,21,454.2,133.9,307.8,109.5,300.5,109.0,264.2,105.0,0.0,0.0,0.0,0.0,0.0,0.0,454.2,133.9,21,1735.0,265.0,830.0,365.0,835.0,360.0,730.0,310.0,0.0,0.0,0.0,0.0,0.0,0.0,1735.0,265.0,22,0.0,0.0,0.0,0.0,0.0,0.0,0.0,0.0,0.0,0.0,0.0,0.0,0.0,0.0,0.0,0.0,1694.0,1200.0,32,585,28,366,27,74,10,145,19,376,18,265,16,4,3,107,8,1,10,10,2,2,8,8,0,0,16,16,10,10,0,0,6,6
31,울산광역시,22,168.7,148.7,145.0,135.0,130.0,125.0,236.4,148.3,481.9,148.1,497.8,148.0,479.70000000000005,147.9,168.7,148.7,22,760.0,740.0,145.0,135.0,130.0,125.0,640.0,495.0,1670.0,475.0,1665.0,350.0,1980.0,415.0,760.0,740.0,27,5510.0,1455.0,5515.0,1455.0,6035.0,1455.0,6390.0,1455.0,6395.0,1455.0,17880.0,1705.0,20205.0,1710.0,5510.0,1455.0,267.435,208.0,32,469,26,383,26,25,5,61,10,382,27,259,23,18,3,105,14,6,63,15,43,12,6,4,14,6,88,29,62,24,1,1,25,7
36,세종특별자치시,8,327.1,143.6,292.7,136.3,446.90000000000003,165.6,405.0,159.8,7.7,7.7,3.6,3.6,0.0,0.0,327.1,143.6,8,1085.0,265.0,1350.0,365.0,2410.0,590.0,2125.0,535.0,190.0,190.0,80.0,80.0,0.0,0.0,1085.0,265.0,8,0.0,0.0,0.0,0.0,0.0,0.0,0.0,0.0,0.0,0.0,0.0,0.0,0.0,0.0,0.0,0.0,0.0,0.0,6,146,26,118,25,18,10,10,4,62,18,42,10,2,2,18,8,1,6,6,4,4,0,0,2,2,18,18,10,10,0,0,8,8
41,경기도,221,670.2,165.6,694.8,165.6,840.7,160.1,978.0,150.0,1155.9,150.0,2035.3999999999999,165.6,2958.9,165.6,670.2,165.6,221,3215.0,685.0,3980.0,660.0,4235.0,600.0,4800.0,665.0,8225.0,650.0,12925.0,745.0,17495.0,805.0,3215.0,685.0,236,117680.0,2200.0,132485.0,2225.0,150225.0,2235.0,166415.0,2270.0,171020.0,2270.0,182175.0,2270.0,200990.0,2300.0,117680.0,2200.0,128.275,39.0,260,6195,48,4865,40,371,18,959,19,2548,19,1676,17,280,8,592,8,48,462,22,185,13,171,22,102,7,687,25,291,21,196,16,200,18
43,충청북도,42,691.2,114.3,632.3000000000001,112.4,813.2,165.6,950.6,165.6,1221.6,165.6,1161.5,165.6,1107.4,165.6,691.2,114.3,42,2715.0,825.0,3380.0,905.0,5650.0,1015.0,5255.0,940.0,5635.0,965.0,8055.0,1335.0,8175.0,1445.0,2715.0,825.0,45,4710.0,2265.0,6020.0,2325.0,7885.0,2325.0,8505.0,2935.0,5845.0,2935.0,30355.0,3045.0,36740.0,3095.0,4710.0,2265.0,0.0,0.0,59,1259,34,949,31,34,4,276,17,677,20,570,20,28,3,79,5,6,49,11,32,8,8,4,9,4,107,20,94,20,10,6,3,3
44,충청남도,56,1025.6,165.6,897.6,165.6,793.8,147.3,691.4,145.3,583.0,141.2,1130.1,165.6,1136.2,165.6,1025.6,165.6,56,7815.0,745.0,8005.0,825.0,7720.0,835.0,7075.0,900.0,6205.0,865.0,11555.0,1150.0,10940.0,1100.0,7815.0,745.0,63,1035.0,1035.0,1035.0,1035.0,1580.0,1580.0,1580.0,1580.0,1580.0,1580.0,1580.0,1580.0,1580.0,1580.0,1035.0,1035.0,4769.6378,1720.0,66,1290,28,918,27,162,9,210,20,741,18,455,16,76,5,210,13,13,126,16,46,10,40,10,40,10,185,18,48,14,43,12,94,14
47,경상북도,69,2803.7,165.6,2870.0,165.6,3837.2,165.6,3496.4,165.6,3866.9,165.6,4706.8,165.6,4662.8,165.6,2803.7,165.6,69,8320.0,710.0,7660.0,680.0,11540.0,690.0,11210.0,690.0,14410.0,1485.0,18720.0,1535.0,19485.0,1430.0,8320.0,710.0,78,24040.0,2425.0,25505.0,2425.0,27800.0,2425.0,27860.0,2425.0,28000.0,2445.0,41125.0,2470.0,43525.0,2520.0,24040.0,2425.0,982.6492,205.9769,80,1576,33,1132,29,93,6,351,18,822,24,531,16,113,8,178,10,11,137,16,92,14,14,4,31,8,191,38,120,19,23,7,48,13
48,경상남도,70,1304.9,133.5,1176.2,132.8,1413.8,132.1,1578.8,131.4,2189.7,144.3,2214.8,142.4,2131.9,140.6,1304.9,133.5,70,2460.0,605.0,2155.0,570.0,2010.0,880.0,3420.0,605.0,5040.0,615.0,4785.0,415.0,4955.0,585.0,2460.0,605.0,75,21895.0,1450.0,25955.0,1450.0,29570.0,1815.0,36165.0,1890.0,38970.0,1890.0,39870.0,1910.0,47160.0,1975.0,21895.0,1450.0,2608.271,2565.5,83,1527,31,1221,28,30,4,276,12,1147,26,721,20,44,6,382,11,7,66,16,55,13,5,3,6,2,113,27,72,14,4,2,37,18
50,제주특별자치도,0,0.0,0.0,0.0,0.0,0.0,0.0,0.0,0.0,0.0,0.0,0.0,0.0,0.0,0.0,0.0,0.0,0,0.0,0.0,0.0,0.0,0.0,0.0,0.0,0.0,0.0,0.0,0.0,0.0,0.0,0.0,0.0,0.0,0,0.0,0.0,0.0,0.0,0.0,0.0,0.0,0.0,0.0,0.0,0.0,0.0,0.0,0.0,0.0,0.0,0.0,0.0,13,284,31,215,20,9,2,60,11,102,12,65,7,29,8,8,3,0,0,0,0,0,0,0,0,0,0,0,0,0,0,0,0,0
51,강원특별자치도,49,2771.5,165.6,3360.9,165.6,3332.9,165.6,3597.2,165.6,3639.6,165.6,4092.9,165.6,4214.8,165.6,2771.5,165.6,49,4685.0,495.0,6710.0,560.0,6235.0,455.0,7005.0,570.0,8840.0,845.0,11475.0,875.0,11515.0,855.0,4685.0,495.0,65,175.0,175.0,980.0,740.0,980.0,740.0,980.0,740.0,7065.0,825.0,19165.0,1690.0,25590.0,1845.0,175.0,175.0,1835.1766,296.2,53,1010,30,545,26,92,8,373,18,534,20,360,18,88,5,84,8,3,27,13,19,10,2,2,6,3,21,11,19,11,0,0,2,2
52,전북특별자치도,48,1935.6,165.6,1732.8,165.6,2072.8,220.8,2029.5,220.8,3454.5,220.8,3495.9,220.8,3402.2,220.8,1935.6,165.6,48,5559.0,725.0,3730.0,690.0,5860.0,775.0,5510.0,740.0,13510.0,730.0,13335.0,800.0,12575.0,800.0,5559.0,725.0,51,0.0,0.0,0.0,0.0,0.0,0.0,0.0,0.0,0.0,0.0,0.0,0.0,22780.0,2115.0,0.0,0.0,3958.879,1410.0,49,1106,34,852,31,37,8,217,21,509,18,370,12,79,7,60,6,9,76,14,24,11,47,12,4,2,102,20,50,20,21,7,31,18
