region_cd,sido_cd,sido_nm,sgg_cd,sgg_nm,sup229_n_sub,sup229_y2026_sum,sup229_y2026_max,sup229_y2027_sum,sup229_y2027_max,sup229_y2028_sum,sup229_y2028_max,sup229_y2029_sum,sup229_y2029_max,sup229_y2030_sum,sup229_y2030_max,sup229_y2031_sum,sup229_y2031_max,sup229_y2032_sum,sup229_y2032_max,sup229_min_cpct_sum,sup229_min_cpct_max,sup154_n_sub,sup154_y2026_sum,sup154_y2026_max,sup154_y2027_sum,sup154_y2027_max,sup154_y2028_sum,sup154_y2028_max,sup154_y2029_sum,sup154_y2029_max,sup154_y2030_sum,sup154_y2030_max,sup154_y2031_sum,sup154_y2031_max,sup154_y2032_sum,sup154_y2032_max,sup154_min_cpct_sum,sup154_min_cpct_max,renw_n_sub,renw_y2026_sum,renw_y2026_max,renw_y2027_sum,renw_y2027_max,renw_y2028_sum,renw_y2028_max,renw_y2029_sum,renw_y2029_max,renw_y2030_sum,renw_y2030_max,renw_y2031_sum,renw_y2031_max,renw_y2032_sum,renw_y2032_max,renw_min_cpct_sum,renw_min_cpct_max,renw_sixyr_cpct_sum,renw_sixyr_cpct_max,cbr_n_sub,cbr_b229_total_sum,cbr_b229_total_max,cbr_b229_use_sum,cbr_b229_use_max,cbr_b229_subs_sum,cbr_b229_subs_max,cbr_b229_futu_sum,cbr_b229_futu_max,cbr_b154_total_sum,cbr_b154_total_max,cbr_b154_use_sum,cbr_b154_use_max,cbr_b154_subs_sum,cbr_b154_subs_max,cbr_b154_futu_sum,cbr_b154_futu_max,c345_n_sub,c345_b345_total_sum,c345_b345_total_max,c345_b345_use_sum,c345_b345_use_max,c345_b345_subs_sum,c345_b345_subs_max,c345_b345_futu_sum,c345_b345_futu_max,c345_b154_total_sum,c345_b154_total_max,c345_b154_use_sum,c345_b154_use_max,c345_b154_subs_sum,c345_b154_subs_max,c345_b154_futu_sum,c345_b154_futu_max
11110,11,서울특별시,110,종로구,7,19.1,9.4,17.6,8.1,13.1,6.8,11.8,6.2,10.5,6.1,9.3,6.1,8.1,6.0,19.1,9.4,7,235.0,80.0,205.0,75.0,200.0,70.0,80.0,70.0,90.0,70.0,0.0,0.0,0.0,0.0,235.0,80.0,5,2730.0,620.0,2730.0,620.0,2730.0,620.0,2730.0,620.0,2735.0,625.0,2735.0,625.0,2735.0,625.0,2730.0,620.0,0.0,0.0,10,199,32,175,28,0,0,24,6,84,18,62,14,-5,0,27,9,1,4,4,4,4,0,0,0,0,16,16,10,10,0,0,6,6
11140,11,서울특별시,140,중구,5,119.4,80.0,98.9,60.0,103.5,65.0,43.2,22.1,0.0,0.0,0.0,0.0,0.0,0.0,119.4,80.0,5,160.0,80.0,120.0,60.0,130.0,65.0,10.0,5.0,20.0,10.0,0.0,0.0,0.0,0.0,160.0,80.0,8,7090.0,1490.0,7115.0,1490.0,7330.0,1490.0,7440.0,1490.0,7680.0,1490.0,7805.0,1490.0,8230.0,1575.0,7090.0,1490.0,0.0,0.0,7,144,30,111,24,2,1,31,17,66,18,45,14,0,1,21,9,0,0,0,0,0,0,0,0,0,0,0,0,0,0,0,0,0
11170,11,서울특별시,170,용산구,7,0.0,0.0,1.5,1.5,0.1,0.1,0.0,0.0,0.0,0.0,0.0,0.0,0.0,0.0,0.0,0.0,7,45.0,45.0,20.0,20.0,0.0,0.0,0.0,0.0,0.0,0.0,0.0,0.0,1090.0,545.0,45.0,45.0,4,400.0,315.0,400.0,315.0,400.0,315.0,400.0,315.0,400.0,315.0,1795.0,500.0,2235.0,665.0,400.0,315.0,0.0,0.0,7,136,31,103,28,5,3,28,10,70,18,41,14,7,3,22,9,1,4,4,4,4,0,0,0,0,16,16,10,10,0,0,6,6
11200,11,서울특별시,200,성동구,5,182.0,83.9,164.5,72.2,161.3,71.5,121.4,70.9,71.7,70.2,70.89999999999999,69.6,66.2,65.0,182.0,83.9,5,315.0,125.0,270.0,110.0,245.0,90.0,95.0,70.0,105.0,70.0,80.0,70.0,75.0,65.0,315.0,125.0,5,2725.0,1005.0,2725.0,1005.0,2780.0,1005.0,2780.0,1005.0,2780.0,1005.0,2790.0,1005.0,2790.0,1005.0,2725.0,1005.0,0.0,0.0,5,123,34,84,29,4,4,35,13,48,18,27,14,6,4,15,4,1,4,4,4,4,0,0,0,0,18,18,12,12,0,0,6,6
11215,11,서울특별시,215,광진구,3,20.4,20.4,19.6,19.6,18.9,18.9,18.2,18.2,17.5,17.5,16.8,16.8,16.2,16.2,20.4,20.4,3,0.0,0.0,0.0,0.0,0.0,0.0,0.0,0.0,0.0,0.0,0.0,0.0,0.0,0.0,0.0,0.0,4,1520.0,965.0,3120.0,1950.0,3595.0,2105.0,3610.0,2105.0,3770.0,2260.0,3770.0,2260.0,3790.0,2280.0,1520.0,965.0,0.0,0.0,5,101,30,71,28,0,0,30,14,53,18,41,14,0,0,12,4,1,4,4,4,4,0,0,0,0,18,18,12,12,0,0,6,6
11230,11,서울특별시,230,동대문구,2,87.7,80.0,68.9,65.0,67.6,65.0,10.0,5.0,10.0,10.0,0.0,0.0,0.0,0.0,87.7,80.0,2,160.0,80.0,130.0,65.0,130.0,65.0,10.0,5.0,20.0,10.0,0.0,0.0,0.0,0.0,160.0,80.0,4,3695.0,2265.0,3695.0,2265.0,3695.0,2265.0,3695.0,2265.0,3695.0,2265.0,3695.0,2265.0,3715.0,2285.0,3695.0,2265.0,0.0,0.0,5,77,30,51,25,1,1,25,21,50,18,35,14,4,4,11,4,1,4,4,4,4,0,0,0,0,18,18,12,12,0,0,6,6
11260,11,서울특별시,260,중랑구,2,103.60000000000001,91.9,101.39999999999999,91.3,99.0,90.7,97.3,90.1,92.4,86.4,90.80000000000001,85.9,89.30000000000001,85.4,103.60000000000001,91.9,2,415.0,210.0,340.0,170.0,545.0,290.0,480.0,255.0,490.0,260.0,490.0,260.0,460.0,245.0,415.0,210.0,3,2570.0,1300.0,2535.0,1270.0,3325.0,1275.0,3365.0,1285.0,3545.0,1295.0,3550.0,1295.0,3550.0,1295.0,2570.0,1300.0,0.0,0.0,2,57,30,38,28,0,0,19,17,16,8,13,7,1,1,2,1,1,4,4,4,4,0,0,0,0,18,18,12,12,0,0,6,6
11290,11,서울특별시,290,성북구,4,106.3,68.1,184.4,80.0,137.6,66.5,127.0,65.7,125.3,65.0,0.0,0.0,0.0,0.0,106.3,68.1,4,215.0,135.0,290.0,145.0,200.0,100.0,125.0,90.0,135.0,95.0,0.0,0.0,0.0,0.0,215.0,135.0,4,0.0,0.0,0.0,0.0,0.0,0.0,0.0,0.0,0.0,0.0,0.0,0.0,0.0,0.0,0.0,0.0,0.0,0.0,6,102,31,76,23,0,0,26,14,58,18,40,14,4,4,14,5,1,4,4,4,4,0,0,0,0,18,18,12,12,0,0,6,6
11305,11,서울특별시,305,강북구,1,152.8,152.8,152.7,152.7,152.6,152.6,152.5,152.5,152.4,152.4,0.0,0.0,0.0,0.0,152.8,152.8,1,185.0,185.0,180.0,180.0,175.0,175.0,160.0,160.0,160.0,160.0,0.0,0.0,0.0,0.0,185.0,185.0,2,0.0,0.0,0.0,0.0,0.0,0.0,0.0,0.0,0.0,0.0,0.0,0.0,0.0,0.0,0.0,0.0,0.0,0.0,4,75,30,44,23,1,1,30,25,34,12,19,8,6,4,9,4,1,4,4,4,4,0,0,0,0,18,18,12,12,0,0,6,6
11320,11,서울특별시,320,도봉구,3,139.0,126.9,136.0,126.6,133.0,126.3,125.4,120.0,130.0,125.7,3.1,3.1,2.0,2.0,139.0,126.9,3,1055.0,455.0,1035.0,440.0,1065.0,450.0,415.0,160.0,540.0,200.0,0.0,0.0,0.0,0.0,1055.0,455.0,3,0.0,0.0,0.0,0.0,0.0,0.0,0.0,0.0,0.0,0.0,0.0,0.0,0.0,0.0,0.0,0.0,0.0,0.0,4,87,31,53,26,0,0,34,23,36,12,25,8,4,4,7,4,1,4,4,4,4,0,0,0,0,18,18,12,12,0,0,6,6
11350,11,서울특별시,350,노원구,4,71.0,71.0,58.1,58.1,66.1,57.4,56.599999999999994,47.9,55.900000000000006,47.2,55.3,46.6,54.599999999999994,45.9,71.0,71.0,4,485.0,260.0,455.0,250.0,740.0,275.0,635.0,255.0,800.0,315.0,555.0,315.0,555.0,315.0,485.0,260.0,3,550.0,550.0,550.0,550.0,550.0,550.0,550.0,550.0,550.0,550.0,550.0,550.0,550.0,550.0,550.0,550.0,0.0,0.0,4,74,31,57,28,1,1,16,10,34,12,22,8,5,4,7,5,1,4,4,4,4,0,0,0,0,18,18,12,12,0,0,6,6
11380,11,서울특별시,380,은평구,2,0.0,0.0,0.0,0.0,0.0,0.0,0.0,0.0,0.0,0.0,0.0,0.0,0.0,0.0,0.0,0.0,2,0.0,0.0,0.0,0.0,0.0,0.0,0.0,0.0,0.0,0.0,0.0,0.0,0.0,0.0,0.0,0.0,2,865.0,590.0,865.0,590.0,865.0,590.0,870.0,590.0,880.0,590.0,885.0,590.0,885.0,590.0,865.0,590.0,0.0,0.0,4,100,31,79,25,0,0,21,13,40,18,27,10,3,4,10,9,2,13,9,10,6,3,3,0,0,30,16,22,12,0,0,8,6
11410,11,서울특별시,410,서대문구,5,0.0,0.0,0.0,0.0,0.0,0.0,0.0,0.0,0.0,0.0,0.0,0.0,0.0,0.0,0.0,0.0,5,0.0,0.0,0.0,0.0,0.0,0.0,0.0,0.0,0.0,0.0,0.0,0.0,145.0,145.0,0.0,0.0,3,955.0,460.0,1025.0,495.0,1435.0,565.0,1765.0,675.0,1780.0,675.0,1785.0,675.0,1790.0,675.0,955.0,460.0,0.0,0.0,6,151,31,134,25,0,0,17,6,52,18,35,10,4,5,13,9,1,4,4,4,4,0,0,0,0,16,16,10,10,0,0,6,6
11440,11,서울특별시,440,마포구,4,1.1,1.1,0.3,0.3,6.1,6.1,9.2,5.4,8.6,4.8,8.0,4.2,7.3,3.8,1.1,1.1,4,0.0,0.0,0.0,0.0,0.0,0.0,35.0,35.0,35.0,35.0,35.0,35.0,435.0,400.0,0.0,0.0,10,3825.0,845.0,3845.0,845.0,3965.0,915.0,3970.0,915.0,3970.0,915.0,3970.0,915.0,4815.0,1325.0,3825.0,845.0,19.8,19.8,11,283,30,224,29,11,4,48,12,88,18,58,10,14,5,16,9,2,10,6,4,4,6,6,0,0,24,16,10,10,6,6,8,6
11470,11,서울특별시,470,양천구,3,0.0,0.0,0.0,0.0,0.0,0.0,0.0,0.0,0.0,0.0,0.0,0.0,0.0,0.0,0.0,0.0,3,0.0,0.0,0.0,0.0,0.0,0.0,0.0,0.0,0.0,0.0,0.0,0.0,0.0,0.0,0.0,0.0,5,3280.0,2235.0,3280.0,2235.0,3320.0,2275.0,3880.0,2275.0,3955.0,2275.0,3970.0,2275.0,4400.0,2290.0,3280.0,2235.0,0.0,0.0,4,85,30,64,30,8,8,13,10,41,18,26,9,4,2,11,7,3,26,12,16,8,8,4,2,2,34,18,17,10,11,5,6,6
11500,11,서울특별시,500,강서구,4,0.0,0.0,0.0,0.0,0.0,0.0,0.0,0.0,0.0,0.0,0.0,0.0,0.0,0.0,0.0,0.0,4,0.0,0.0,0.0,0.0,0.0,0.0,0.0,0.0,0.0,0.0,0.0,0.0,0.0,0.0,0.0,0.0,1,2085.0,2085.0,2085.0,2085.0,2085.0,2085.0,2085.0,2085.0,2085.0,2085.0,2085.0,2085.0,2085.0,2085.0,2085.0,2085.0,0.0,0.0,4,107,29,100,29,1,1,6,4,43,18,29,10,7,3,7,6,1,12,12,8,8,2,2,2,2,18,18,10,10,2,2,6,6
11530,11,서울특별시,530,구로구,4,0.0,0.0,0.0,0.0,0.0,0.0,0.0,0.0,0.0,0.0,0.0,0.0,0.0,0.0,0.0,0.0,4,0.0,0.0,0.0,0.0,0.0,0.0,0.0,0.0,0.0,0.0,0.0,0.0,0.0,0.0,0.0,0.0,6,4010.0,2200.0,4010.0,2200.0,4120.0,2200.0,4125.0,2200.0,5495.0,2200.0,5880.0,2200.0,6250.0,2200.0,4010.0,2200.0,0.0,0.0,6,120,31,83,28,11,4,26,13,70,19,42,12,5,3,23,7,2,22,14,13,13,4,4,1,1,31,19,12,12,9,9,10,7
11545,11,서울특별시,545,금천구,5,0.0,0.0,0.0,0.0,0.0,0.0,0.0,0.0,0.0,0.0,46.7,40.0,46.7,40.0,0.0,0.0,5,0.0,0.0,0.0,0.0,0.0,0.0,0.0,0.0,0.0,0.0,40.0,40.0,40.0,40.0,0.0,0.0,5,625.0,625.0,625.0,625.0,625.0,625.0,625.0,625.0,625.0,625.0,625.0,625.0,625.0,625.0,625.0,625.0,0.0,0.0,6,134,28,109,25,9,4,16,8,49,19,38,12,0,0,11,7,1,14,14,13,13,0,0,1,1,19,19,12,12,0,0,7,7
11560,11,서울특별시,560,영등포구,9,0.0,0.0,0.0,0.0,0.0,0.0,0.0,0.0,0.0,0.0,68.6,42.4,68.6,42.4,0.0,0.0,9,0.0,0.0,0.0,0.0,0.0,0.0,0.0,0.0,0.0,0.0,635.0,285.0,400.0,285.0,0.0,0.0,7,2565.0,770.0,2565.0,770.0,2720.0,770.0,2720.0,770.0,3370.0,1410.0,4410.0,1410.0,4420.0,1420.0,2565.0,770.0,0.0,0.0,11,245,36,211,35,13,6,21,9,88,19,55,12,7,3,26,7,2,8,4,3,3,4,4,1,1,23,18,9,9,7,5,7,7
11590,11,서울특별시,590,동작구,3,0.0,0.0,0.0,0.0,0.0,0.0,0.0,0.0,0.0,0.0,0.0,0.0,0.0,0.0,0.0,0.0,3,0.0,0.0,0.0,0.0,0.0,0.0,0.0,0.0,0.0,0.0,170.0,140.0,170.0,140.0,0.0,0.0,1,310.0,310.0,310.0,310.0,310.0,310.0,310.0,310.0,310.0,310.0,310.0,310.0,315.0,315.0,310.0,310.0,0.0,0.0,5,96,34,82,25,0,0,14,9,54,19,35,12,2,2,17,7,1,4,4,3,3,0,0,1,1,18,18,9,9,2,2,7,7
11620,11,서울특별시,620,관악구,2,0.0,0.0,0.0,0.0,0.0,0.0,0.0,0.0,0.0,0.0,0.0,0.0,58.1,58.1,0.0,0.0,2,0.0,0.0,0.0,0.0,0.0,0.0,0.0,0.0,0.0,0.0,0.0,0.0,90.0,90.0,0.0,0.0,4,610.0,350.0,610.0,350.0,610.0,350.0,610.0,350.0,610.0,350.0,610.0,350.0,705.0,355.0,610.0,350.0,0.0,0.0,5,116,34,78,25,3,3,35,14,45,18,27,9,4,2,14,7,1,14,14,13,13,0,0,1,1,19,19,12,12,0,0,7,7
11650,11,서울특별시,650,서초구,8,0.0,0.0,0.0,0.0,0.0,0.0,0.0,0.0,0.0,0.0,0.0,0.0,96.4,53.6,0.0,0.0,8,0.0,0.0,0.0,0.0,0.0,0.0,0.0,0.0,0.0,0.0,0.0,0.0,745.0,350.0,0.0,0.0,8,4710.0,1260.0,4725.0,1260.0,4735.0,1260.0,4745.0,1260.0,4875.0,1260.0,4875.0,1260.0,4970.0,1260.0,4710.0,1260.0,0.0,0.0,12,293,32,234,30,14,3,45,14,95,18,68,15,6,4,21,5,2,8,4,2,2,6,4,0,0,22,18,15,15,4,4,3,3
11680,11,서울특별시,680,강남구,8,5.0,5.0,18.3,5.0,18.3,5.0,18.3,5.0,18.3,5.0,18.3,5.0,110.3,92.0,5.0,5.0,8,0.0,0.0,10.0,5.0,10.0,5.0,10.0,5.0,10.0,5.0,10.0,5.0,360.0,350.0,0.0,0.0,8,3265.0,910.0,3795.0,1110.0,3795.0,1110.0,3795.0,1110.0,3805.0,1110.0,3805.0,1110.0,4450.0,1120.0,3265.0,910.0,0.0,0.0,9,250,35,175,26,3,2,72,18,74,13,53,9,4,2,17,5,2,8,4,2,2,6,4,0,0,22,18,15,15,4,4,3,3
11710,11,서울특별시,710,송파구,7,0.6,0.6,0.6,0.6,0.6,0.6,0.6,0.6,0.6,0.6,0.6,0.6,0.6,0.6,0.6,0.6,7,35.0,35.0,35.0,35.0,35.0,35.0,35.0,35.0,35.0,35.0,35.0,35.0,35.0,35.0,35.0,35.0,6,2165.0,725.0,2165.0,725.0,2315.0,755.0,2340.0,765.0,2435.0,810.0,2445.0,810.0,2470.0,830.0,2165.0,725.0,0.0,0.0,9,268,36,218,34,8,6,42,14,77,13,60,9,1,1,16,5,3,22,10,6,4,10,10,6,4,38,15,17,9,11,9,10,6
11740,11,서울특별시,740,강동구,2,0.0,0.0,0.0,0.0,0.0,0.0,0.0,0.0,0.0,0.0,0.0,0.0,0.0,0.0,0.0,0.0,2,0.0,0.0,0.0,0.0,0.0,0.0,0.0,0.0,0.0,0.0,0.0,0.0,0.0,0.0,0.0,0.0,2,590.0,295.0,1455.0,1070.0,1455.0,1070.0,1455.0,1070.0,1455.0,1070.0,1455.0,1070.0,1460.0,1070.0,590.0,295.0,0.0,0.0,3,83,35,63,34,0,0,20,12,30,13,21,9,0,0,9,4,3,22,10,6,4,10,10,6,4,38,15,17,9,11,9,10,6
12110,12,전남광주통합특별시,110,목포시,0,0.0,0.0,0.0,0.0,0.0,0.0,0.0,0.0,0.0,0.0,0.0,0.0,0.0,0.0,0.0,0.0,0,0.0,0.0,0.0,0.0,0.0,0.0,0.0,0.0,0.0,0.0,0.0,0.0,0.0,0.0,0.0,0.0,2,0.0,0.0,0.0,0.0,0.0,0.0,0.0,0.0,0.0,0.0,0.0,0.0,0.0,0.0,0.0,0.0,89.1574,59.4574,4,47,26,39,20,3,2,5,5,55,20,26,10,22,10,7,4,1,10,10,4,4,6,6,0,0,18,18,7,7,2,2,9,9
12130,12,전남광주통합특별시,130,여수시,5,0.0,0.0,0.0,0.0,0.0,0.0,0.0,0.0,0.0,0.0,0.0,0.0,0.0,0.0,0.0,0.0,5,0.0,0.0,0.0,0.0,0.0,0.0,0.0,0.0,0.0,0.0,0.0,0.0,0.0,0.0,0.0,0.0,9,0.0,0.0,0.0,0.0,0.0,0.0,0.0,0.0,0.0,0.0,0.0,0.0,0.0,0.0,0.0,0.0,3746.6839,1477.5,6,126,29,110,29,11,6,5,3,83,20,72,20,5,2,6,3,1,15,15,12,12,3,3,0,0,18,18,8,8,5,5,5,5
12150,12,전남광주통합특별시,150,순천시,7,116.5,116.5,115.7,115.7,115.0,115.0,114.3,114.3,231.5,117.9,230.3,117.4,229.2,117.0,116.5,116.5,7,60.0,60.0,410.0,410.0,415.0,415.0,385.0,385.0,415.0,415.0,405.0,405.0,405.0,405.0,60.0,60.0,4,0.0,0.0,0.0,0.0,0.0,0.0,0.0,0.0,0.0,0.0,0.0,0.0,0.0,0.0,0.0,0.0,2706.9,2565.5,8,117,26,97,20,7,4,13,6,84,18,55,15,16,6,13,5,2,25,15,17,12,7,4,1,1,36,18,19,11,15,10,2,5
12170,12,전남광주통합특별시,170,나주시,3,165.6,165.6,339.8,165.6,337.79999999999995,165.6,236.89999999999998,165.6,324.0,165.6,298.3,165.6,330.1,165.6,165.6,165.6,3,0.0,0.0,0.0,0.0,0.0,0.0,0.0,0.0,0.0,0.0,0.0,0.0,0.0,0.0,0.0,0.0,4,0.0,0.0,0.0,0.0,0.0,0.0,0.0,0.0,0.0,0.0,0.0,0.0,0.0,0.0,0.0,0.0,408.1977,248.1893,5,103,31,80,28,7,5,16,13,56,20,36,11,19,10,1,1,2,20,10,5,5,14,10,1,1,36,18,11,11,26,16,-1,2
12190,12,전남광주통합특별시,190,광양시,4,84.3,84.3,82.7,82.7,81.1,81.1,79.5,79.5,77.9,77.9,76.3,76.3,74.0,74.0,84.3,84.3,4,0.0,0.0,0.0,0.0,0.0,0.0,0.0,0.0,0.0,0.0,0.0,0.0,0.0,0.0,0.0,0.0,5,0.0,0.0,0.0,0.0,0.0,0.0,0.0,0.0,0.0,0.0,0.0,0.0,460.0,460.0,0.0,0.0,32.8471,32.8471,5,71,27,58,18,4,3,9,9,51,18,32,8,11,6,8,4,1,15,15,12,12,3,3,0,0,18,18,8,8,5,5,5,5
12210,12,전남광주통합특별시,210,동구,1,0.0,0.0,0.0,0.0,0.0,0.0,0.0,0.0,25.0,25.0,15.0,15.0,100.3,100.3,0.0,0.0,1,0.0,0.0,0.0,0.0,0.0,0.0,0.0,0.0,0.0,0.0,0.0,0.0,0.0,0.0,0.0,0.0,2,0.0,0.0,0.0,0.0,0.0,0.0,0.0,0.0,0.0,0.0,0.0,0.0,0.0,0.0,0.0,0.0,603.15,510.0,5,66,26,57,26,0,0,9,5,69,20,40,11,21,10,8,6,1,11,11,7,7,4,4,0,0,18,18,11,11,0,0,7,7
12240,12,전남광주통합특별시,240,서구,3,0.0,0.0,16.9,16.9,15.6,15.6,10.6,10.6,5.5,5.5,0.0,0.0,0.0,0.0,0.0,0.0,3,0.0,0.0,340.0,175.0,335.0,175.0,305.0,155.0,55.0,55.0,40.0,40.0,390.0,175.0,0.0,0.0,2,0.0,0.0,0.0,0.0,0.0,0.0,0.0,0.0,0.0,0.0,0.0,0.0,0.0,0.0,0.0,0.0,0.0,0.0,7,123,26,91,26,0,0,32,12,78,20,45,11,14,10,19,6,2,21,11,12,7,8,4,1,1,36,18,22,11,10,10,4,7
12270,12,전남광주통합특별시,270,남구,1,0.0,0.0,0.0,0.0,0.0,0.0,0.0,0.0,0.0,0.0,0.0,0.0,0.0,0.0,0.0,0.0,1,0.0,0.0,0.0,0.0,0.0,0.0,0.0,0.0,0.0,0.0,0.0,0.0,0.0,0.0,0.0,0.0,3,0.0,0.0,0.0,0.0,0.0,0.0,0.0,0.0,0.0,0.0,0.0,0.0,0.0,0.0,0.0,0.0,35.7053,35.7053,6,112,26,85,26,5,5,22,12,60,20,32,10,22,10,6,4,2,21,11,12,7,8,4,1,1,36,18,22,11,10,10,4,7
12300,12,전남광주통합특별시,300,북구,3,0.0,0.0,0.0,0.0,0.0,0.0,13.9,13.9,15.600000000000001,11.8,11.3,9.8,7.7,7.7,0.0,0.0,3,0.0,0.0,0.0,0.0,0.0,0.0,0.0,0.0,0.0,0.0,0.0,0.0,0.0,0.0,0.0,0.0,3,0.0,0.0,0.0,0.0,0.0,0.0,0.0,0.0,0.0,0.0,0.0,0.0,0.0,0.0,0.0,0.0,0.0,0.0,9,170,28,138,26,1,1,31,10,107,20,68,11,20,10,19,6,3,31,11,12,7,18,10,1,1,54,18,22,11,26,16,6,7
12330,12,전남광주통합특별시,330,광산구,5,158.0,88.2,240.5,98.6,237.2,98.6,163.39999999999998,91.1,208.1,81.8,189.9,80.7,46.1,46.1,158.0,88.2,5,395.0,135.0,1120.0,380.0,1110.0,375.0,1085.0,435.0,1660.0,450.0,1245.0,445.0,110.0,110.0,395.0,135.0,7,0.0,0.0,0.0,0.0,0.0,0.0,0.0,0.0,0.0,0.0,0.0,0.0,0.0,0.0,0.0,0.0,510.0,510.0,10,208,29,170,29,6,3,32,13,112,20,72,11,23,10,17,6,2,21,11,7,7,14,10,0,0,36,18,11,11,16,16,9,7
12710,12,전남광주통합특별시,710,담양군,1,75.1,75.1,73.5,73.5,72.0,72.0,70.4,70.4,68.9,68.9,67.4,67.4,65.9,65.9,75.1,75.1,1,120.0,120.0,100.0,100.0,105.0,105.0,100.0,100.0,105.0,105.0,105.0,105.0,175.0,175.0,120.0,120.0,0,0.0,0.0,0.0,0.0,0.0,0.0,0.0,0.0,0.0,0.0,0.0,0.0,0.0,0.0,0.0,0.0,0.0,0.0,3,44,26,37,22,0,0,7,4,45,18,27,11,6,4,12,6,2,21,11,7,7,14,10,0,0,36,18,11,11,16,16,9,7
12720,12,전남광주통합특별시,720,곡성군,2,123.8,123.8,225.89999999999998,123.1,224.3,122.2,222.60000000000002,121.2,220.89999999999998,120.3,219.4,119.5,217.8,118.6,123.8,123.8,2,610.0,610.0,1130.0,690.0,1155.0,715.0,955.0,550.0,1525.0,960.0,990.0,530.0,915.0,465.0,610.0,610.0,3,0.0,0.0,0.0,0.0,0.0,0.0,0.0,0.0,0.0,0.0,0.0,0.0,510.0,510.0,0.0,0.0,258.55,258.55,5,55,25,33,14,1,1,21,10,67,20,41,11,16,10,10,6,1,11,11,7,7,4,4,0,0,18,18,11,11,0,0,7,7
12730,12,전남광주통합특별시,730,구례군,0,0.0,0.0,0.0,0.0,0.0,0.0,0.0,0.0,0.0,0.0,0.0,0.0,0.0,0.0,0.0,0.0,0,0.0,0.0,0.0,0.0,0.0,0.0,0.0,0.0,0.0,0.0,0.0,0.0,0.0,0.0,0.0,0.0,1,0.0,0.0,0.0,0.0,0.0,0.0,0.0,0.0,0.0,0.0,0.0,0.0,0.0,0.0,0.0,0.0,0.0,0.0,2,13,13,10,10,0,0,3,3,26,18,13,11,2,1,11,6,1,11,11,7,7,4,4,0,0,18,18,11,11,0,0,7,7
12740,12,전남광주통합특별시,740,고흥군,2,165.6,165.6,165.6,165.6,165.6,165.6,165.6,165.6,165.6,165.6,165.6,165.6,165.6,165.6,165.6,165.6,2,0.0,0.0,0.0,0.0,0.0,0.0,0.0,0.0,0.0,0.0,0.0,0.0,0.0,0.0,0.0,0.0,4,0.0,0.0,0.0,0.0,0.0,0.0,0.0,0.0,0.0,0.0,0.0,0.0,0.0,0.0,0.0,0.0,725.9832,396.33,4,76,26,52,21,4,3,20,9,40,18,24,8,12,6,4,4,1,15,15,12,12,3,3,0,0,18,18,8,8,5,5,5,5
12750,12,전남광주통합특별시,750,보성군,3,287.8,165.6,286.8,165.6,285.9,165.6,284.9,165.6,284.1,165.6,283.2,165.6,282.3,165.6,287.8,165.6,3,0.0,0.0,0.0,0.0,0.0,0.0,0.0,0.0,0.0,0.0,0.0,0.0,0.0,0.0,0.0,0.0,1,0.0,0.0,0.0,0.0,0.0,0.0,0.0,0.0,0.0,0.0,0.0,0.0,0.0,0.0,0.0,0.0,85.1019,85.1019,3,60,26,37,14,7,3,16,10,34,18,17,8,13,6,4,4,3,35,15,21,12,13,6,1,1,54,18,26,11,17,10,11,9
12760,12,전남광주통합특별시,760,화순군,1,0.0,0.0,82.2,82.2,80.8,80.8,79.4,79.4,0.0,0.0,0.0,0.0,75.3,75.3,0.0,0.0,1,0.0,0.0,650.0,650.0,650.0,650.0,585.0,585.0,0.0,0.0,0.0,0.0,315.0,315.0,0.0,0.0,1,0.0,0.0,0.0,0.0,0.0,0.0,0.0,0.0,0.0,0.0,0.0,0.0,0.0,0.0,0.0,0.0,2.997,2.997,2,26,26,20,20,0,0,6,6,32,20,16,10,15,10,1,1,2,21,11,12,7,8,4,1,1,36,18,22,11,10,10,4,7
12770,12,전남광주통합특별시,770,장흥군,0,0.0,0.0,0.0,0.0,0.0,0.0,0.0,0.0,0.0,0.0,0.0,0.0,0.0,0.0,0.0,0.0,0,0.0,0.0,0.0,0.0,0.0,0.0,0.0,0.0,0.0,0.0,0.0,0.0,0.0,0.0,0.0,0.0,0,0.0,0.0,0.0,0.0,0.0,0.0,0.0,0.0,0.0,0.0,0.0,0.0,0.0,0.0,0.0,0.0,0.0,0.0,3,52,26,30,17,3,3,19,10,38,18,16,7,16,7,6,4,2,20,10,9,5,10,6,1,1,36,18,18,11,12,10,6,9
12780,12,전남광주통합특별시,780,강진군,0,0.0,0.0,0.0,0.0,0.0,0.0,0.0,0.0,0.0,0.0,0.0,0.0,0.0,0.0,0.0,0.0,0,0.0,0.0,0.0,0.0,0.0,0.0,0.0,0.0,0.0,0.0,0.0,0.0,0.0,0.0,0.0,0.0,0,0.0,0.0,0.0,0.0,0.0,0.0,0.0,0.0,0.0,0.0,0.0,0.0,0.0,0.0,0.0,0.0,0.0,0.0,2,27,27,20,20,0,0,7,7,30,18,16,9,10,7,4,4,1,10,10,4,4,6,6,0,0,18,18,7,7,2,2,9,9
12790,12,전남광주통합특별시,790,해남군,3,240.79999999999998,92.1,221.10000000000002,90.7,203.10000000000002,89.4,183.39999999999998,88.1,164.0,86.9,144.60000000000002,85.7,139.4,84.5,240.79999999999998,92.1,3,0.0,0.0,0.0,0.0,0.0,0.0,0.0,0.0,0.0,0.0,0.0,0.0,0.0,0.0,0.0,0.0,4,0.0,0.0,0.0,0.0,0.0,0.0,0.0,0.0,0.0,0.0,0.0,0.0,0.0,0.0,0.0,0.0,3520.7241,2942.0,4,64,26,49,19,1,1,14,6,55,18,30,10,21,7,4,4,1,10,10,4,4,6,6,0,0,18,18,7,7,2,2,9,9
12800,12,전남광주통합특별시,800,영암군,5,87.5,87.5,191.0,105.0,354.1,165.6,351.8,165.6,349.4,165.6,347.0,165.6,344.7,165.6,87.5,87.5,5,810.0,810.0,820.0,820.0,820.0,820.0,820.0,820.0,820.0,820.0,820.0,820.0,820.0,820.0,810.0,810.0,4,0.0,0.0,0.0,0.0,0.0,0.0,0.0,0.0,0.0,0.0,0.0,0.0,0.0,0.0,0.0,0.0,27.790499999999998,21.3496,5,80,28,60,28,8,8,12,8,58,18,33,10,17,7,8,4,2,20,10,9,5,10,6,1,1,36,18,18,11,12,10,6,9
12810,12,전남광주통합특별시,810,무안군,3,138.1,105.8,299.4,165.6,295.9,165.6,291.79999999999995,165.6,287.8,165.6,282.9,165.6,278.29999999999995,165.6,138.1,105.8,3,560.0,560.0,570.0,570.0,570.0,570.0,580.0,580.0,505.0,505.0,500.0,500.0,495.0,495.0,560.0,560.0,2,0.0,0.0,0.0,0.0,0.0,0.0,0.0,0.0,0.0,0.0,0.0,0.0,0.0,0.0,0.0,0.0,525.967,431.3135,5,84,26,71,24,1,1,12,5,54,20,30,10,21,10,3,3,2,20,10,4,4,16,10,0,0,36,18,7,7,18,16,11,9
12820,12,전남광주통합특별시,820,함평군,2,71.3,71.3,116.6,59.0,103.4,54.3,69.8,49.8,46.1,45.4,45.7,41.0,34.4,34.4,71.3,71.3,2,0.0,0.0,0.0,0.0,0.0,0.0,0.0,0.0,0.0,0.0,0.0,0.0,0.0,0.0,0.0,0.0,1,0.0,0.0,0.0,0.0,0.0,0.0,0.0,0.0,0.0,0.0,0.0,0.0,0.0,0.0,0.0,0.0,150.1378,150.1378,3,51,26,36,24,0,0,15,13,36,20,20,10,16,10,0,0,1,10,10,0,0,10,10,0,0,18,18,0,0,16,16,2,2
12830,12,전남광주통합특별시,830,영광군,4,0.0,0.0,241.3,165.6,459.6,220.8,455.9,220.8,453.4,220.8,450.4,220.8,446.1,220.8,0.0,0.0,4,0.0,0.0,570.0,570.0,1445.0,870.0,1595.0,910.0,1875.0,1155.0,2275.0,1475.0,2245.0,1445.0,0.0,0.0,4,0.0,0.0,0.0,0.0,0.0,0.0,0.0,0.0,0.0,0.0,0.0,0.0,775.0,775.0,0.0,0.0,477.4265,240.0265,3,34,26,28,21,2,1,4,4,32,18,23,11,3,2,6,6,1,10,10,0,0,10,10,0,0,18,18,0,0,16,16,2,2
12840,12,전남광주통합특별시,840,장성군,1,0.0,0.0,0.0,0.0,0.0,0.0,0.0,0.0,56.3,56.3,54.7,54.7,53.0,53.0,0.0,0.0,1,0.0,0.0,0.0,0.0,0.0,0.0,0.0,0.0,0.0,0.0,0.0,0.0,0.0,0.0,0.0,0.0,1,0.0,0.0,0.0,0.0,0.0,0.0,0.0,0.0,0.0,0.0,0.0,0.0,0.0,0.0,0.0,0.0,2478.0,2478.0,3,44,25,26,14,0,0,18,13,34,18,21,11,7,4,6,6,2,21,11,7,7,14,10,0,0,36,18,11,11,16,16,9,7
12850,12,전남광주통합특별시,850,완도군,1,0.0,0.0,0.0,0.0,0.0,0.0,0.0,0.0,0.0,0.0,0.0,0.0,0.0,0.0,0.0,0.0,1,0.0,0.0,0.0,0.0,0.0,0.0,0.0,0.0,0.0,0.0,0.0,0.0,0.0,0.0,0.0,0.0,1,0.0,0.0,0.0,0.0,0.0,0.0,0.0,0.0,0.0,0.0,0.0,0.0,0.0,0.0,0.0,0.0,748.5,748.5,3,45,26,40,21,0,0,5,5,34,18,15,7,15,7,4,4,1,10,10,4,4,6,6,0,0,18,18,7,7,2,2,9,9
12860,12,전남광주통합특별시,860,진도군,1,31.2,31.2,28.3,28.3,25.3,25.3,20.7,20.7,16.2,16.2,15.0,15.0,13.8,13.8,31.2,31.2,1,0.0,0.0,0.0,0.0,0.0,0.0,0.0,0.0,0.0,0.0,0.0,0.0,0.0,0.0,0.0,0.0,1,0.0,0.0,0.0,0.0,0.0,0.0,0.0,0.0,0.0,0.0,0.0,0.0,0.0,0.0,0.0,0.0,284.8819,284.8819,2,21,21,13,13,3,3,5,5,27,18,13,7,10,7,4,4,1,10,10,4,4,6,6,0,0,18,18,7,7,2,2,9,9
12870,12,전남광주통합특별시,870,신안군,3,188.8,138.9,347.9,165.6,341.4,165.6,331.6,165.6,321.79999999999995,165.6,319.0,165.6,316.29999999999995,165.6,188.8,138.9,3,1095.0,1095.0,935.0,935.0,935.0,935.0,950.0,950.0,840.0,840.0,1340.0,1340.0,1335.0,1335.0,1095.0,1095.0,3,0.0,0.0,0.0,0.0,0.0,0.0,0.0,0.0,0.0,0.0,0.0,0.0,0.0,0.0,0.0,0.0,654.0775000000001,379.0007,5,60,21,49,19,2,2,9,6,67,20,36,10,27,10,4,4,1,10,10,4,4,6,6,0,0,18,18,7,7,2,2,9,9
26110,26,부산광역시,110,중구,0,0.0,0.0,0.0,0.0,0.0,0.0,0.0,0.0,0.0,0.0,0.0,0.0,0.0,0.0,0.0,0.0,1,0.0,0.0,0.0,0.0,0.0,0.0,0.0,0.0,0.0,0.0,0.0,0.0,0.0,0.0,0.0,0.0,1,0.0,0.0,0.0,0.0,0.0,0.0,0.0,0.0,0.0,0.0,550.0,550.0,570.0,570.0,0.0,0.0,0.0,0.0,1,20,20,17,17,1,1,2,2,22,22,15,15,5,5,2,2,1,7,7,7,7,0,0,0,0,22,22,14,14,3,3,5,5
26140,26,부산광역시,140,서구,1,0.0,0.0,0.0,0.0,0.0,0.0,0.0,0.0,0.0,0.0,0.0,0.0,0.0,0.0,0.0,0.0,0,0.0,0.0,0.0,0.0,0.0,0.0,0.0,0.0,0.0,0.0,0.0,0.0,0.0,0.0,0.0,0.0,0,0.0,0.0,0.0,0.0,0.0,0.0,0.0,0.0,0.0,0.0,0.0,0.0,0.0,0.0,0.0,0.0,0.0,0.0,3,58,21,49,19,3,2,6,4,35,22,26,15,7,5,2,2,1,7,7,7,7,0,0,0,0,22,22,14,14,3,3,5,5
26170,26,부산광역시,170,동구,2,0.0,0.0,0.0,0.0,0.0,0.0,110.0,110.0,105.0,105.0,95.0,95.0,75.0,75.0,0.0,0.0,4,0.0,0.0,0.0,0.0,0.0,0.0,110.0,110.0,105.0,105.0,95.0,95.0,75.0,75.0,0.0,0.0,4,0.0,0.0,0.0,0.0,0.0,0.0,375.0,375.0,395.0,395.0,1025.0,625.0,1040.0,635.0,0.0,0.0,0.0,0.0,5,97,21,75,19,8,3,14,8,49,22,36,15,8,5,5,3,2,10,7,9,7,0,0,1,1,32,22,21,14,3,3,8,5
26200,26,부산광역시,200,영도구,1,65.6,65.6,0.0,0.0,0.0,0.0,0.0,0.0,0.0,0.0,0.0,0.0,0.0,0.0,65.6,65.6,1,140.0,140.0,0.0,0.0,0.0,0.0,0.0,0.0,0.0,0.0,0.0,0.0,0.0,0.0,140.0,140.0,1,0.0,0.0,0.0,0.0,0.0,0.0,0.0,0.0,0.0,0.0,790.0,790.0,790.0,790.0,0.0,0.0,0.0,0.0,2,38,20,33,17,1,1,4,2,28,22,18,15,7,5,3,2,1,7,7,7,7,0,0,0,0,22,22,14,14,3,3,5,5
26230,26,부산광역시,230,부산진구,4,86.60000000000001,84.9,0.3,0.3,0.0,0.0,25.0,25.0,15.0,15.0,0.0,0.0,0.0,0.0,86.60000000000001,84.9,4,375.0,190.0,0.0,0.0,0.0,0.0,0.0,0.0,0.0,0.0,0.0,0.0,0.0,0.0,375.0,190.0,4,1345.0,710.0,1400.0,740.0,1405.0,745.0,1420.0,755.0,1460.0,775.0,2410.0,775.0,2415.0,775.0,1345.0,710.0,0.0,0.0,6,106,26,87,23,5,3,14,8,51,12,38,8,3,1,10,5,1,3,3,2,2,0,0,1,1,10,10,7,7,0,0,3,3
26260,26,부산광역시,260,동래구,2,0.0,0.0,0.0,0.0,0.0,0.0,0.0,0.0,0.0,0.0,0.0,0.0,0.0,0.0,0.0,0.0,3,0.0,0.0,0.0,0.0,0.0,0.0,0.0,0.0,0.0,0.0,0.0,0.0,0.0,0.0,0.0,0.0,3,2685.0,960.0,2685.0,960.0,2685.0,960.0,2700.0,960.0,2715.0,965.0,2715.0,965.0,2720.0,965.0,2685.0,960.0,0.0,0.0,5,98,26,81,22,7,4,10,4,46,12,32,10,1,1,13,8,2,23,15,20,13,0,0,3,2,27,17,17,9,2,2,8,6
26290,26,부산광역시,290,남구,1,0.0,0.0,0.0,0.0,0.0,0.0,0.0,0.0,0.0,0.0,0.0,0.0,0.0,0.0,0.0,0.0,2,0.0,0.0,0.0,0.0,0.0,0.0,25.0,25.0,15.0,15.0,0.0,0.0,0.0,0.0,0.0,0.0,2,760.0,405.0,770.0,405.0,770.0,405.0,780.0,405.0,800.0,405.0,805.0,405.0,810.0,405.0,760.0,405.0,0.0,0.0,4,65,24,47,19,4,3,14,8,36,12,24,8,2,1,10,5,1,3,3,2,2,0,0,1,1,10,10,7,7,0,0,3,3
26320,26,부산광역시,320,북구,3,0.0,0.0,0.0,0.0,0.0,0.0,0.0,0.0,0.0,0.0,35.0,35.0,0.0,0.0,0.0,0.0,2,0.0,0.0,0.0,0.0,0.0,0.0,0.0,0.0,0.0,0.0,35.0,35.0,0.0,0.0,0.0,0.0,2,1910.0,1155.0,1910.0,1155.0,1910.0,1155.0,2520.0,1485.0,2520.0,1485.0,2520.0,1485.0,2520.0,1485.0,1910.0,1155.0,0.0,0.0,4,73,19,61,18,1,1,11,6,41,17,29,9,4,2,8,6,1,15,15,13,13,0,0,2,2,17,17,9,9,2,2,6,6
26350,26,부산광역시,350,해운대구,8,0.0,0.0,0.0,0.0,0.0,0.0,96.6,96.6,82.8,82.8,69.0,69.0,55.2,55.2,0.0,0.0,5,0.0,0.0,0.0,0.0,0.0,0.0,505.0,505.0,475.0,475.0,440.0,440.0,390.0,390.0,0.0,0.0,5,2425.0,1615.0,2605.0,1615.0,2705.0,1615.0,4935.0,1625.0,4940.0,1625.0,4950.0,1625.0,4970.0,1625.0,2425.0,1615.0,19.8,19.8,8,163,26,126,22,12,4,25,10,72,12,41,10,6,4,25,9,2,11,8,9,7,0,0,2,1,20,10,15,8,0,0,5,3
26380,26,부산광역시,380,사하구,5,50.0,50.0,0.0,0.0,0.0,0.0,0.0,0.0,0.0,0.0,0.0,0.0,0.0,0.0,50.0,50.0,3,235.0,140.0,0.0,0.0,0.0,0.0,0.0,0.0,0.0,0.0,0.0,0.0,0.0,0.0,235.0,140.0,3,0.0,0.0,0.0,0.0,0.0,0.0,0.0,0.0,0.0,0.0,2145.0,730.0,2145.0,730.0,0.0,0.0,306.0,306.0,5,101,24,84,24,7,3,10,4,55,22,34,15,14,5,7,3,1,7,7,7,7,0,0,0,0,22,22,14,14,3,3,5,5
26410,26,부산광역시,410,금정구,2,0.0,0.0,0.0,0.0,0.0,0.0,0.0,0.0,0.0,0.0,0.0,0.0,0.0,0.0,0.0,0.0,3,0.0,0.0,240.0,240.0,0.0,0.0,0.0,0.0,0.0,0.0,0.0,0.0,0.0,0.0,0.0,0.0,3,1885.0,690.0,1955.0,740.0,1985.0,770.0,2025.0,805.0,2025.0,805.0,2025.0,805.0,2025.0,805.0,1885.0,690.0,0.0,0.0,5,99,26,72,22,11,4,16,5,45,12,34,10,2,2,9,3,1,8,8,7,7,0,0,1,1,10,10,8,8,0,0,2,2
26440,26,부산광역시,440,강서구,11,4.2,4.2,317.0,121.6,0.0,0.0,0.0,0.0,0.0,0.0,0.0,0.0,0.0,0.0,4.2,4.2,10,0.0,0.0,460.0,240.0,0.0,0.0,0.0,0.0,0.0,0.0,0.0,0.0,0.0,0.0,0.0,0.0,12,7065.0,1250.0,9035.0,1405.0,9195.0,1435.0,9210.0,1435.0,11950.0,1690.0,12250.0,1805.0,12470.0,1875.0,7065.0,1250.0,120.7,59.4,10,192,31,124,26,30,6,38,8,91,12,58,10,22,5,11,3,3,28,15,23,13,0,0,5,2,41,17,31,12,2,2,8,6
26470,26,부산광역시,470,연제구,0,0.0,0.0,0.0,0.0,0.0,0.0,0.0,0.0,0.0,0.0,0.0,0.0,0.0,0.0,0.0,0.0,0,0.0,0.0,0.0,0.0,0.0,0.0,0.0,0.0,0.0,0.0,0.0,0.0,0.0,0.0,0.0,0.0,1,615.0,615.0,645.0,645.0,645.0,645.0,655.0,655.0,675.0,675.0,675.0,675.0,675.0,675.0,615.0,615.0,0.0,0.0,3,38,19,31,18,2,2,5,4,32,12,19,8,0,0,13,8,2,11,8,9,7,0,0,2,1,20,10,15,8,0,0,5,3
26500,26,부산광역시,500,수영구,1,0.0,0.0,0.0,0.0,0.0,0.0,0.0,0.0,0.0,0.0,0.0,0.0,0.0,0.0,0.0,0.0,3,45.0,45.0,0.0,0.0,0.0,0.0,0.0,0.0,0.0,0.0,0.0,0.0,0.0,0.0,45.0,45.0,3,1955.0,1040.0,2215.0,1110.0,2300.0,1130.0,2960.0,1790.0,2960.0,1790.0,2965.0,1790.0,2965.0,1790.0,1955.0,1040.0,0.0,0.0,3,58,24,45,19,5,4,8,6,27,12,23,10,1,1,3,2,2,11,8,9,7,0,0,2,1,20,10,15,8,0,0,5,3
26530,26,부산광역시,530,사상구,5,161.5,101.0,0.0,0.0,0.0,0.0,0.0,0.0,0.0,0.0,0.0,0.0,0.0,0.0,161.5,101.0,5,840.0,265.0,0.0,0.0,0.0,0.0,0.0,0.0,0.0,0.0,0.0,0.0,0.0,0.0,840.0,265.0,5,1350.0,860.0,1350.0,860.0,1990.0,895.0,1485.0,945.0,1505.0,965.0,3490.0,970.0,3515.0,975.0,1350.0,860.0,0.0,0.0,6,115,26,97,21,13,5,5,6,57,17,34,9,6,2,17,6,2,22,15,20,13,0,0,2,2,39,22,23,14,5,3,11,6
26710,26,부산광역시,710,기장군,5,1.1,1.1,0.6,0.6,0.2,0.2,8.0,8.0,13.8,7.6,33.3,26.2,15.3,8.6,1.1,1.1,5,0.0,0.0,0.0,0.0,0.0,0.0,0.0,0.0,55.0,55.0,95.0,95.0,165.0,165.0,0.0,0.0,5,2825.0,1030.0,2830.0,1030.0,2830.0,1030.0,2835.0,1030.0,2845.0,1030.0,3790.0,1030.0,3795.0,1030.0,2825.0,1030.0,227.8,208.0,5,76,20,40,12,6,4,30,10,45,12,32,10,3,3,10,6,1,8,8,7,7,0,0,1,1,10,10,8,8,0,0,2,2
27110,27,대구광역시,110,중구,3,107.89999999999999,71.6,105.6,71.1,103.80000000000001,70.7,101.9,70.2,100.19999999999999,69.8,98.4,69.4,96.5,68.9,107.89999999999999,71.6,3,0.0,0.0,0.0,0.0,245.0,245.0,240.0,240.0,230.0,230.0,225.0,225.0,110.0,110.0,0.0,0.0,1,0.0,0.0,0.0,0.0,0.0,0.0,0.0,0.0,0.0,0.0,0.0,0.0,0.0,0.0,0.0,0.0,0.0,0.0,4,62,22,53,20,0,0,9,5,36,18,22,8,2,2,12,10,1,12,12,11,11,1,1,0,0,18,18,8,8,0,0,10,10
27140,27,대구광역시,140,동구,5,241.70000000000002,133.8,216.39999999999998,117.6,423.2,114.8,397.9,113.1,372.3,112.5,352.8,112.0,291.6,111.5,241.70000000000002,133.8,5,1395.0,655.0,1945.0,670.0,2295.0,680.0,2235.0,680.0,2170.0,660.0,2015.0,655.0,1940.0,640.0,1395.0,655.0,10,5510.0,1130.0,5785.0,1130.0,6065.0,1135.0,6070.0,1140.0,6080.0,1145.0,6090.0,1155.0,6100.0,1160.0,5510.0,1130.0,0.0,0.0,9,172,33,132,28,3,2,37,14,92,18,53,11,4,4,35,10,1,14,14,8,8,2,2,4,4,19,19,19,19,0,0,0,0
27170,27,대구광역시,170,서구,2,53.0,53.0,51.7,51.7,50.4,50.4,49.0,49.0,47.8,47.8,46.5,46.5,45.2,45.2,53.0,53.0,2,0.0,0.0,65.0,65.0,275.0,275.0,245.0,245.0,270.0,270.0,250.0,250.0,210.0,210.0,0.0,0.0,3,1960.0,1490.0,2675.0,2205.0,2790.0,2320.0,2790.0,2320.0,2805.0,2335.0,2855.0,2370.0,2890.0,2400.0,1960.0,1490.0,0.0,0.0,3,43,22,37,19,0,0,6,4,30,18,18,8,0,0,12,10,1,10,10,9,9,1,1,0,0,12,12,10,10,0,0,2,2
27200,27,대구광역시,200,남구,0,0.0,0.0,0.0,0.0,0.0,0.0,0.0,0.0,0.0,0.0,0.0,0.0,0.0,0.0,0.0,0.0,0,0.0,0.0,0.0,0.0,0.0,0.0,0.0,0.0,0.0,0.0,0.0,0.0,0.0,0.0,0.0,0.0,1,0.0,0.0,0.0,0.0,0.0,0.0,0.0,0.0,0.0,0.0,0.0,0.0,0.0,0.0,0.0,0.0,0.0,0.0,2,24,24,17,17,0,0,7,7,25,18,14,8,1,1,10,10,1,12,12,11,11,1,1,0,0,18,18,8,8,0,0,10,10
27230,27,대구광역시,230,북구,5,111.7,64.7,221.1,70.0,245.4,100.0,230.7,95.0,194.9,65.0,169.4,59.4,143.8,58.3,111.7,64.7,5,0.0,0.0,195.0,70.0,585.0,285.0,540.0,255.0,475.0,280.0,395.0,260.0,290.0,215.0,0.0,0.0,5,2560.0,1150.0,2560.0,1150.0,2885.0,1150.0,2910.0,1150.0,2910.0,1150.0,2915.0,1150.0,2925.0,1155.0,2560.0,1150.0,0.0,0.0,7,135,33,112,28,1,1,22,5,63,18,42,11,2,2,19,10,1,10,10,9,9,1,1,0,0,12,12,10,10,0,0,2,2
27260,27,대구광역시,260,수성구,7,335.6,145.5,314.6,115.2,303.1,109.5,285.9,102.0,272.9,94.6,260.5,88.0,253.5,87.1,335.6,145.5,7,1360.0,450.0,1035.0,375.0,1730.0,425.0,1665.0,405.0,1595.0,395.0,1550.0,385.0,1115.0,375.0,1360.0,450.0,3,1280.0,550.0,1950.0,905.0,2475.0,1190.0,2475.0,1190.0,2475.0,1190.0,2535.0,1250.0,2540.0,1255.0,1280.0,550.0,0.0,0.0,9,190,33,158,28,4,2,28,9,87,18,55,11,9,4,23,10,1,12,12,11,11,1,1,0,0,18,18,8,8,0,0,10,10
27290,27,대구광역시,290,달서구,6,111.1,47.4,102.6,42.0,199.9,101.5,194.9,100.8,190.1,100.2,185.2,99.5,180.4,98.9,111.1,47.4,6,420.0,195.0,345.0,195.0,810.0,320.0,765.0,315.0,780.0,330.0,725.0,320.0,620.0,305.0,420.0,195.0,9,4285.0,970.0,4410.0,990.0,5315.0,1300.0,5325.0,1300.0,5325.0,1300.0,5345.0,1300.0,5380.0,1325.0,4285.0,970.0,19.8,19.8,9,176,33,151,31,2,1,23,8,96,18,61,13,7,4,28,10,2,26,16,21,12,1,1,4,4,30,18,23,13,2,2,5,3
27710,27,대구광역시,710,달성군,9,212.10000000000002,76.7,389.79999999999995,165.6,325.2,165.6,321.2,165.6,316.8,165.6,312.7,165.6,308.5,165.6,212.10000000000002,76.7,9,1845.0,615.0,2150.0,570.0,1625.0,880.0,1245.0,605.0,1245.0,615.0,970.0,415.0,1085.0,585.0,1845.0,615.0,8,3440.0,1180.0,4120.0,1180.0,8450.0,1760.0,8910.0,1825.0,9010.0,1840.0,9175.0,1865.0,9250.0,1885.0,3440.0,1180.0,39.6,39.6,10,206,33,170,31,2,2,34,9,108,18,69,13,13,5,26,10,2,28,16,23,12,1,1,4,4,36,18,21,13,2,2,13,10
27720,27,대구광역시,720,군위군,2,110.9,110.9,110.3,110.3,109.6,109.6,109.0,109.0,108.3,108.3,152.1,107.7,149.8,107.1,110.9,110.9,2,0.0,0.0,0.0,0.0,0.0,0.0,0.0,0.0,0.0,0.0,245.0,245.0,245.0,245.0,0.0,0.0,3,0.0,0.0,0.0,0.0,0.0,0.0,0.0,0.0,0.0,0.0,725.0,625.0,780.0,670.0,0.0,0.0,0.0,0.0,3,54,31,31,18,1,1,22,12,43,24,25,16,12,4,6,4,1,14,14,4,4,2,2,8,8,38,38,18,18,7,7,13,13
28110,28,인천광역시,110,중구,2,0.0,0.0,0.0,0.0,0.0,0.0,0.0,0.0,0.0,0.0,25.0,25.0,25.0,25.0,0.0,0.0,2,0.0,0.0,0.0,0.0,0.0,0.0,0.0,0.0,0.0,0.0,60.0,35.0,60.0,35.0,0.0,0.0,2,765.0,765.0,1260.0,765.0,1260.0,765.0,1260.0,765.0,1260.0,765.0,1260.0,765.0,1270.0,775.0,765.0,765.0,0.0,0.0,0,0,0,0,0,0,0,0,0,0,0,0,0,0,0,0,0,0,0,0,0,0,0,0,0,0,0,0,0,0,0,0,0,0
28125,28,인천광역시,125,제물포구,0,0.0,0.0,0.0,0.0,0.0,0.0,0.0,0.0,0.0,0.0,0.0,0.0,0.0,0.0,0.0,0.0,0,0.0,0.0,0.0,0.0,0.0,0.0,0.0,0.0,0.0,0.0,0.0,0.0,0.0,0.0,0.0,0.0,0,0.0,0.0,0.0,0.0,0.0,0.0,0.0,0.0,0.0,0.0,0.0,0.0,0.0,0.0,0.0,0.0,0.0,0.0,0,0,0,0,0,0,0,0,0,0,0,0,0,0,0,0,0,2,17,9,10,6,7,4,0,0,18,14,16,12,2,2,0,0
28140,28,인천광역시,140,동구,1,0.0,0.0,0.0,0.0,0.0,0.0,0.0,0.0,0.0,0.0,20.0,20.0,20.0,20.0,0.0,0.0,1,0.0,0.0,0.0,0.0,0.0,0.0,0.0,0.0,0.0,0.0,0.0,0.0,0.0,0.0,0.0,0.0,1,0.0,0.0,665.0,665.0,665.0,665.0,665.0,665.0,1005.0,1005.0,1030.0,1030.0,1030.0,1030.0,0.0,0.0,0.0,0.0,0,0,0,0,0,0,0,0,0,0,0,0,0,0,0,0,0,0,0,0,0,0,0,0,0,0,0,0,0,0,0,0,0,0
28155,28,인천광역시,155,영종구,3,0.0,0.0,0.0,0.0,0.0,0.0,0.0,0.0,0.0,0.0,0.0,0.0,0.0,0.0,0.0,0.0,3,0.0,0.0,0.0,0.0,0.0,0.0,0.0,0.0,0.0,0.0,0.0,0.0,0.0,0.0,0.0,0.0,3,0.0,0.0,955.0,370.0,1100.0,500.0,1190.0,510.0,1195.0,515.0,1335.0,540.0,1485.0,600.0,0.0,0.0,0.0,0.0,3,46,19,40,19,2,2,4,4,25,9,13,8,7,3,5,3,2,17,10,15,9,0,0,2,1,29,16,20,12,6,5,3,3
28177,28,인천광역시,177,미추홀구,2,0.0,0.0,0.0,0.0,0.0,0.0,0.0,0.0,0.0,0.0,0.0,0.0,0.0,0.0,0.0,0.0,2,0.0,0.0,0.0,0.0,0.0,0.0,0.0,0.0,0.0,0.0,25.0,25.0,25.0,25.0,0.0,0.0,2,420.0,420.0,420.0,420.0,420.0,420.0,420.0,420.0,430.0,430.0,435.0,435.0,440.0,440.0,420.0,420.0,0.0,0.0,6,128,27,126,27,4,2,-2,0,53,14,38,12,7,2,8,4,2,17,9,10,6,7,4,0,0,18,14,16,12,2,2,0,0
28185,28,인천광역시,185,연수구,9,0.0,0.0,0.0,0.0,0.0,0.0,0.0,0.0,0.0,0.0,0.0,0.0,0.0,0.0,0.0,0.0,9,0.0,0.0,0.0,0.0,0.0,0.0,0.0,0.0,0.0,0.0,0.0,0.0,0.0,0.0,0.0,0.0,9,4015.0,1345.0,5330.0,1360.0,5550.0,1430.0,6205.0,1430.0,6315.0,1430.0,8020.0,1845.0,8170.0,1880.0,4015.0,1345.0,600.3199999999999,500.0,7,147,30,149,45,13,10,-15,0,62,14,49,12,11,4,2,2,2,19,10,6,6,13,10,0,0,12,8,4,4,8,8,0,0
28200,28,인천광역시,200,남동구,8,0.0,0.0,0.0,0.0,0.0,0.0,0.0,0.0,0.0,0.0,105.0,35.0,105.0,35.0,0.0,0.0,8,0.0,0.0,5.0,5.0,0.0,0.0,0.0,0.0,0.0,0.0,140.0,35.0,140.0,35.0,0.0,0.0,12,6210.0,1415.0,6480.0,1415.0,7360.0,1415.0,7360.0,1415.0,7385.0,1415.0,8350.0,1415.0,9390.0,1640.0,6210.0,1415.0,0.0,0.0,11,232,28,219,28,4,4,9,7,99,14,70,12,6,2,23,6,3,29,10,14,8,15,10,0,0,23,11,11,7,12,8,0,0
28237,28,인천광역시,237,부평구,5,0.0,0.0,0.0,0.0,0.0,0.0,0.0,0.0,0.0,0.0,0.0,0.0,0.0,0.0,0.0,0.0,5,0.0,0.0,0.0,0.0,0.0,0.0,0.0,0.0,0.0,0.0,0.0,0.0,0.0,0.0,0.0,0.0,4,3785.0,2085.0,4225.0,2085.0,4235.0,2085.0,4235.0,2085.0,4235.0,2085.0,4235.0,2085.0,4235.0,2085.0,3785.0,2085.0,0.0,0.0,7,125,27,123,25,0,0,2,2,72,18,50,12,9,4,13,6,3,30,12,20,8,8,4,2,2,43,18,29,12,8,4,6,6
28245,28,인천광역시,245,계양구,3,0.0,0.0,0.0,0.0,0.0,0.0,0.0,0.0,0.0,0.0,0.0,0.0,0.0,0.0,0.0,0.0,3,0.0,0.0,0.0,0.0,0.0,0.0,0.0,0.0,0.0,0.0,0.0,0.0,75.0,75.0,0.0,0.0,4,820.0,660.0,1000.0,660.0,1000.0,660.0,1000.0,660.0,1000.0,660.0,1000.0,660.0,1005.0,665.0,820.0,660.0,0.0,0.0,4,97,32,93,32,1,1,3,2,45,18,34,14,3,2,8,6,3,30,12,20,8,8,4,2,2,43,18,29,12,8,4,6,6
28260,28,인천광역시,260,서구,11,0.0,0.0,0.0,0.0,0.0,0.0,0.0,0.0,0.0,0.0,35.0,35.0,67.0,35.0,0.0,0.0,11,0.0,0.0,0.0,0.0,0.0,0.0,0.0,0.0,0.0,0.0,35.0,35.0,565.0,430.0,0.0,0.0,12,1255.0,505.0,4140.0,1285.0,4955.0,1295.0,5860.0,1320.0,5895.0,1340.0,5945.0,1350.0,5970.0,1365.0,1255.0,505.0,0.0,0.0,0,0,0,0,0,0,0,0,0,0,0,0,0,0,0,0,0,0,0,0,0,0,0,0,0,0,0,0,0,0,0,0,0,0
28275,28,인천광역시,275,서해구,3,0.0,0.0,0.0,0.0,0.0,0.0,0.0,0.0,0.0,0.0,0.0,0.0,0.0,0.0,0.0,0.0,3,0.0,0.0,0.0,0.0,0.0,0.0,0.0,0.0,0.0,0.0,0.0,0.0,0.0,0.0,0.0,0.0,1,0.0,0.0,0.0,0.0,0.0,0.0,960.0,960.0,960.0,960.0,960.0,960.0,960.0,960.0,0.0,0.0,0.0,0.0,2,15,15,15,15,0,0,0,0,27,14,24,12,3,2,0,0,6,59,12,45,10,10,4,4,2,72,18,49,12,14,5,9,6
28290,28,인천광역시,290,검단구,1,0.0,0.0,0.0,0.0,0.0,0.0,0.0,0.0,0.0,0.0,0.0,0.0,21.5,21.5,0.0,0.0,1,0.0,0.0,0.0,0.0,0.0,0.0,0.0,0.0,0.0,0.0,0.0,0.0,75.0,75.0,0.0,0.0,0,0.0,0.0,0.0,0.0,0.0,0.0,0.0,0.0,0.0,0.0,0.0,0.0,0.0,0.0,0.0,0.0,0.0,0.0,0,0,0,0,0,0,0,0,0,0,0,0,0,0,0,0,0,1,10,10,9,9,0,0,1,1,16,16,8,8,5,5,3,3
28710,28,인천광역시,710,강화군,2,0.0,0.0,0.0,0.0,0.0,0.0,0.0,0.0,0.0,0.0,0.0,0.0,0.0,0.0,0.0,0.0,2,0.0,0.0,0.0,0.0,0.0,0.0,0.0,0.0,0.0,0.0,0.0,0.0,0.0,0.0,0.0,0.0,2,645.0,375.0,665.0,375.0,960.0,670.0,960.0,670.0,965.0,675.0,965.0,675.0,965.0,675.0,645.0,375.0,0.0,0.0,3,32,20,24,18,1,1,7,5,27,13,18,12,5,2,4,4,2,17,10,15,9,0,0,2,1,29,16,20,12,6,5,3,3
28720,28,인천광역시,720,옹진군,0,0.0,0.0,0.0,0.0,0.0,0.0,0.0,0.0,0.0,0.0,0.0,0.0,0.0,0.0,0.0,0.0,0,0.0,0.0,0.0,0.0,0.0,0.0,0.0,0.0,0.0,0.0,0.0,0.0,0.0,0.0,0.0,0.0,1,0.0,0.0,1350.0,1350.0,1390.0,1390.0,1430.0,1430.0,1455.0,1455.0,1495.0,1495.0,1575.0,1575.0,0.0,0.0,0.0,0.0,1,0,0,0,0,0,0,0,0,13,13,12,12,1,1,0,0,0,0,0,0,0,0,0,0,0,0,0,0,0,0,0,0,0
30110,30,대전광역시,110,동구,4,0.0,0.0,0.0,0.0,0.0,0.0,0.0,0.0,0.0,0.0,0.0,0.0,0.0,0.0,0.0,0.0,5,185.0,185.0,0.0,0.0,0.0,0.0,0.0,0.0,0.0,0.0,0.0,0.0,0.0,0.0,185.0,185.0,6,0.0,0.0,0.0,0.0,0.0,0.0,0.0,0.0,0.0,0.0,0.0,0.0,0.0,0.0,0.0,0.0,0.0,0.0,6,111,27,57,23,6,6,48,19,64,16,50,16,0,0,14,6,0,0,0,0,0,0,0,0,0,0,0,0,0,0,0,0,0
30140,30,대전광역시,140,중구,1,0.0,0.0,0.0,0.0,0.0,0.0,0.0,0.0,0.0,0.0,0.0,0.0,0.0,0.0,0.0,0.0,1,0.0,0.0,0.0,0.0,0.0,0.0,0.0,0.0,0.0,0.0,0.0,0.0,0.0,0.0,0.0,0.0,1,0.0,0.0,0.0,0.0,0.0,0.0,0.0,0.0,0.0,0.0,0.0,0.0,0.0,0.0,0.0,0.0,0.0,0.0,3,30,21,15,15,6,6,9,6,40,16,29,16,0,0,11,6,0,0,0,0,0,0,0,0,0,0,0,0,0,0,0,0,0
30170,30,대전광역시,170,서구,6,120.5,67.4,55.1,55.1,53.4,53.4,41.1,41.1,0.0,0.0,0.0,0.0,0.0,0.0,120.5,67.4,4,220.0,190.0,0.0,0.0,0.0,0.0,0.0,0.0,0.0,0.0,0.0,0.0,0.0,0.0,220.0,190.0,4,0.0,0.0,0.0,0.0,0.0,0.0,0.0,0.0,0.0,0.0,0.0,0.0,0.0,0.0,0.0,0.0,0.0,0.0,8,153,28,107,27,21,10,25,7,94,18,60,16,0,0,34,8,1,10,10,2,2,8,8,0,0,16,16,10,10,0,0,6,6
30200,30,대전광역시,200,유성구,7,223.6,133.9,156.0,109.5,153.3,109.0,147.1,105.0,0.0,0.0,0.0,0.0,0.0,0.0,223.6,133.9,8,955.0,265.0,595.0,365.0,595.0,360.0,520.0,310.0,0.0,0.0,0.0,0.0,0.0,0.0,955.0,265.0,8,0.0,0.0,0.0,0.0,0.0,0.0,0.0,0.0,0.0,0.0,0.0,0.0,0.0,0.0,0.0,0.0,1694.0,1200.0,9,180,28,112,26,29,10,39,15,106,18,72,16,3,3,31,8,1,10,10,2,2,8,8,0,0,16,16,10,10,0,0,6,6
30230,30,대전광역시,230,대덕구,3,110.10000000000001,70.4,96.7,60.0,93.8,60.0,76.0,45.0,0.0,0.0,0.0,0.0,0.0,0.0,110.10000000000001,70.4,3,375.0,245.0,235.0,175.0,240.0,180.0,210.0,165.0,0.0,0.0,0.0,0.0,0.0,0.0,375.0,245.0,3,0.0,0.0,0.0,0.0,0.0,0.0,0.0,0.0,0.0,0.0,0.0,0.0,0.0,0.0,0.0,0.0,0.0,0.0,6,111,26,75,22,12,10,24,7,72,18,54,16,1,2,17,8,0,0,0,0,0,0,0,0,0,0,0,0,0,0,0,0,0
31110,31,울산광역시,110,중구,3,0.0,0.0,0.0,0.0,0.0,0.0,0.0,0.0,124.99999999999999,89.3,122.8,89.0,120.5,88.7,0.0,0.0,1,0.0,0.0,0.0,0.0,0.0,0.0,0.0,0.0,140.0,140.0,150.0,150.0,160.0,160.0,0.0,0.0,2,0.0,0.0,0.0,0.0,0.0,0.0,0.0,0.0,0.0,0.0,1070.0,1065.0,2010.0,1100.0,0.0,0.0,0.0,0.0,4,60,25,50,23,2,2,8,5,51,27,35,23,4,3,12,4,1,15,15,9,9,0,0,6,6,29,29,24,24,0,0,5,5
31140,31,울산광역시,140,남구,5,0.0,0.0,0.0,0.0,0.0,0.0,0.0,0.0,0.0,0.0,0.0,0.0,0.0,0.0,0.0,0.0,6,0.0,0.0,0.0,0.0,0.0,0.0,0.0,0.0,55.0,55.0,100.0,100.0,175.0,175.0,0.0,0.0,8,3845.0,1455.0,3845.0,1455.0,3845.0,1455.0,3845.0,1455.0,3845.0,1455.0,6085.0,1455.0,6095.0,1465.0,3845.0,1455.0,0.0,0.0,7,110,26,103,26,6,5,1,1,91,27,72,23,3,2,16,4,4,45,15,33,12,2,2,10,6,59,29,48,24,0,0,11,5
31170,31,울산광역시,170,동구,0,0.0,0.0,0.0,0.0,0.0,0.0,0.0,0.0,0.0,0.0,0.0,0.0,0.0,0.0,0.0,0.0,2,740.0,740.0,135.0,135.0,125.0,125.0,495.0,495.0,475.0,475.0,350.0,350.0,330.0,330.0,740.0,740.0,3,525.0,290.0,525.0,290.0,880.0,645.0,1065.0,830.0,1065.0,830.0,1065.0,830.0,1065.0,830.0,525.0,290.0,0.0,0.0,3,36,22,25,22,1,1,10,10,37,21,18,8,1,1,18,14,1,8,8,4,4,4,4,0,0,14,14,6,6,1,1,7,7
31200,31,울산광역시,200,북구,3,168.7,148.7,145.0,135.0,130.0,125.0,163.3,148.3,243.1,148.1,253.0,148.0,258.7,147.9,168.7,148.7,3,20.0,20.0,10.0,10.0,5.0,5.0,15.0,15.0,325.0,135.0,450.0,240.0,645.0,415.0,20.0,20.0,3,535.0,535.0,535.0,535.0,700.0,700.0,865.0,865.0,865.0,865.0,2005.0,1140.0,2005.0,1140.0,535.0,535.0,19.8,19.8,6,105,25,77,23,3,2,25,10,65,21,30,8,5,3,30,14,1,8,8,4,4,4,4,0,0,14,14,6,6,1,1,7,7
31710,31,울산광역시,710,울주군,11,0.0,0.0,0.0,0.0,0.0,0.0,73.1,73.1,113.8,64.8,122.0,56.5,100.5,56.2,0.0,0.0,10,0.0,0.0,0.0,0.0,0.0,0.0,130.0,130.0,675.0,310.0,615.0,265.0,670.0,265.0,0.0,0.0,11,605.0,605.0,610.0,610.0,610.0,610.0,615.0,615.0,620.0,620.0,7655.0,1705.0,9030.0,1710.0,605.0,605.0,247.635,208.0,12,158,25,128,25,13,4,17,7,138,27,104,23,5,3,29,5,4,41,15,27,9,2,2,12,6,74,29,56,24,0,0,18,7
36110,36,세종특별자치시,110,세종시,8,327.1,143.6,292.7,136.3,446.90000000000003,165.6,405.0,159.8,7.7,7.7,3.6,3.6,0.0,0.0,327.1,143.6,8,1085.0,265.0,1350.0,365.0,2410.0,590.0,2125.0,535.0,190.0,190.0,80.0,80.0,0.0,0.0,1085.0,265.0,8,0.0,0.0,0.0,0.0,0.0,0.0,0.0,0.0,0.0,0.0,0.0,0.0,0.0,0.0,0.0,0.0,0.0,0.0,6,146,26,118,25,18,10,10,4,62,18,42,10,2,2,18,8,0,0,0,0,0,0,0,0,0,0,0,0,0,0,0,0,0
41111,41,경기도,111,수원시장안구,1,0.0,0.0,0.0,0.0,0.0,0.0,0.0,0.0,0.3,0.3,0.0,0.0,0.0,0.0,0.0,0.0,2,0.0,0.0,0.0,0.0,0.0,0.0,0.0,0.0,0.0,0.0,0.0,0.0,50.0,50.0,0.0,0.0,3,3180.0,1820.0,3310.0,1820.0,3310.0,1820.0,3310.0,1820.0,3310.0,1820.0,3310.0,1820.0,3680.0,1820.0,3180.0,1820.0,0.0,0.0,4,79,27,71,27,1,1,7,4,38,11,28,9,4,4,6,4,5,42,10,15,6,10,4,17,6,74,18,34,17,17,9,23,14
41113,41,경기도,113,수원시권선구,4,0.0,0.0,0.0,0.0,0.0,0.0,0.0,0.0,0.0,0.0,0.0,0.0,304.7,165.6,0.0,0.0,6,65.0,65.0,65.0,65.0,65.0,65.0,40.0,40.0,35.0,35.0,40.0,40.0,950.0,300.0,65.0,65.0,6,1775.0,610.0,3000.0,1225.0,3780.0,1225.0,3785.0,1230.0,3805.0,1235.0,3825.0,1245.0,5290.0,1725.0,1775.0,610.0,0.0,0.0,5,105,27,73,23,15,9,17,8,42,10,28,8,9,4,5,4,5,42,10,15,6,10,4,17,6,74,18,34,17,17,9,23,14
41115,41,경기도,115,수원시팔달구,1,0.0,0.0,3.6,3.6,0.0,0.0,0.0,0.0,0.0,0.0,0.0,0.0,0.0,0.0,0.0,0.0,0,0.0,0.0,0.0,0.0,0.0,0.0,0.0,0.0,0.0,0.0,0.0,0.0,0.0,0.0,0.0,0.0,0,0.0,0.0,0.0,0.0,0.0,0.0,0.0,0.0,0.0,0.0,0.0,0.0,0.0,0.0,0.0,0.0,0.0,0.0,4,78,26,64,23,1,1,13,6,35,10,27,9,4,4,4,4,5,42,10,15,6,10,4,17,6,74,18,34,17,17,9,23,14
41117,41,경기도,117,수원시영통구,2,0.0,0.0,0.0,0.0,0.0,0.0,0.0,0.0,0.0,0.0,0.0,0.0,150.0,150.0,0.0,0.0,4,0.0,0.0,0.0,0.0,0.0,0.0,0.0,0.0,0.0,0.0,0.0,0.0,200.0,150.0,0.0,0.0,4,2070.0,1330.0,2350.0,1495.0,2350.0,1495.0,2890.0,1495.0,2890.0,1495.0,2890.0,1495.0,4060.0,1710.0,2070.0,1330.0,0.0,0.0,3,80,30,56,26,7,4,17,11,32,12,25,9,2,1,5,3,5,42,10,15,6,10,4,17,6,74,18,34,17,17,9,23,14
41131,41,경기도,131,성남시수정구,1,0.0,0.0,0.0,0.0,0.0,0.0,0.0,0.0,0.0,0.0,0.0,0.0,0.0,0.0,0.0,0.0,1,0.0,0.0,0.0,0.0,0.0,0.0,0.0,0.0,0.0,0.0,0.0,0.0,0.0,0.0,0.0,0.0,2,1605.0,900.0,1605.0,900.0,1605.0,900.0,1605.0,900.0,1605.0,900.0,1605.0,900.0,1640.0,935.0,1605.0,900.0,0.0,0.0,3,86,30,70,30,5,5,11,7,28,12,19,9,0,0,9,4,3,20,10,8,4,10,9,2,1,60,25,42,21,11,5,7,5
41133,41,경기도,133,성남시중원구,3,0.0,0.0,0.0,0.0,0.0,0.0,0.0,0.0,0.0,0.0,0.0,0.0,0.0,0.0,0.0,0.0,0,0.0,0.0,0.0,0.0,0.0,0.0,0.0,0.0,0.0,0.0,0.0,0.0,0.0,0.0,0.0,0.0,0,0.0,0.0,0.0,0.0,0.0,0.0,0.0,0.0,0.0,0.0,0.0,0.0,0.0,0.0,0.0,0.0,0.0,0.0,4,124,36,117,36,0,0,7,7,38,15,27,13,0,0,11,4,3,20,10,8,4,10,9,2,1,60,25,42,21,11,5,7,5
41135,41,경기도,135,성남시분당구,3,0.0,0.0,0.0,0.0,0.0,0.0,0.0,0.0,0.0,0.0,0.0,0.0,0.0,0.0,0.0,0.0,6,0.0,0.0,0.0,0.0,0.0,0.0,0.0,0.0,0.0,0.0,0.0,0.0,0.0,0.0,0.0,0.0,7,3450.0,870.0,3450.0,870.0,3450.0,870.0,3450.0,870.0,3450.0,870.0,3450.0,870.0,3665.0,905.0,3450.0,870.0,0.0,0.0,7,178,36,156,36,8,5,14,10,68,14,55,14,-2,2,15,6,3,20,10,8,4,10,9,2,1,60,25,42,21,11,5,7,5
41150,41,경기도,150,의정부시,5,0.0,0.0,0.0,0.0,0.0,0.0,0.0,0.0,0.0,0.0,55.2,55.2,55.2,55.2,0.0,0.0,4,0.0,0.0,0.0,0.0,0.0,0.0,0.0,0.0,0.0,0.0,120.0,120.0,120.0,120.0,0.0,0.0,6,1000.0,1000.0,1000.0,1000.0,1000.0,1000.0,1000.0,1000.0,1000.0,1000.0,1000.0,1000.0,1000.0,1000.0,1000.0,1000.0,0.0,0.0,5,79,29,54,21,10,8,15,8,53,12,34,10,8,4,11,5,4,36,11,22,10,9,4,5,2,56,18,27,12,20,16,9,5
41171,41,경기도,171,안양시만안구,2,0.0,0.0,0.0,0.0,3.2,3.2,1.4,1.4,19.5,19.5,18.0,18.0,16.6,16.6,0.0,0.0,1,0.0,0.0,0.0,0.0,0.0,0.0,0.0,0.0,0.0,0.0,0.0,0.0,0.0,0.0,0.0,0.0,1,0.0,0.0,0.0,0.0,0.0,0.0,0.0,0.0,0.0,0.0,0.0,0.0,0.0,0.0,0.0,0.0,0.0,0.0,3,51,26,40,21,3,3,8,7,30,12,14,6,9,4,7,6,0,0,0,0,0,0,0,0,0,0,0,0,0,0,0,0,0
41173,41,경기도,173,안양시동안구,3,0.0,0.0,0.0,0.0,0.0,0.0,150.0,150.0,150.0,150.0,150.0,150.0,150.0,150.0,0.0,0.0,3,150.0,150.0,150.0,150.0,150.0,150.0,150.0,150.0,150.0,150.0,150.0,150.0,150.0,150.0,150.0,150.0,4,320.0,320.0,320.0,320.0,320.0,320.0,320.0,320.0,320.0,320.0,320.0,320.0,750.0,750.0,320.0,320.0,0.0,0.0,3,55,28,48,28,5,5,2,2,26,11,23,10,1,1,2,2,0,0,0,0,0,0,0,0,0,0,0,0,0,0,0,0,0
41190,41,경기도,190,부천시,7,0.0,0.0,0.0,0.0,0.0,0.0,0.0,0.0,0.0,0.0,0.0,0.0,0.0,0.0,0.0,0.0,7,0.0,0.0,0.0,0.0,0.0,0.0,0.0,0.0,0.0,0.0,0.0,0.0,0.0,0.0,0.0,0.0,7,2390.0,765.0,2695.0,895.0,2740.0,895.0,2750.0,895.0,2755.0,895.0,2775.0,895.0,2810.0,895.0,2390.0,765.0,0.0,0.0,8,198,32,170,32,7,4,21,11,74,14,57,14,15,5,2,2,0,0,0,0,0,0,0,0,0,0,0,0,0,0,0,0,0
41192,41,경기도,192,부천시원미구,1,0.0,0.0,0.0,0.0,0.0,0.0,0.0,0.0,0.0,0.0,0.0,0.0,0.0,0.0,0.0,0.0,1,0.0,0.0,0.0,0.0,0.0,0.0,0.0,0.0,0.0,0.0,0.0,0.0,0.0,0.0,0.0,0.0,1,0.0,0.0,0.0,0.0,0.0,0.0,0.0,0.0,0.0,0.0,0.0,0.0,0.0,0.0,0.0,0.0,0.0,0.0,2,36,28,36,28,0,0,0,0,22,11,18,11,5,4,-1,0,2,22,12,16,8,4,2,2,2,29,18,17,10,6,4,6,6
41194,41,경기도,194,부천시소사구,0,0.0,0.0,0.0,0.0,0.0,0.0,0.0,0.0,0.0,0.0,0.0,0.0,0.0,0.0,0.0,0.0,0,0.0,0.0,0.0,0.0,0.0,0.0,0.0,0.0,0.0,0.0,0.0,0.0,0.0,0.0,0.0,0.0,0,0.0,0.0,0.0,0.0,0.0,0.0,0.0,0.0,0.0,0.0,0.0,0.0,0.0,0.0,0.0,0.0,0.0,0.0,1,8,8,8,8,0,0,0,0,11,11,7,7,4,4,0,0,1,10,10,8,8,2,2,0,0,11,11,7,7,4,4,0,0
41196,41,경기도,196,부천시오정구,1,0.0,0.0,0.0,0.0,0.0,0.0,0.0,0.0,0.0,0.0,0.0,0.0,0.0,0.0,0.0,0.0,1,0.0,0.0,0.0,0.0,0.0,0.0,0.0,0.0,0.0,0.0,0.0,0.0,0.0,0.0,0.0,0.0,1,2085.0,2085.0,2085.0,2085.0,2085.0,2085.0,2085.0,2085.0,2085.0,2085.0,2085.0,2085.0,2085.0,2085.0,2085.0,2085.0,0.0,0.0,2,35,27,33,25,0,0,2,2,29,18,17,10,6,4,6,6,1,12,12,8,8,2,2,2,2,18,18,10,10,2,2,6,6
41197,41,경기도,197,,1,0.0,0.0,0.0,0.0,0.0,0.0,0.0,0.0,0.0,0.0,0.0,0.0,0.0,0.0,0.0,0.0,0,0.0,0.0,0.0,0.0,0.0,0.0,0.0,0.0,0.0,0.0,0.0,0.0,0.0,0.0,0.0,0.0,0,0.0,0.0,0.0,0.0,0.0,0.0,0.0,0.0,0.0,0.0,0.0,0.0,0.0,0.0,0.0,0.0,0.0,0.0,0,0,0,0,0,0,0,0,0,0,0,0,0,0,0,0,0,0,0,0,0,0,0,0,0,0,0,0,0,0,0,0,0,0
41210,41,경기도,210,광명시,6,0.0,0.0,0.0,0.0,0.0,0.0,0.0,0.0,0.0,0.0,6.7,6.7,6.7,6.7,0.0,0.0,6,0.0,0.0,0.0,0.0,0.0,0.0,0.0,0.0,0.0,0.0,40.0,40.0,40.0,40.0,0.0,0.0,7,1250.0,930.0,1250.0,930.0,2200.0,930.0,2210.0,930.0,2880.0,1305.0,2970.0,1395.0,6560.0,1965.0,1250.0,930.0,0.0,0.0,4,92,29,71,24,7,4,14,11,39,19,31,12,0,0,8,7,3,29,14,13,13,8,4,4,3,42,19,12,12,18,9,12,7
41220,41,경기도,220,평택시,20,0.0,0.0,0.0,0.0,0.0,0.0,0.0,0.0,0.0,0.0,0.0,0.0,0.0,0.0,0.0,0.0,17,80.0,80.0,0.0,0.0,0.0,0.0,5.0,5.0,0.0,0.0,0.0,0.0,0.0,0.0,80.0,80.0,18,11430.0,1255.0,11440.0,1255.0,12150.0,1300.0,13615.0,1315.0,13780.0,1335.0,15195.0,1355.0,16070.0,1365.0,11430.0,1255.0,0.0,0.0,12,310,40,248,40,24,12,38,11,126,15,75,12,8,2,43,8,4,50,16,13,9,19,11,18,6,70,20,25,15,18,10,27,12
41250,41,경기도,250,동두천시,0,0.0,0.0,0.0,0.0,0.0,0.0,0.0,0.0,0.0,0.0,0.0,0.0,0.0,0.0,0.0,0.0,1,0.0,0.0,0.0,0.0,0.0,0.0,0.0,0.0,0.0,0.0,0.0,0.0,0.0,0.0,0.0,0.0,1,960.0,960.0,960.0,960.0,970.0,970.0,970.0,970.0,970.0,970.0,1020.0,1020.0,1030.0,1030.0,960.0,960.0,0.0,0.0,2,29,29,26,26,0,0,3,3,20,12,14,10,4,2,2,2,2,16,8,6,6,6,4,4,4,24,12,10,10,8,6,6,6
41271,41,경기도,271,안산시상록구,4,109.7,109.7,126.60000000000001,109.4,125.7,109.2,124.80000000000001,108.9,124.0,108.7,123.4,108.5,122.7,108.3,109.7,109.7,2,150.0,150.0,150.0,150.0,150.0,150.0,150.0,150.0,150.0,150.0,150.0,150.0,150.0,150.0,150.0,150.0,3,965.0,965.0,965.0,965.0,965.0,965.0,965.0,965.0,965.0,965.0,965.0,965.0,965.0,965.0,965.0,965.0,0.0,0.0,7,128,26,84,26,12,5,32,16,60,10,43,9,9,4,8,4,1,4,4,4,4,0,0,0,0,9,9,7,7,2,2,0,0
41273,41,경기도,273,안산시단원구,6,105.7,71.4,98.7,70.9,96.80000000000001,70.4,95.1,70.0,89.89999999999999,66.1,82.5,59.7,76.9,55.0,105.7,71.4,6,935.0,685.0,880.0,660.0,730.0,510.0,890.0,665.0,865.0,650.0,910.0,690.0,840.0,640.0,935.0,685.0,6,3480.0,1420.0,3490.0,1430.0,4220.0,2160.0,4220.0,2160.0,4220.0,2160.0,4275.0,2215.0,4280.0,2215.0,3480.0,1420.0,0.0,0.0,10,246,29,189,29,14,8,43,16,89,12,57,8,14,4,18,8,1,4,4,4,4,0,0,0,0,9,9,7,7,2,2,0,0
41281,41,경기도,281,고양시덕양구,5,0.0,0.0,0.0,0.0,0.0,0.0,0.0,0.0,0.0,0.0,0.0,0.0,0.0,0.0,0.0,0.0,7,0.0,0.0,0.0,0.0,0.0,0.0,0.0,0.0,0.0,0.0,0.0,0.0,0.0,0.0,0.0,0.0,8,2730.0,650.0,2875.0,650.0,4755.0,1360.0,5445.0,1360.0,5445.0,1360.0,6270.0,1605.0,6540.0,1605.0,2730.0,650.0,0.0,0.0,8,216,33,177,33,10,6,29,9,88,16,58,16,16,8,14,6,4,32,9,20,8,9,6,3,3,54,16,28,12,14,8,12,6
41285,41,경기도,285,고양시일산동구,2,0.0,0.0,0.0,0.0,0.0,0.0,0.0,0.0,0.0,0.0,0.0,0.0,0.0,0.0,0.0,0.0,4,0.0,0.0,0.0,0.0,0.0,0.0,0.0,0.0,0.0,0.0,0.0,0.0,25.0,25.0,0.0,0.0,4,0.0,0.0,0.0,0.0,475.0,475.0,475.0,475.0,490.0,490.0,2160.0,1105.0,2600.0,1105.0,0.0,0.0,0.0,0.0,5,137,33,124,33,6,6,7,3,64,16,40,16,16,8,8,6,4,32,9,20,8,9,6,3,3,54,16,28,12,14,8,12,6
41287,41,경기도,287,고양시일산서구,5,0.0,0.0,0.0,0.0,0.0,0.0,0.0,0.0,0.0,0.0,8.9,8.9,13.3,8.9,0.0,0.0,2,0.0,0.0,0.0,0.0,0.0,0.0,0.0,0.0,0.0,0.0,0.0,0.0,0.0,0.0,0.0,0.0,2,1115.0,605.0,1130.0,615.0,1550.0,800.0,1570.0,800.0,1585.0,800.0,1685.0,845.0,1705.0,855.0,1115.0,605.0,0.0,0.0,7,187,33,157,33,15,6,15,8,88,16,50,16,16,8,22,8,4,32,9,20,8,9,6,3,3,54,16,28,12,14,8,12,6
41290,41,경기도,290,과천시,2,0.0,0.0,0.0,0.0,0.0,0.0,0.0,0.0,0.0,0.0,0.0,0.0,0.0,0.0,0.0,0.0,2,0.0,0.0,0.0,0.0,0.0,0.0,0.0,0.0,0.0,0.0,0.0,0.0,0.0,0.0,0.0,0.0,2,0.0,0.0,0.0,0.0,0.0,0.0,560.0,560.0,610.0,610.0,625.0,625.0,1040.0,1040.0,0.0,0.0,0.0,0.0,1,29,29,27,27,2,2,0,0,8,8,6,6,2,2,0,0,3,14,5,10,4,3,2,1,1,68,25,57,21,6,3,5,3
41310,41,경기도,310,구리시,1,0.0,0.0,0.0,0.0,12.5,12.5,12.5,12.5,12.5,12.5,12.5,12.5,12.5,12.5,0.0,0.0,3,0.0,0.0,0.0,0.0,0.0,0.0,0.0,0.0,25.0,25.0,25.0,25.0,25.0,25.0,0.0,0.0,3,0.0,0.0,0.0,0.0,550.0,550.0,550.0,550.0,550.0,550.0,550.0,550.0,550.0,550.0,0.0,0.0,0.0,0.0,2,52,28,44,24,4,4,4,4,20,12,10,6,0,0,10,6,1,11,11,10,10,0,0,1,1,12,12,7,7,0,0,5,5
41360,41,경기도,360,남양주시,11,1.7,1.7,0.3,0.3,8.7,8.7,8.7,8.7,87.2,63.6,87.2,63.6,87.2,63.6,1.7,1.7,8,0.0,0.0,0.0,0.0,0.0,0.0,0.0,0.0,310.0,220.0,310.0,220.0,635.0,325.0,0.0,0.0,8,1170.0,710.0,1235.0,740.0,3915.0,1355.0,3925.0,1355.0,5150.0,1355.0,5175.0,1355.0,5230.0,1375.0,1170.0,710.0,0.0,0.0,8,205,28,165,24,6,4,34,12,78,12,45,10,5,2,28,8,3,27,11,16,10,6,4,5,2,42,18,15,8,20,16,7,5
41370,41,경기도,370,오산시,2,110.0,110.0,106.0,106.0,105.4,105.4,103.0,103.0,100.7,100.7,100.1,100.1,99.6,99.6,110.0,110.0,7,200.0,200.0,400.0,200.0,400.0,200.0,400.0,200.0,400.0,200.0,400.0,200.0,800.0,400.0,200.0,200.0,7,6875.0,1215.0,7295.0,1430.0,7300.0,1430.0,7505.0,1430.0,7540.0,1430.0,7615.0,1450.0,7625.0,1450.0,6875.0,1215.0,0.0,0.0,6,172,32,146,32,20,11,6,2,60,12,36,9,3,2,21,7,1,6,6,5,5,0,0,1,1,17,17,17,17,0,0,0,0
41390,41,경기도,390,시흥시,12,169.9,165.6,169.1,165.6,227.79999999999998,160.1,181.6,114.7,175.4,109.1,209.79999999999998,109.1,209.29999999999998,109.1,169.9,165.6,15,1120.0,475.0,1060.0,475.0,1130.0,480.0,1105.0,450.0,1070.0,430.0,1150.0,425.0,1070.0,420.0,1120.0,475.0,17,11655.0,2200.0,11720.0,2200.0,13635.0,2200.0,13905.0,2200.0,13920.0,2200.0,13935.0,2200.0,15280.0,2200.0,11655.0,2200.0,0.0,0.0,16,356,48,275,30,23,10,58,16,141,19,87,12,16,4,38,8,4,35,10,18,6,9,4,8,3,35,11,15,6,13,9,7,4
41410,41,경기도,410,군포시,1,0.0,0.0,0.0,0.0,0.0,0.0,0.0,0.0,0.0,0.0,0.0,0.0,0.0,0.0,0.0,0.0,3,0.0,0.0,0.0,0.0,0.0,0.0,0.0,0.0,0.0,0.0,150.0,150.0,150.0,150.0,0.0,0.0,3,0.0,0.0,0.0,0.0,0.0,0.0,0.0,0.0,0.0,0.0,0.0,0.0,0.0,0.0,0.0,0.0,0.0,0.0,5,79,27,59,27,7,5,13,13,50,11,40,10,8,4,2,2,3,26,10,10,6,6,4,10,6,39,18,17,11,8,4,14,14
41430,41,경기도,430,의왕시,4,55.4,54.6,72.6,42.6,69.9,41.3,60.2,33.0,52.8,27.0,98.4,50.0,96.0,50.0,55.4,54.6,2,0.0,0.0,0.0,0.0,0.0,0.0,150.0,150.0,150.0,150.0,200.0,150.0,200.0,150.0,0.0,0.0,2,0.0,0.0,0.0,0.0,0.0,0.0,975.0,975.0,975.0,975.0,975.0,975.0,2365.0,1235.0,0.0,0.0,0.0,0.0,5,108,28,86,28,9,5,13,13,48,11,43,10,3,1,2,2,0,0,0,0,0,0,0,0,0,0,0,0,0,0,0,0,0
41450,41,경기도,450,하남시,8,0.6,0.6,0.6,0.6,0.6,0.6,0.6,0.6,0.6,0.6,0.6,0.6,0.6,0.6,0.6,0.6,8,25.0,25.0,25.0,25.0,25.0,25.0,25.0,25.0,25.0,25.0,25.0,25.0,25.0,25.0,25.0,25.0,9,2380.0,525.0,6900.0,1950.0,7170.0,2105.0,7175.0,2105.0,7840.0,2260.0,8120.0,2260.0,8200.0,2280.0,2380.0,525.0,0.0,0.0,7,197,35,163,34,7,7,27,12,64,13,51,9,1,1,12,5,3,22,10,6,4,10,10,6,4,38,15,17,9,11,9,10,6
41461,41,경기도,461,용인시처인구,7,0.2,0.2,0.0,0.0,0.0,0.0,0.0,0.0,0.0,0.0,0.0,0.0,91.1,91.1,0.2,0.2,6,0.0,0.0,0.0,0.0,0.0,0.0,0.0,0.0,0.0,0.0,0.0,0.0,285.0,285.0,0.0,0.0,6,5730.0,1285.0,5835.0,1285.0,5845.0,1285.0,7740.0,1875.0,7780.0,1905.0,7810.0,1920.0,7830.0,1925.0,5730.0,1285.0,59.0,39.0,8,214,30,147,30,25,18,42,16,76,12,46,10,6,2,24,7,10,125,22,28,7,69,22,28,7,165,19,51,17,54,14,60,18
41463,41,경기도,463,용인시기흥구,8,0.0,0.0,0.0,0.0,0.0,0.0,0.0,0.0,0.0,0.0,0.0,0.0,34.8,25.7,0.0,0.0,7,0.0,0.0,0.0,0.0,0.0,0.0,0.0,0.0,0.0,0.0,0.0,0.0,0.0,0.0,0.0,0.0,7,4490.0,1125.0,5655.0,2225.0,6625.0,2235.0,6660.0,2270.0,6660.0,2270.0,6660.0,2270.0,8320.0,2270.0,4490.0,1125.0,0.0,0.0,8,195,29,132,25,13,4,50,14,81,14,51,14,12,4,18,7,10,125,22,28,7,69,22,28,7,165,19,51,17,54,14,60,18
41465,41,경기도,465,용인시수지구,3,0.0,0.0,0.0,0.0,0.0,0.0,0.0,0.0,0.0,0.0,0.0,0.0,0.0,0.0,0.0,0.0,2,0.0,0.0,0.0,0.0,0.0,0.0,0.0,0.0,0.0,0.0,0.0,0.0,0.0,0.0,0.0,0.0,2,775.0,390.0,775.0,390.0,775.0,390.0,775.0,390.0,775.0,390.0,775.0,390.0,775.0,390.0,775.0,390.0,0.0,0.0,3,81,29,57,26,2,1,22,19,28,12,14,6,2,2,12,6,10,125,22,28,7,69,22,28,7,165,19,51,17,54,14,60,18
41480,41,경기도,480,파주시,10,7.5,7.5,7.5,7.5,7.5,7.5,7.5,7.5,7.5,7.5,7.5,7.5,109.8,47.3,7.5,7.5,7,0.0,0.0,0.0,0.0,0.0,0.0,0.0,0.0,240.0,240.0,240.0,240.0,340.0,240.0,0.0,0.0,7,3135.0,905.0,3145.0,905.0,3325.0,905.0,3415.0,960.0,3440.0,960.0,5490.0,1555.0,6050.0,1555.0,3135.0,905.0,29.65,29.65,9,233,33,151,23,27,7,55,16,94,16,56,10,14,8,24,8,4,35,10,14,8,8,4,13,6,62,18,16,10,20,8,26,12
41500,41,경기도,500,이천시,5,1.1,1.1,8.5,8.5,4.9,4.9,0.8,0.8,0.0,0.0,0.0,0.0,0.0,0.0,1.1,1.1,2,0.0,0.0,0.0,0.0,0.0,0.0,0.0,0.0,0.0,0.0,0.0,0.0,0.0,0.0,0.0,0.0,2,1355.0,1355.0,2910.0,1555.0,2910.0,1555.0,3070.0,1555.0,3080.0,1555.0,3105.0,1580.0,3105.0,1580.0,1355.0,1355.0,0.0,0.0,6,166,33,129,33,4,3,33,16,63,12,40,11,4,2,19,7,1,8,8,6,6,0,0,2,2,19,19,12,12,0,0,7,7
41550,41,경기도,550,안성시,5,0.0,0.0,0.0,0.0,0.0,0.0,0.0,0.0,0.0,0.0,0.0,0.0,0.0,0.0,0.0,0.0,7,0.0,0.0,0.0,0.0,0.0,0.0,0.0,0.0,250.0,250.0,250.0,250.0,250.0,250.0,0.0,0.0,8,5690.0,1780.0,5695.0,1780.0,5695.0,1780.0,6820.0,1780.0,7685.0,1950.0,7685.0,1950.0,7895.0,1950.0,5690.0,1780.0,19.825,19.825,5,113,33,97,32,3,2,13,7,45,12,19,8,6,2,20,7,3,33,12,19,9,5,3,9,6,44,18,33,15,2,2,9,4
41570,41,경기도,570,김포시,11,0.0,0.0,0.0,0.0,0.0,0.0,0.0,0.0,0.0,0.0,0.0,0.0,83.1,83.1,0.0,0.0,12,0.0,0.0,5.0,5.0,0.0,0.0,0.0,0.0,0.0,0.0,0.0,0.0,1260.0,430.0,0.0,0.0,12,3590.0,1165.0,5455.0,1750.0,6370.0,1805.0,6935.0,1810.0,6975.0,1810.0,7055.0,1810.0,8200.0,1810.0,3590.0,1165.0,0.0,0.0,8,203,28,195,27,3,2,5,3,74,16,43,8,18,7,13,4,3,27,10,15,9,4,4,8,6,37,16,20,12,10,5,7,4
41590,41,경기도,590,화성시,14,0.0,0.0,0.0,0.0,0.0,0.0,0.0,0.0,0.0,0.0,36.1,36.1,69.80000000000001,36.7,0.0,0.0,12,0.0,0.0,600.0,600.0,600.0,600.0,600.0,600.0,600.0,600.0,3105.0,600.0,3095.0,600.0,0.0,0.0,12,8730.0,1755.0,8750.0,1755.0,10050.0,1755.0,10950.0,2235.0,10975.0,2235.0,11305.0,2235.0,11780.0,2235.0,8730.0,1755.0,19.8,19.8,16,395,32,316,32,27,9,52,8,147,12,94,10,9,4,44,8,5,46,10,15,10,19,9,12,6,65,18,17,17,19,9,29,12
41591,41,경기도,591,화성시만세구,6,0.0,0.0,0.0,0.0,0.0,0.0,0.0,0.0,0.0,0.0,650.4,165.6,647.4,165.6,0.0,0.0,3,0.0,0.0,0.0,0.0,0.0,0.0,0.0,0.0,0.0,0.0,1000.0,500.0,1000.0,500.0,0.0,0.0,3,0.0,0.0,0.0,0.0,0.0,0.0,2670.0,1375.0,2695.0,1390.0,4190.0,1720.0,5685.0,2300.0,0.0,0.0,0.0,0.0,1,16,16,16,16,0,0,0,0,10,10,10,10,0,0,0,0,0,0,0,0,0,0,0,0,0,0,0,0,0,0,0,0,0
41593,41,경기도,593,화성시효행구,0,0.0,0.0,0.0,0.0,0.0,0.0,0.0,0.0,0.0,0.0,0.0,0.0,0.0,0.0,0.0,0.0,0,0.0,0.0,0.0,0.0,0.0,0.0,0.0,0.0,0.0,0.0,0.0,0.0,0.0,0.0,0.0,0.0,0,0.0,0.0,0.0,0.0,0.0,0.0,0.0,0.0,0.0,0.0,0.0,0.0,0.0,0.0,0.0,0.0,0.0,0.0,0,0,0,0,0,0,0,0,0,0,0,0,0,0,0,0,0,0,0,0,0,0,0,0,0,0,0,0,0,0,0,0,0,0
41595,41,경기도,595,화성시병점구,0,0.0,0.0,0.0,0.0,0.0,0.0,0.0,0.0,0.0,0.0,0.0,0.0,0.0,0.0,0.0,0.0,0,0.0,0.0,0.0,0.0,0.0,0.0,0.0,0.0,0.0,0.0,0.0,0.0,0.0,0.0,0.0,0.0,0,0.0,0.0,0.0,0.0,0.0,0.0,0.0,0.0,0.0,0.0,0.0,0.0,0.0,0.0,0.0,0.0,0.0,0.0,0,0,0,0,0,0,0,0,0,0,0,0,0,0,0,0,0,0,0,0,0,0,0,0,0,0,0,0,0,0,0,0,0,0
41597,41,경기도,597,화성시동탄구,2,0.0,0.0,0.0,0.0,0.0,0.0,0.0,0.0,0.0,0.0,0.0,0.0,0.0,0.0,0.0,0.0,1,0.0,0.0,0.0,0.0,0.0,0.0,0.0,0.0,0.0,0.0,0.0,0.0,0.0,0.0,0.0,0.0,1,0.0,0.0,1980.0,1980.0,1980.0,1980.0,1980.0,1980.0,1980.0,1980.0,2015.0,2015.0,2015.0,2015.0,0.0,0.0,0.0,0.0,1,27,27,25,25,0,0,2,2,17,17,17,17,0,0,0,0,0,0,0,0,0,0,0,0,0,0,0,0,0,0,0,0,0
41610,41,경기도,610,광주시,5,0.0,0.0,0.0,0.0,0.0,0.0,0.0,0.0,10.4,10.4,9.0,9.0,7.7,7.7,0.0,0.0,6,0.0,0.0,0.0,0.0,0.0,0.0,0.0,0.0,0.0,0.0,0.0,0.0,100.0,100.0,0.0,0.0,6,5515.0,1395.0,5515.0,1395.0,5515.0,1395.0,6990.0,1460.0,7005.0,1470.0,7025.0,1475.0,7110.0,1495.0,5515.0,1395.0,0.0,0.0,5,136,32,106,32,10,10,20,16,54,15,35,13,4,2,15,8,2,18,10,6,6,6,6,6,4,37,19,12,12,11,11,14,7
41630,41,경기도,630,양주시,5,0.0,0.0,0.0,0.0,0.0,0.0,0.0,0.0,0.0,0.0,0.0,0.0,55.2,55.2,0.0,0.0,9,0.0,0.0,0.0,0.0,0.0,0.0,0.0,0.0,280.0,280.0,280.0,280.0,280.0,280.0,0.0,0.0,10,6895.0,1340.0,6900.0,1340.0,7680.0,1340.0,8610.0,1340.0,8670.0,1340.0,9625.0,1340.0,9655.0,1340.0,6895.0,1340.0,0.0,0.0,10,196,29,144,26,10,5,42,11,88,14,62,12,10,4,16,8,7,60,10,24,6,21,6,15,6,92,18,36,12,32,8,24,12
41650,41,경기도,650,포천시,7,0.0,0.0,0.0,0.0,0.0,0.0,55.2,55.2,141.9,55.2,197.1,55.2,230.4,55.2,0.0,0.0,4,0.0,0.0,0.0,0.0,0.0,0.0,235.0,235.0,1270.0,625.0,1850.0,625.0,1850.0,625.0,0.0,0.0,4,1960.0,1015.0,1960.0,1015.0,2870.0,1015.0,3110.0,1105.0,3130.0,1105.0,4295.0,1150.0,4295.0,1150.0,1960.0,1015.0,0.0,0.0,5,105,28,65,19,4,4,36,12,44,12,28,10,2,2,14,8,2,18,10,12,6,4,2,2,2,24,12,18,10,6,4,0,0
41670,41,경기도,670,여주시,2,5.9,5.9,0.0,0.0,0.0,0.0,0.0,0.0,0.0,0.0,0.0,0.0,0.0,0.0,5.9,5.9,4,0.0,0.0,0.0,0.0,0.0,0.0,0.0,0.0,0.0,0.0,0.0,0.0,805.0,805.0,0.0,0.0,4,2100.0,1155.0,2660.0,1535.0,2690.0,1535.0,3475.0,1535.0,3475.0,1535.0,3570.0,1580.0,4360.0,1635.0,2100.0,1155.0,0.0,0.0,4,109,33,95,33,3,3,11,11,38,12,30,11,0,0,8,4,0,0,0,0,0,0,0,0,0,0,0,0,0,0,0,0,0
41800,41,경기도,800,연천군,2,0.0,0.0,0.0,0.0,0.0,0.0,0.0,0.0,7.7,7.7,7.7,7.7,7.7,7.7,0.0,0.0,2,0.0,0.0,0.0,0.0,0.0,0.0,0.0,0.0,560.0,560.0,560.0,560.0,560.0,560.0,0.0,0.0,2,1650.0,890.0,1650.0,890.0,1650.0,890.0,1825.0,985.0,1825.0,985.0,1920.0,1070.0,1920.0,1070.0,1650.0,890.0,0.0,0.0,3,56,31,28,18,6,4,22,13,35,12,18,10,3,2,14,8,1,8,8,6,6,2,2,0,0,12,12,10,10,2,2,0,0
41820,41,경기도,820,가평군,2,30.6,30.6,29.4,29.4,28.3,28.3,27.2,27.2,26.1,26.1,24.9,24.9,71.2,47.4,30.6,30.6,5,490.0,410.0,645.0,410.0,865.0,410.0,930.0,410.0,1220.0,410.0,1225.0,410.0,1490.0,410.0,490.0,410.0,5,1455.0,905.0,1455.0,905.0,2680.0,975.0,2805.0,1070.0,3045.0,1075.0,3085.0,1075.0,3085.0,1075.0,1455.0,905.0,0.0,0.0,4,96,28,49,16,0,0,47,17,40,12,15,5,4,2,21,8,0,0,0,0,0,0,0,0,0,0,0,0,0,0,0,0,0
41830,41,경기도,830,양평군,3,71.9,71.9,71.9,71.9,149.4,71.9,149.4,71.9,149.4,71.9,149.4,71.9,149.4,71.9,71.9,71.9,3,0.0,0.0,0.0,0.0,120.0,120.0,120.0,120.0,625.0,625.0,745.0,745.0,750.0,750.0,0.0,0.0,3,2725.0,1260.0,3070.0,1320.0,3070.0,1320.0,3325.0,1575.0,3685.0,1935.0,3770.0,1935.0,3890.0,1935.0,2725.0,1260.0,0.0,0.0,5,119,30,76,22,6,6,37,12,45,13,33,10,0,0,12,4,0,0,0,0,0,0,0,0,0,0,0,0,0,0,0,0,0
43111,43,충청북도,111,청주시상당구,5,62.6,62.6,58.8,58.8,56.7,56.7,54.6,54.6,52.5,52.5,50.5,50.5,48.4,48.4,62.6,62.6,5,0.0,0.0,0.0,0.0,0.0,0.0,0.0,0.0,0.0,0.0,0.0,0.0,0.0,0.0,0.0,0.0,2,0.0,0.0,0.0,0.0,0.0,0.0,0.0,0.0,0.0,0.0,835.0,835.0,1450.0,860.0,0.0,0.0,0.0,0.0,5,118,31,95,31,5,4,18,10,54,20,42,20,5,2,7,3,2,14,8,8,4,0,0,6,4,38,20,29,20,6,6,3,3
43112,43,충청북도,112,청주시서원구,2,0.0,0.0,0.0,0.0,0.0,0.0,0.0,0.0,0.0,0.0,0.0,0.0,0.0,0.0,0.0,0.0,2,0.0,0.0,0.0,0.0,0.0,0.0,0.0,0.0,0.0,0.0,0.0,0.0,0.0,0.0,0.0,0.0,2,0.0,0.0,0.0,0.0,0.0,0.0,0.0,0.0,0.0,0.0,1610.0,955.0,1610.0,955.0,0.0,0.0,0.0,0.0,4,92,27,72,25,5,4,15,10,48,20,42,20,1,2,5,3,2,14,8,8,4,0,0,6,4,38,20,29,20,6,6,3,3
43113,43,충청북도,113,청주시흥덕구,7,79.9,79.9,66.4,66.4,65.1,65.1,52.1,52.1,40.3,40.3,30.9,30.9,17.9,17.9,79.9,79.9,7,0.0,0.0,0.0,0.0,0.0,0.0,0.0,0.0,0.0,0.0,120.0,120.0,100.0,100.0,0.0,0.0,8,2265.0,2265.0,3620.0,2325.0,3620.0,2325.0,4230.0,2935.0,4265.0,2935.0,6305.0,3045.0,6380.0,3095.0,2265.0,2265.0,0.0,0.0,8,189,32,142,31,9,4,38,17,96,20,80,20,2,3,14,5,2,14,8,8,4,0,0,6,4,38,20,29,20,6,6,3,3
43114,43,충청북도,114,청주시청원구,2,0.0,0.0,0.0,0.0,0.0,0.0,0.0,0.0,0.0,0.0,0.0,0.0,0.0,0.0,0.0,0.0,2,0.0,0.0,0.0,0.0,345.0,345.0,285.0,285.0,265.0,265.0,210.0,210.0,225.0,225.0,0.0,0.0,3,1410.0,1410.0,1365.0,1365.0,1360.0,1360.0,1345.0,1345.0,0.0,0.0,2640.0,1340.0,2655.0,1340.0,1410.0,1410.0,0.0,0.0,6,132,31,98,31,6,4,28,9,71,20,63,20,2,2,6,3,2,14,8,8,4,0,0,6,4,38,20,29,20,6,6,3,3
43130,43,충청북도,130,충주시,9,286.3,114.3,272.3,112.4,472.3,165.6,451.1,165.6,586.6,165.6,556.6999999999999,165.6,536.6,165.6,286.3,114.3,9,1535.0,760.0,2215.0,625.0,3200.0,1015.0,2380.0,685.0,3095.0,910.0,3695.0,945.0,3600.0,975.0,1535.0,760.0,7,0.0,0.0,0.0,0.0,0.0,0.0,0.0,0.0,0.0,0.0,4410.0,780.0,6795.0,1690.0,0.0,0.0,0.0,0.0,7,173,27,116,27,1,1,56,17,70,16,54,16,4,3,12,5,1,9,9,5,5,4,4,0,0,16,16,16,16,0,0,0,0
43150,43,충청북도,150,제천시,2,60.1,30.5,43.599999999999994,26.9,38.8,24.2,34.2,21.6,29.5,19.0,24.700000000000003,16.3,20.1,13.7,60.1,30.5,2,990.0,825.0,1070.0,905.0,1110.0,930.0,1125.0,940.0,1180.0,965.0,1780.0,1335.0,1885.0,1445.0,990.0,825.0,3,0.0,0.0,0.0,0.0,0.0,0.0,0.0,0.0,0.0,0.0,2935.0,1690.0,3085.0,1845.0,0.0,0.0,0.0,0.0,3,50,26,37,20,1,1,12,8,39,20,30,18,5,3,4,3,1,9,9,7,7,0,0,2,2,20,20,18,18,2,2,0,0
43720,43,충청북도,720,보은군,1,90.0,90.0,88.5,88.5,87.1,87.1,85.6,85.6,84.2,84.2,82.8,82.8,81.4,81.4,90.0,90.0,1,0.0,0.0,0.0,0.0,0.0,0.0,0.0,0.0,0.0,0.0,450.0,450.0,470.0,470.0,0.0,0.0,2,0.0,0.0,0.0,0.0,0.0,0.0,0.0,0.0,0.0,0.0,470.0,470.0,470.0,470.0,0.0,0.0,0.0,0.0,2,24,24,19,19,1,1,4,4,23,16,19,16,2,2,2,2,1,11,11,8,8,2,2,1,1,16,16,16,16,0,0,0,0
43730,43,충청북도,730,옥천군,1,76.1,76.1,73.0,73.0,70.0,70.0,66.8,66.8,62.5,62.5,58.2,58.2,53.4,53.4,76.1,76.1,1,0.0,0.0,0.0,0.0,0.0,0.0,0.0,0.0,0.0,0.0,0.0,0.0,0.0,0.0,0.0,0.0,1,0.0,0.0,0.0,0.0,0.0,0.0,0.0,0.0,0.0,0.0,610.0,610.0,610.0,610.0,0.0,0.0,0.0,0.0,2,34,34,16,16,1,1,17,17,24,16,24,16,0,0,0,0,1,11,11,8,8,2,2,1,1,16,16,16,16,0,0,0,0
43740,43,충청북도,740,영동군,1,9.6,9.6,5.0,5.0,0.4,0.4,19.6,19.6,15.7,15.7,9.3,9.3,3.0,3.0,9.6,9.6,1,0.0,0.0,0.0,0.0,0.0,0.0,0.0,0.0,0.0,0.0,370.0,370.0,490.0,490.0,0.0,0.0,1,0.0,0.0,0.0,0.0,0.0,0.0,0.0,0.0,0.0,0.0,590.0,590.0,590.0,590.0,0.0,0.0,0.0,0.0,2,21,21,15,15,0,0,6,6,22,16,19,16,2,2,1,1,1,11,11,8,8,2,2,1,1,16,16,16,16,0,0,0,0
43745,43,충청북도,745,증평군,0,0.0,0.0,0.0,0.0,0.0,0.0,0.0,0.0,0.0,0.0,0.0,0.0,0.0,0.0,0.0,0.0,0,0.0,0.0,0.0,0.0,0.0,0.0,0.0,0.0,0.0,0.0,0.0,0.0,0.0,0.0,0.0,0.0,1,0.0,0.0,0.0,0.0,0.0,0.0,0.0,0.0,0.0,0.0,2185.0,2185.0,2185.0,2185.0,0.0,0.0,0.0,0.0,2,40,27,30,21,4,4,6,6,31,20,27,20,0,0,4,4,1,6,6,4,4,2,2,0,0,17,17,15,15,2,2,0,0
43750,43,충청북도,750,진천군,4,0.0,0.0,0.0,0.0,0.0,0.0,0.0,0.0,165.6,165.6,165.6,165.6,165.6,165.6,0.0,0.0,4,100.0,100.0,0.0,0.0,575.0,355.0,800.0,405.0,360.0,260.0,765.0,360.0,750.0,360.0,100.0,100.0,5,1035.0,1035.0,1035.0,1035.0,2905.0,1580.0,2930.0,1580.0,1580.0,1580.0,3855.0,1580.0,4980.0,1580.0,1035.0,1035.0,0.0,0.0,5,113,30,99,28,1,1,13,6,53,17,44,15,-1,2,10,5,1,6,6,4,4,2,2,0,0,17,17,15,15,2,2,0,0
43760,43,충청북도,760,괴산군,3,0.0,0.0,0.0,0.0,0.0,0.0,165.6,165.6,165.6,165.6,165.6,165.6,165.6,165.6,0.0,0.0,3,0.0,0.0,0.0,0.0,0.0,0.0,270.0,270.0,735.0,475.0,310.0,310.0,300.0,300.0,0.0,0.0,4,0.0,0.0,0.0,0.0,0.0,0.0,0.0,0.0,0.0,0.0,1490.0,495.0,2170.0,1015.0,0.0,0.0,0.0,0.0,4,89,27,55,22,0,0,34,17,39,16,29,16,2,1,8,4,1,9,9,5,5,4,4,0,0,16,16,16,16,0,0,0,0
43770,43,충청북도,770,음성군,4,0.0,0.0,0.0,0.0,0.0,0.0,0.0,0.0,0.0,0.0,0.0,0.0,0.0,0.0,0.0,0.0,4,90.0,90.0,95.0,95.0,420.0,420.0,395.0,395.0,0.0,0.0,355.0,355.0,355.0,355.0,90.0,90.0,5,0.0,0.0,0.0,0.0,0.0,0.0,0.0,0.0,0.0,0.0,1835.0,595.0,3170.0,880.0,0.0,0.0,0.0,0.0,7,167,30,141,28,0,0,26,9,74,17,67,16,1,2,6,3,1,9,9,5,5,4,4,0,0,16,16,16,16,0,0,0,0
43800,43,충청북도,800,단양군,1,26.6,26.6,24.7,24.7,22.8,22.8,21.0,21.0,19.1,19.1,17.2,17.2,15.4,15.4,26.6,26.6,1,0.0,0.0,0.0,0.0,0.0,0.0,0.0,0.0,0.0,0.0,0.0,0.0,0.0,0.0,0.0,0.0,1,0.0,0.0,0.0,0.0,0.0,0.0,0.0,0.0,0.0,0.0,585.0,585.0,590.0,590.0,0.0,0.0,0.0,0.0,2,17,17,14,14,0,0,3,3,33,20,30,18,3,2,0,0,1,9,9,7,7,0,0,2,2,20,20,18,18,2,2,0,0
44131,44,충청남도,131,천안시동남구,3,0.0,0.0,0.0,0.0,0.0,0.0,0.0,0.0,0.0,0.0,11.3,11.3,0.0,0.0,0.0,0.0,4,0.0,0.0,0.0,0.0,0.0,0.0,0.0,0.0,0.0,0.0,495.0,495.0,0.0,0.0,0.0,0.0,4,1035.0,1035.0,1035.0,1035.0,1580.0,1580.0,1580.0,1580.0,1580.0,1580.0,1580.0,1580.0,1580.0,1580.0,1035.0,1035.0,0.0,0.0,5,97,25,79,25,8,6,10,6,58,18,37,15,7,3,14,10,4,40,12,16,6,13,10,11,6,64,18,26,14,9,4,29,14
44133,44,충청남도,133,천안시서북구,7,0.0,0.0,0.0,0.0,0.0,0.0,0.0,0.0,0.0,0.0,0.0,0.0,0.0,0.0,0.0,0.0,5,0.0,0.0,0.0,0.0,0.0,0.0,0.0,0.0,0.0,0.0,490.0,490.0,0.0,0.0,0.0,0.0,5,0.0,0.0,0.0,0.0,0.0,0.0,0.0,0.0,0.0,0.0,0.0,0.0,0.0,0.0,0.0,0.0,0.0,0.0,11,236,27,203,27,10,7,23,8,123,18,80,15,19,4,24,10,4,40,12,16,6,13,10,11,6,64,18,26,14,9,4,29,14
44150,44,충청남도,150,공주시,3,162.79999999999998,161.2,2.0,2.0,0.0,0.0,0.0,0.0,0.0,0.0,0.0,0.0,0.0,0.0,162.79999999999998,161.2,3,745.0,470.0,140.0,140.0,80.0,80.0,0.0,0.0,0.0,0.0,0.0,0.0,0.0,0.0,745.0,470.0,3,0.0,0.0,0.0,0.0,0.0,0.0,0.0,0.0,0.0,0.0,0.0,0.0,0.0,0.0,0.0,0.0,0.0,0.0,3,66,28,39,26,0,0,27,20,29,12,14,6,0,0,15,6,0,0,0,0,0,0,0,0,0,0,0,0,0,0,0,0,0
44180,44,충청남도,180,보령시,2,77.7,77.7,75.6,75.6,73.4,73.4,67.1,67.1,63.6,63.6,60.2,60.2,56.8,56.8,77.7,77.7,2,690.0,690.0,680.0,680.0,475.0,475.0,520.0,520.0,495.0,495.0,680.0,680.0,640.0,640.0,690.0,690.0,4,0.0,0.0,0.0,0.0,0.0,0.0,0.0,0.0,0.0,0.0,0.0,0.0,0.0,0.0,0.0,0.0,1735.0,1720.0,2,37,26,25,19,2,2,10,5,20,12,12,6,0,0,8,6,0,0,0,0,0,0,0,0,0,0,0,0,0,0,0,0,0
44200,44,충청남도,200,아산시,11,15.0,15.0,20.0,20.0,75.0,75.0,0.0,0.0,0.0,0.0,0.0,0.0,0.0,0.0,15.0,15.0,12,15.0,15.0,80.0,60.0,185.0,110.0,0.0,0.0,0.0,0.0,0.0,0.0,0.0,0.0,15.0,15.0,13,0.0,0.0,0.0,0.0,0.0,0.0,0.0,0.0,0.0,0.0,0.0,0.0,0.0,0.0,0.0,0.0,1239.6,1200.0,7,121,26,100,23,13,5,8,4,81,18,53,14,8,3,20,10,2,18,12,10,6,3,2,5,5,34,18,22,14,2,2,10,10
44210,44,충청남도,210,서산시,6,123.4,113.7,118.0,112.4,112.60000000000001,111.2,126.30000000000001,109.9,121.8,108.7,283.0,165.6,278.6,165.6,123.4,113.7,7,1605.0,745.0,2270.0,825.0,2020.0,835.0,1995.0,900.0,1640.0,865.0,2575.0,1150.0,2510.0,1100.0,1605.0,745.0,7,0.0,0.0,0.0,0.0,0.0,0.0,0.0,0.0,0.0,0.0,0.0,0.0,0.0,0.0,0.0,0.0,432.3616,320.0,6,140,27,93,21,21,9,26,16,71,18,44,16,6,4,21,11,2,26,16,0,0,8,6,18,10,36,18,0,0,16,12,20,14
44230,44,충청남도,230,논산시,3,44.3,44.3,21.5,21.5,18.8,18.8,16.1,16.1,13.5,13.5,176.5,165.6,173.9,165.6,44.3,44.3,4,900.0,605.0,590.0,590.0,505.0,505.0,330.0,330.0,330.0,330.0,1285.0,770.0,1240.0,735.0,900.0,605.0,4,0.0,0.0,0.0,0.0,0.0,0.0,0.0,0.0,0.0,0.0,0.0,0.0,0.0,0.0,0.0,0.0,0.0,0.0,3,55,24,36,21,11,6,8,5,36,16,22,10,0,0,14,6,1,10,10,2,2,8,8,0,0,16,16,10,10,0,0,6,6
44250,44,충청남도,250,계룡시,2,0.0,0.0,0.0,0.0,0.0,0.0,0.0,0.0,0.0,0.0,0.0,0.0,0.0,0.0,0.0,0.0,1,0.0,0.0,0.0,0.0,0.0,0.0,0.0,0.0,0.0,0.0,0.0,0.0,0.0,0.0,0.0,0.0,1,0.0,0.0,0.0,0.0,0.0,0.0,0.0,0.0,0.0,0.0,0.0,0.0,0.0,0.0,0.0,0.0,0.0,0.0,2,35,26,17,17,10,6,8,5,24,16,14,10,0,0,10,6,1,10,10,2,2,8,8,0,0,16,16,10,10,0,0,6,6
44270,44,충청남도,270,당진시,7,165.0,149.3,220.3,147.3,209.4,147.3,195.7,145.3,141.7,141.2,137.2,137.2,133.2,133.2,165.0,149.3,5,690.0,525.0,1025.0,435.0,1025.0,440.0,1015.0,410.0,740.0,450.0,715.0,425.0,790.0,425.0,690.0,525.0,7,0.0,0.0,0.0,0.0,0.0,0.0,0.0,0.0,0.0,0.0,0.0,0.0,0.0,0.0,0.0,0.0,81.1854,40.0,8,166,26,102,22,38,9,26,18,93,18,35,8,19,5,39,13,5,40,12,18,6,11,5,11,5,57,18,6,5,18,10,33,13
44710,44,충청남도,710,금산군,2,0.0,0.0,0.0,0.0,0.0,0.0,0.0,0.0,0.0,0.0,133.8,87.3,130.9,85.7,0.0,0.0,2,0.0,0.0,0.0,0.0,0.0,0.0,0.0,0.0,0.0,0.0,630.0,630.0,680.0,680.0,0.0,0.0,2,0.0,0.0,0.0,0.0,0.0,0.0,0.0,0.0,0.0,0.0,0.0,0.0,0.0,0.0,0.0,0.0,0.0,0.0,3,37,22,25,18,3,3,9,5,31,16,25,16,2,2,4,4,0,0,0,0,0,0,0,0,0,0,0,0,0,0,0,0,0
44760,44,충청남도,760,부여군,2,151.2,103.0,145.9,101.5,140.5,100.0,135.3,98.5,129.2,97.0,123.5,95.6,117.80000000000001,94.2,151.2,103.0,2,1040.0,615.0,1155.0,680.0,1145.0,600.0,790.0,455.0,775.0,440.0,1210.0,715.0,1335.0,730.0,1040.0,615.0,3,0.0,0.0,0.0,0.0,0.0,0.0,0.0,0.0,0.0,0.0,0.0,0.0,0.0,0.0,0.0,0.0,0.0,0.0,3,51,27,31,16,3,3,17,12,36,16,26,16,0,0,10,8,0,0,0,0,0,0,0,0,0,0,0,0,0,0,0,0,0
44770,44,충청남도,770,서천군,1,0.0,0.0,0.0,0.0,44.5,44.5,40.1,40.1,35.7,35.7,29.5,29.5,23.4,23.4,0.0,0.0,1,0.0,0.0,0.0,0.0,415.0,415.0,420.0,420.0,395.0,395.0,420.0,420.0,360.0,360.0,0.0,0.0,1,0.0,0.0,0.0,0.0,0.0,0.0,0.0,0.0,0.0,0.0,0.0,0.0,0.0,0.0,0.0,0.0,0.0,0.0,3,38,26,23,17,6,6,9,6,33,16,25,16,3,2,5,5,0,0,0,0,0,0,0,0,0,0,0,0,0,0,0,0,0
44790,44,충청남도,790,청양군,1,0.0,0.0,0.0,0.0,0.0,0.0,0.0,0.0,0.0,0.0,0.0,0.0,0.0,0.0,0.0,0.0,1,0.0,0.0,0.0,0.0,0.0,0.0,0.0,0.0,0.0,0.0,0.0,0.0,0.0,0.0,0.0,0.0,1,0.0,0.0,0.0,0.0,0.0,0.0,0.0,0.0,0.0,0.0,0.0,0.0,0.0,0.0,0.0,0.0,1200.0,1200.0,2,11,11,6,6,0,0,5,5,28,16,22,16,0,0,6,6,1,10,10,10,10,0,0,0,0,12,12,6,6,0,0,6,6
44800,44,충청남도,800,홍성군,2,17.9,17.9,8.1,8.1,4.4,4.4,7.1,7.1,2.7,2.7,0.0,0.0,58.8,58.8,17.9,17.9,2,505.0,505.0,610.0,610.0,620.0,620.0,570.0,570.0,500.0,500.0,515.0,515.0,990.0,560.0,505.0,505.0,2,0.0,0.0,0.0,0.0,0.0,0.0,0.0,0.0,0.0,0.0,0.0,0.0,0.0,0.0,0.0,0.0,0.0,0.0,3,78,27,51,20,13,9,14,10,30,12,18,8,5,2,7,3,0,0,0,0,0,0,0,0,0,0,0,0,0,0,0,0,0
44810,44,충청남도,810,예산군,3,186.79999999999998,165.6,206.4,165.6,37.4,30.4,27.4,27.4,0.0,0.0,101.7,101.7,91.7,91.7,186.79999999999998,165.6,3,775.0,520.0,640.0,550.0,160.0,80.0,400.0,200.0,185.0,185.0,650.0,440.0,560.0,390.0,775.0,520.0,3,0.0,0.0,0.0,0.0,0.0,0.0,0.0,0.0,0.0,0.0,0.0,0.0,0.0,0.0,0.0,0.0,0.0,0.0,3,72,26,55,19,11,9,6,4,30,12,18,8,2,2,10,4,0,0,0,0,0,0,0,0,0,0,0,0,0,0,0,0,0
44825,44,충청남도,825,태안군,1,81.5,81.5,79.8,79.8,77.8,77.8,76.3,76.3,74.8,74.8,73.4,73.4,71.1,71.1,81.5,81.5,2,850.0,435.0,815.0,440.0,1090.0,585.0,1035.0,555.0,1145.0,615.0,1890.0,1135.0,1835.0,1075.0,850.0,435.0,3,0.0,0.0,0.0,0.0,0.0,0.0,0.0,0.0,0.0,0.0,0.0,0.0,0.0,0.0,0.0,0.0,81.49080000000001,64.7928,2,50,26,33,17,13,9,4,4,18,10,10,6,5,3,3,2,0,0,0,0,0,0,0,0,0,0,0,0,0,0,0,0,0
47111,47,경상북도,111,포항시남구,5,397.2,143.6,293.8,128.6,357.29999999999995,123.1,338.2,122.4,308.7,121.7,279.0,121.0,241.0,120.3,397.2,143.6,5,940.0,585.0,645.0,415.0,1175.0,580.0,1195.0,610.0,1215.0,625.0,1320.0,670.0,1375.0,670.0,940.0,585.0,8,1805.0,1095.0,1805.0,1095.0,2300.0,1590.0,2310.0,1600.0,2360.0,1650.0,6745.0,2150.0,6730.0,2125.0,1805.0,1095.0,321.2,145.6,6,94,24,71,18,10,4,13,5,68,16,40,11,12,6,16,8,1,12,12,4,4,2,2,6,6,15,15,8,8,5,5,2,2
47113,47,경상북도,113,포항시북구,5,325.0,135.0,246.8,82.0,323.4,122.0,306.9,115.6,284.4,102.7,260.5,89.9,241.6,83.0,325.0,135.0,5,560.0,145.0,180.0,45.0,1785.0,530.0,1630.0,455.0,1940.0,610.0,2115.0,700.0,2070.0,680.0,560.0,145.0,3,1100.0,1100.0,1100.0,1100.0,1120.0,1120.0,1125.0,1125.0,1125.0,1125.0,1130.0,1130.0,1130.0,1130.0,1100.0,1100.0,95.36,62.0,5,89,26,69,23,10,4,10,4,51,15,34,11,12,5,5,2,1,14,14,14,14,0,0,0,0,17,17,9,9,5,5,3,3
47130,47,경상북도,130,경주시,5,339.0,125.3,259.5,121.8,332.1,124.5,327.8,124.1,374.0,123.7,368.5,123.4,363.1,123.0,339.0,125.3,5,530.0,325.0,490.0,320.0,500.0,325.0,645.0,325.0,765.0,335.0,855.0,335.0,930.0,335.0,530.0,325.0,6,775.0,510.0,1445.0,935.0,1445.0,935.0,1445.0,935.0,1445.0,935.0,2275.0,935.0,2275.0,935.0,775.0,510.0,58.4,43.4,9,171,30,121,26,13,3,37,8,86,13,46,8,15,6,25,8,3,32,14,24,14,4,4,4,4,46,17,23,9,6,5,17,7
47150,47,경상북도,150,김천시,4,343.8,118.8,323.0,117.9,311.1,117.0,288.09999999999997,116.1,263.6,115.2,238.1,114.3,209.8,113.4,343.8,118.8,4,600.0,300.0,605.0,305.0,580.0,295.0,540.0,285.0,555.0,290.0,645.0,365.0,610.0,340.0,600.0,300.0,4,1315.0,820.0,1315.0,820.0,1315.0,820.0,1340.0,840.0,1355.0,855.0,1380.0,880.0,1400.0,890.0,1315.0,820.0,0.0,0.0,3,46,19,39,15,3,3,4,2,28,12,16,6,2,2,10,6,1,12,12,12,12,0,0,0,0,12,12,10,10,1,1,1,1
47170,47,경상북도,170,안동시,3,165.6,165.6,165.6,165.6,165.6,165.6,165.6,165.6,314.5,165.6,311.9,165.6,309.2,165.6,165.6,165.6,3,220.0,220.0,230.0,230.0,325.0,325.0,290.0,290.0,610.0,315.0,680.0,365.0,735.0,425.0,220.0,220.0,3,0.0,0.0,0.0,0.0,0.0,0.0,0.0,0.0,0.0,0.0,570.0,295.0,665.0,345.0,0.0,0.0,0.0,0.0,4,99,32,63,19,9,5,27,17,29,8,22,7,3,1,4,2,1,15,15,8,8,2,2,5,5,13,13,11,11,2,2,0,0
47190,47,경상북도,190,구미시,8,102.2,82.0,97.1,80.2,174.7,78.5,164.7,76.5,156.5,74.7,352.8,75.0,326.7,74.1,102.2,82.0,8,595.0,395.0,600.0,400.0,605.0,405.0,590.0,395.0,590.0,390.0,1175.0,395.0,1125.0,380.0,595.0,395.0,10,0.0,0.0,0.0,0.0,0.0,0.0,0.0,0.0,0.0,0.0,2870.0,755.0,2955.0,755.0,0.0,0.0,20.0,20.0,8,160,32,120,27,12,6,28,10,102,24,73,16,19,6,10,4,2,26,14,16,12,2,2,8,8,50,38,28,18,8,7,14,13
47210,47,경상북도,210,영주시,2,0.0,0.0,0.0,0.0,0.0,0.0,0.0,0.0,0.0,0.0,165.6,165.6,165.6,165.6,0.0,0.0,2,0.0,0.0,0.0,0.0,0.0,0.0,0.0,0.0,0.0,0.0,330.0,330.0,600.0,600.0,0.0,0.0,3,0.0,0.0,0.0,0.0,0.0,0.0,0.0,0.0,0.0,0.0,260.0,260.0,700.0,665.0,0.0,0.0,0.0,0.0,4,77,28,62,23,4,2,11,7,42,13,30,11,3,2,9,5,1,15,15,8,8,2,2,5,5,13,13,11,11,2,2,0,0
47230,47,경상북도,230,영천시,4,272.29999999999995,128.2,340.0,127.6,334.1,127.0,328.1,126.3,319.0,125.7,309.8,125.1,300.8,124.5,272.29999999999995,128.2,4,1780.0,710.0,1655.0,680.0,1740.0,690.0,1790.0,690.0,1775.0,670.0,1815.0,665.0,1810.0,650.0,1780.0,710.0,3,2215.0,1220.0,2220.0,1220.0,2220.0,1220.0,2220.0,1220.0,2225.0,1220.0,2225.0,1220.0,2230.0,1220.0,2215.0,1220.0,0.0,0.0,6,135,33,98,28,4,2,33,9,59,12,39,11,1,1,19,8,1,14,14,8,8,2,2,4,4,19,19,19,19,0,0,0,0
47250,47,경상북도,250,상주시,4,0.0,0.0,0.0,0.0,106.0,56.0,41.6,41.6,37.7,37.7,401.20000000000005,142.5,393.6,142.2,0.0,0.0,4,0.0,0.0,0.0,0.0,50.0,50.0,0.0,0.0,0.0,0.0,1255.0,400.0,1470.0,415.0,0.0,0.0,4,0.0,0.0,0.0,0.0,0.0,0.0,0.0,0.0,0.0,0.0,1260.0,490.0,1435.0,490.0,0.0,0.0,0.0,0.0,4,83,31,54,23,3,2,26,13,55,24,34,16,10,4,11,5,2,29,15,12,8,4,2,13,8,51,38,29,18,9,7,13,13
47280,47,경상북도,280,문경시,1,0.0,0.0,0.0,0.0,60.0,60.0,0.0,0.0,0.0,0.0,99.6,99.6,99.0,99.0,0.0,0.0,1,0.0,0.0,0.0,0.0,60.0,60.0,0.0,0.0,0.0,0.0,280.0,280.0,285.0,285.0,0.0,0.0,3,0.0,0.0,0.0,0.0,0.0,0.0,0.0,0.0,0.0,0.0,925.0,405.0,1525.0,620.0,0.0,0.0,0.0,0.0,3,81,31,39,19,3,2,39,18,25,10,13,7,8,8,4,4,1,15,15,8,8,2,2,5,5,13,13,11,11,2,2,0,0
47290,47,경상북도,290,경산시,5,307.1,107.9,366.9,98.8,346.2,90.7,313.7,85.0,280.1,78.3,243.7,68.8,204.3,59.3,307.1,107.9,5,995.0,655.0,925.0,670.0,1870.0,680.0,1840.0,680.0,1740.0,660.0,1645.0,655.0,1350.0,640.0,995.0,655.0,6,4245.0,1835.0,4300.0,1880.0,4605.0,1920.0,4615.0,1920.0,4640.0,1935.0,4670.0,1950.0,4705.0,1970.0,4245.0,1835.0,0.0,0.0,5,106,33,84,28,4,2,18,5,42,11,27,11,7,5,8,4,1,14,14,8,8,2,2,4,4,19,19,19,19,0,0,0,0
47730,47,경상북도,730,의성군,3,132.5,132.5,297.5,165.6,296.9,165.6,296.29999999999995,165.6,374.1,165.6,372.1,165.6,370.2,165.6,132.5,132.5,3,280.0,280.0,515.0,285.0,600.0,350.0,610.0,345.0,1325.0,685.0,1325.0,690.0,1210.0,570.0,280.0,280.0,2,0.0,0.0,0.0,0.0,0.0,0.0,0.0,0.0,0.0,0.0,50.0,25.0,50.0,25.0,0.0,0.0,0.0,0.0,3,53,33,25,13,7,5,21,18,38,24,25,16,4,4,9,4,1,14,14,4,4,2,2,8,8,38,38,18,18,7,7,13,13
47750,47,경상북도,750,청송군,1,0.0,0.0,0.0,0.0,109.5,109.5,40.0,40.0,107.6,107.6,106.7,106.7,105.8,105.8,0.0,0.0,1,0.0,0.0,0.0,0.0,0.0,0.0,0.0,0.0,0.0,0.0,0.0,0.0,0.0,0.0,0.0,0.0,0,0.0,0.0,0.0,0.0,0.0,0.0,0.0,0.0,0.0,0.0,0.0,0.0,0.0,0.0,0.0,0.0,0.0,0.0,0,0,0,0,0,0,0,0,0,0,0,0,0,0,0,0,0,1,15,15,8,8,2,2,5,5,13,13,11,11,2,2,0,0
47760,47,경상북도,760,영양군,1,0.0,0.0,0.0,0.0,165.6,165.6,165.6,165.6,165.6,165.6,165.6,165.6,165.6,165.6,0.0,0.0,1,0.0,0.0,0.0,0.0,245.0,245.0,280.0,280.0,210.0,210.0,380.0,380.0,465.0,465.0,0.0,0.0,2,0.0,0.0,0.0,0.0,0.0,0.0,0.0,0.0,0.0,0.0,0.0,0.0,75.0,75.0,0.0,0.0,183.1123,127.0123,1,25,25,16,16,0,0,9,9,8,8,7,7,1,1,0,0,1,15,15,8,8,2,2,5,5,13,13,11,11,2,2,0,0
47770,47,경상북도,770,영덕군,1,0.0,0.0,0.0,0.0,97.5,97.5,91.3,91.3,90.3,90.3,89.4,89.4,88.5,88.5,0.0,0.0,1,0.0,0.0,0.0,0.0,0.0,0.0,0.0,0.0,1485.0,1485.0,1535.0,1535.0,1430.0,1430.0,0.0,0.0,1,0.0,0.0,0.0,0.0,0.0,0.0,0.0,0.0,0.0,0.0,0.0,0.0,650.0,650.0,0.0,0.0,49.0,49.0,1,26,26,16,16,2,2,8,8,12,12,7,7,4,4,1,1,1,12,12,4,4,2,2,6,6,15,15,8,8,5,5,2,2
47820,47,경상북도,820,청도군,1,77.5,77.5,76.5,76.5,75.5,75.5,74.5,74.5,73.4,73.4,72.0,72.0,70.6,70.6,77.5,77.5,1,0.0,0.0,0.0,0.0,0.0,0.0,0.0,0.0,0.0,0.0,0.0,0.0,0.0,0.0,0.0,0.0,2,1490.0,1490.0,2205.0,2205.0,2320.0,2320.0,2320.0,2320.0,2335.0,2335.0,2370.0,2370.0,2400.0,2400.0,1490.0,1490.0,0.0,0.0,2,21,21,15,15,0,0,6,6,22,18,12,8,0,0,10,10,1,12,12,11,11,1,1,0,0,18,18,8,8,0,0,10,10
47830,47,경상북도,830,고령군,4,136.7,108.5,208.1,107.9,206.0,107.3,203.89999999999998,106.7,201.7,106.1,199.6,105.5,197.5,104.9,136.7,108.5,4,645.0,270.0,675.0,290.0,585.0,300.0,510.0,320.0,505.0,315.0,455.0,325.0,590.0,410.0,645.0,270.0,4,3145.0,1175.0,3165.0,1175.0,4050.0,1300.0,4055.0,1300.0,4055.0,1300.0,4055.0,1300.0,4085.0,1325.0,3145.0,1175.0,0.0,0.0,4,71,32,63,29,0,0,8,4,40,18,27,13,5,4,8,5,1,16,16,12,12,0,0,4,4,18,18,13,13,2,2,3,3
47840,47,경상북도,840,성주군,2,22.0,22.0,68.7,55.2,66.0,55.2,63.2,55.2,60.5,55.2,57.7,55.2,55.2,55.2,22.0,22.0,2,585.0,295.0,585.0,295.0,565.0,285.0,520.0,260.0,545.0,275.0,680.0,345.0,655.0,330.0,585.0,295.0,3,2565.0,1135.0,2565.0,1135.0,2565.0,1135.0,2565.0,1135.0,2570.0,1135.0,2570.0,1135.0,2580.0,1145.0,2565.0,1135.0,49.6,49.6,2,46,25,34,22,2,2,10,7,16,8,10,6,1,1,5,4,0,0,0,0,0,0,0,0,0,0,0,0,0,0,0,0,0
47850,47,경상북도,850,칠곡군,4,89.7,85.0,57.9,55.0,108.2,107.0,122.60000000000001,106.4,119.5,105.7,190.2,105.1,187.1,104.4,89.7,85.0,4,340.0,255.0,310.0,255.0,525.0,265.0,495.0,260.0,520.0,265.0,1235.0,730.0,1185.0,725.0,340.0,255.0,5,5385.0,2425.0,5385.0,2425.0,5860.0,2425.0,5865.0,2425.0,5890.0,2445.0,6895.0,2470.0,6970.0,2520.0,5385.0,2425.0,0.0,0.0,5,69,28,61,27,0,0,8,5,53,12,40,11,3,1,10,4,2,22,12,21,12,1,1,0,0,24,12,20,10,1,1,3,2
47900,47,경상북도,900,예천군,2,93.1,93.1,68.6,68.6,67.3,67.3,54.3,54.3,36.9,36.9,124.5,105.0,104.3,104.1,93.1,93.1,2,250.0,250.0,245.0,245.0,330.0,330.0,275.0,275.0,380.0,380.0,745.0,410.0,940.0,600.0,250.0,250.0,1,0.0,0.0,0.0,0.0,0.0,0.0,0.0,0.0,0.0,0.0,265.0,265.0,265.0,265.0,0.0,0.0,0.0,0.0,2,47,26,32,18,1,1,14,11,15,8,8,4,1,1,6,4,1,15,15,8,8,2,2,5,5,13,13,11,11,2,2,0,0
47920,47,경상북도,920,봉화군,2,0.0,0.0,0.0,0.0,0.0,0.0,0.0,0.0,165.6,165.6,165.6,165.6,331.2,165.6,0.0,0.0,2,0.0,0.0,0.0,0.0,0.0,0.0,0.0,0.0,250.0,250.0,250.0,250.0,650.0,365.0,0.0,0.0,3,0.0,0.0,0.0,0.0,0.0,0.0,0.0,0.0,0.0,0.0,610.0,610.0,700.0,610.0,0.0,0.0,0.0,0.0,2,60,32,37,23,2,1,21,17,20,12,15,9,1,1,4,3,1,15,15,8,8,2,2,5,5,13,13,11,11,2,2,0,0
47930,47,경상북도,930,울진군,2,0.0,0.0,0.0,0.0,134.2,134.2,110.0,110.0,133.2,133.2,132.7,132.7,132.1,132.1,0.0,0.0,2,0.0,0.0,0.0,0.0,0.0,0.0,0.0,0.0,0.0,0.0,0.0,0.0,0.0,0.0,0.0,0.0,2,0.0,0.0,0.0,0.0,0.0,0.0,0.0,0.0,0.0,0.0,0.0,0.0,0.0,0.0,0.0,0.0,205.9769,205.9769,1,17,17,13,13,4,4,0,0,11,11,6,6,1,1,4,4,1,15,15,8,8,2,2,5,5,13,13,11,11,2,2,0,0
47940,47,경상북도,940,울릉군,0,0.0,0.0,0.0,0.0,0.0,0.0,0.0,0.0,0.0,0.0,0.0,0.0,0.0,0.0,0.0,0.0,0,0.0,0.0,0.0,0.0,0.0,0.0,0.0,0.0,0.0,0.0,0.0,0.0,0.0,0.0,0.0,0.0,0,0.0,0.0,0.0,0.0,0.0,0.0,0.0,0.0,0.0,0.0,0.0,0.0,0.0,0.0,0.0,0.0,0.0,0.0,0,0,0,0,0,0,0,0,0,0,0,0,0,0,0,0,0,0,0,0,0,0,0,0,0,0,0,0,0,0,0,0,0,0
48121,48,경상남도,121,창원시의창구,6,19.4,19.4,18.5,18.5,17.6,17.6,16.8,16.8,137.1,121.0,136.3,121.0,135.0,121.0,19.4,19.4,4,220.0,220.0,180.0,180.0,170.0,170.0,285.0,170.0,545.0,250.0,490.0,250.0,480.0,250.0,220.0,220.0,5,2755.0,1450.0,3950.0,1450.0,4315.0,1815.0,4390.0,1890.0,5250.0,1890.0,5280.0,1910.0,5360.0,1975.0,2755.0,1450.0,0.0,0.0,8,151,31,124,27,0,0,27,10,121,26,81,20,1,1,39,8,2,15,9,14,8,0,0,1,1,31,17,26,14,0,0,5,3
48123,48,경상남도,123,창원시성산구,4,122.0,98.4,97.7,97.7,96.9,96.9,111.10000000000001,96.2,109.6,95.5,108.1,94.8,106.0,94.0,122.0,98.4,6,245.0,245.0,0.0,0.0,0.0,0.0,40.0,40.0,85.0,85.0,50.0,50.0,40.0,40.0,245.0,245.0,7,3940.0,945.0,4215.0,1015.0,5585.0,1630.0,5605.0,1650.0,5610.0,1650.0,5645.0,1680.0,5695.0,1720.0,3940.0,945.0,0.0,0.0,7,137,25,113,23,0,0,24,10,101,26,68,20,3,2,30,8,3,19,9,18,8,0,0,1,1,58,27,35,14,0,0,23,18
48125,48,경상남도,125,창원시마산합포구,2,113.89999999999999,103.6,111.7,102.3,109.69999999999999,101.1,107.6,99.8,105.69999999999999,98.6,103.7,97.4,101.4,96.4,113.89999999999999,103.6,3,0.0,0.0,0.0,0.0,0.0,0.0,0.0,0.0,0.0,0.0,0.0,0.0,0.0,0.0,0.0,0.0,3,0.0,0.0,0.0,0.0,0.0,0.0,1240.0,850.0,1670.0,1280.0,1670.0,1280.0,1910.0,1280.0,0.0,0.0,0.0,0.0,2,35,24,34,23,0,0,1,1,33,26,22,20,2,2,9,6,2,15,9,14,8,0,0,1,1,31,17,26,14,0,0,5,3
48127,48,경상남도,127,창원시마산회원구,2,0.0,0.0,0.0,0.0,0.0,0.0,0.0,0.0,0.0,0.0,0.0,0.0,0.0,0.0,0.0,0.0,3,0.0,0.0,0.0,0.0,65.0,65.0,215.0,215.0,250.0,250.0,205.0,205.0,250.0,250.0,0.0,0.0,3,665.0,345.0,1570.0,785.0,1580.0,790.0,2145.0,830.0,2150.0,830.0,2150.0,830.0,2150.0,830.0,665.0,345.0,0.0,0.0,4,79,31,59,26,0,0,20,10,54,26,32,20,0,0,22,7,2,15,9,14,8,0,0,1,1,31,17,26,14,0,0,5,3
48129,48,경상남도,129,창원시진해구,3,27.2,27.2,18.1,18.1,8.6,8.6,46.8,46.8,46.3,46.3,45.7,45.7,45.0,45.0,27.2,27.2,4,0.0,0.0,0.0,0.0,0.0,0.0,205.0,165.0,270.0,180.0,120.0,120.0,90.0,90.0,0.0,0.0,5,2275.0,985.0,2365.0,1010.0,2365.0,1010.0,2365.0,1010.0,2370.0,1010.0,2485.0,1010.0,2565.0,1010.0,2275.0,985.0,0.0,0.0,5,90,29,66,25,5,4,19,10,59,26,49,20,3,3,7,6,3,19,9,16,8,0,0,3,2,41,17,36,14,0,0,5,3
48170,48,경상남도,170,진주시,5,73.9,73.9,72.0,72.0,110.2,70.2,150.2,68.4,141.2,66.6,132.2,64.8,123.0,63.0,73.9,73.9,5,100.0,100.0,75.0,75.0,0.0,0.0,360.0,245.0,305.0,255.0,385.0,255.0,390.0,255.0,100.0,100.0,5,0.0,0.0,0.0,0.0,0.0,0.0,1785.0,800.0,2555.0,900.0,2555.0,900.0,3210.0,960.0,0.0,0.0,0.0,0.0,7,132,31,110,28,0,0,22,7,93,25,50,14,5,3,38,11,1,12,12,10,10,2,2,0,0,18,18,8,8,2,2,8,8
48220,48,경상남도,220,통영시,3,243.3,133.5,241.4,132.8,239.5,132.1,237.6,131.4,235.79999999999998,130.7,233.9,130.0,232.2,129.0,243.3,133.5,2,0.0,0.0,0.0,0.0,0.0,0.0,0.0,0.0,0.0,0.0,0.0,0.0,0.0,0.0,0.0,0.0,3,0.0,0.0,0.0,0.0,0.0,0.0,0.0,0.0,0.0,0.0,0.0,0.0,1315.0,1000.0,0.0,0.0,1.866,1.866,3,44,31,36,25,0,0,8,6,41,25,26,14,0,0,15,11,0,0,0,0,0,0,0,0,0,0,0,0,0,0,0,0,0
48240,48,경상남도,240,사천시,2,0.0,0.0,0.0,0.0,100.3,100.3,99.1,99.1,97.8,97.8,96.6,96.6,95.0,95.0,0.0,0.0,4,0.0,0.0,0.0,0.0,105.0,105.0,105.0,105.0,100.0,100.0,100.0,100.0,120.0,120.0,0.0,0.0,4,0.0,0.0,0.0,0.0,0.0,0.0,0.0,0.0,0.0,0.0,0.0,0.0,1035.0,575.0,0.0,0.0,0.0,0.0,4,69,28,55,24,0,0,14,9,51,25,33,14,3,3,15,11,1,16,16,12,12,3,3,1,1,10,10,10,10,0,0,0,0
48250,48,경상남도,250,김해시,10,105.5,55.0,38.1,23.4,76.3,45.0,74.0,30.0,101.8,65.0,111.69999999999999,57.4,87.0,45.0,105.5,55.0,9,55.0,55.0,0.0,0.0,45.0,45.0,90.0,30.0,160.0,65.0,135.0,95.0,75.0,45.0,55.0,55.0,9,5320.0,1010.0,5860.0,1110.0,6065.0,1210.0,6175.0,1210.0,6215.0,1225.0,6225.0,1225.0,6280.0,1225.0,5320.0,1010.0,0.0,0.0,7,168,31,134,27,2,2,32,10,85,26,51,20,0,0,34,8,3,28,15,23,13,0,0,5,2,41,17,31,12,2,2,8,6
48270,48,경상남도,270,밀양시,3,40.4,40.4,37.9,37.9,70.4,35.4,63.0,33.0,60.6,30.6,63.2,35.0,56.0,30.0,40.4,40.4,3,0.0,0.0,0.0,0.0,0.0,0.0,30.0,30.0,30.0,30.0,0.0,0.0,0.0,0.0,0.0,0.0,3,560.0,310.0,560.0,310.0,990.0,500.0,990.0,500.0,1005.0,505.0,1015.0,510.0,1030.0,525.0,560.0,310.0,0.0,0.0,5,96,26,70,23,0,0,26,10,80,26,56,20,0,0,24,8,0,0,0,0,0,0,0,0,0,0,0,0,0,0,0,0,0
48310,48,경상남도,310,거제시,3,30.6,30.6,26.6,26.6,21.1,21.1,15.6,15.6,13.3,13.3,11.0,11.0,54.0,45.0,30.6,30.6,3,0.0,0.0,0.0,0.0,0.0,0.0,0.0,0.0,0.0,0.0,0.0,0.0,45.0,45.0,0.0,0.0,3,0.0,0.0,0.0,0.0,0.0,0.0,0.0,0.0,0.0,0.0,0.0,0.0,945.0,315.0,0.0,0.0,0.0,0.0,3,51,31,43,27,2,2,6,4,45,25,28,14,2,2,15,11,0,0,0,0,0,0,0,0,0,0,0,0,0,0,0,0,0
48330,48,경상남도,330,양산시,8,0.0,0.0,0.0,0.0,0.0,0.0,0.0,0.0,158.3,144.3,209.20000000000002,142.4,152.5,140.6,0.0,0.0,8,0.0,0.0,0.0,0.0,0.0,0.0,0.0,0.0,725.0,310.0,910.0,335.0,770.0,400.0,0.0,0.0,8,4310.0,860.0,4435.0,860.0,4470.0,895.0,4840.0,1035.0,4860.0,1035.0,4965.0,1035.0,6375.0,1035.0,4310.0,860.0,19.8,19.8,6,128,26,112,26,5,4,11,6,63,17,40,9,5,2,18,6,1,15,15,13,13,0,0,2,2,17,17,9,9,2,2,6,6
48720,48,경상남도,720,의령군,1,0.0,0.0,0.0,0.0,0.0,0.0,0.0,0.0,0.0,0.0,0.0,0.0,0.0,0.0,0.0,0.0,1,255.0,255.0,315.0,315.0,0.0,0.0,240.0,240.0,255.0,255.0,245.0,245.0,250.0,250.0,255.0,255.0,1,0.0,0.0,0.0,0.0,0.0,0.0,0.0,0.0,0.0,0.0,0.0,0.0,0.0,0.0,0.0,0.0,0.0,0.0,1,8,8,7,7,0,0,1,1,22,22,12,12,0,0,10,10,1,12,12,10,10,2,2,0,0,18,18,8,8,2,2,8,8
48730,48,경상남도,730,함안군,5,28.4,28.4,26.9,26.9,88.9,65.0,195.6,93.7,190.5,91.6,185.5,89.5,182.0,88.0,28.4,28.4,3,0.0,0.0,0.0,0.0,195.0,195.0,180.0,180.0,160.0,160.0,135.0,135.0,150.0,150.0,0.0,0.0,3,0.0,0.0,0.0,0.0,0.0,0.0,1250.0,750.0,1270.0,770.0,1300.0,785.0,1325.0,785.0,0.0,0.0,0.0,0.0,3,46,20,37,16,4,4,5,5,47,26,32,20,2,2,13,7,1,6,6,6,6,0,0,0,0,17,17,14,14,0,0,3,3
48740,48,경상남도,740,창녕군,3,26.8,26.8,24.0,24.0,21.2,21.2,18.5,18.5,136.8,121.0,134.2,121.0,132.0,121.0,26.8,26.8,3,835.0,605.0,740.0,570.0,1130.0,880.0,845.0,605.0,1055.0,615.0,785.0,415.0,1025.0,585.0,835.0,605.0,3,1800.0,1180.0,2730.0,1180.0,3500.0,1760.0,3645.0,1825.0,3695.0,1840.0,4255.0,1865.0,4320.0,1885.0,1800.0,1180.0,0.0,0.0,3,61,27,56,27,0,0,5,5,40,26,31,20,0,0,9,6,0,0,0,0,0,0,0,0,0,0,0,0,0,0,0,0,0
48820,48,경상남도,820,고성군,1,61.5,61.5,59.4,59.4,57.3,57.3,55.2,55.2,53.2,53.2,51.1,51.1,50.2,50.2,61.5,61.5,1,0.0,0.0,0.0,0.0,0.0,0.0,0.0,0.0,0.0,0.0,0.0,0.0,0.0,0.0,0.0,0.0,1,0.0,0.0,0.0,0.0,0.0,0.0,0.0,0.0,0.0,0.0,0.0,0.0,65.0,65.0,0.0,0.0,0.0,0.0,2,21,21,18,18,0,0,3,3,33,25,18,14,0,0,15,11,1,16,16,12,12,3,3,1,1,10,10,10,10,0,0,0,0
48840,48,경상남도,840,남해군,1,0.0,0.0,0.0,0.0,0.0,0.0,0.0,0.0,88.2,88.2,86.7,86.7,86.0,86.0,0.0,0.0,2,0.0,0.0,0.0,0.0,0.0,0.0,0.0,0.0,150.0,150.0,210.0,210.0,180.0,180.0,0.0,0.0,2,0.0,0.0,0.0,0.0,0.0,0.0,0.0,0.0,0.0,0.0,0.0,0.0,265.0,265.0,0.0,0.0,2565.5,2565.5,2,33,20,19,10,5,3,9,9,24,18,10,8,8,6,6,4,0,0,0,0,0,0,0,0,0,0,0,0,0,0,0,0,0
48850,48,경상남도,850,하동군,3,84.3,84.3,82.7,82.7,81.1,81.1,79.5,79.5,211.6,133.7,210.0,133.7,207.7,133.7,84.3,84.3,1,0.0,0.0,0.0,0.0,0.0,0.0,0.0,0.0,150.0,150.0,210.0,210.0,180.0,180.0,0.0,0.0,1,0.0,0.0,0.0,0.0,0.0,0.0,0.0,0.0,0.0,0.0,0.0,0.0,260.0,260.0,0.0,0.0,21.105,21.105,2,40,27,28,18,3,3,9,9,26,18,16,8,6,6,4,4,0,0,0,0,0,0,0,0,0,0,0,0,0,0,0,0,0
48860,48,경상남도,860,산청군,0,0.0,0.0,0.0,0.0,0.0,0.0,0.0,0.0,0.0,0.0,0.0,0.0,0.0,0.0,0.0,0.0,1,0.0,0.0,0.0,0.0,0.0,0.0,0.0,0.0,0.0,0.0,0.0,0.0,0.0,0.0,0.0,0.0,2,0.0,0.0,0.0,0.0,0.0,0.0,1030.0,915.0,1610.0,1495.0,1610.0,1495.0,1710.0,1495.0,0.0,0.0,0.0,0.0,2,36,28,21,14,2,2,13,12,30,22,14,12,2,2,14,10,1,12,12,10,10,2,2,0,0,18,18,8,8,2,2,8,8
48870,48,경상남도,870,함양군,1,54.0,54.0,52.7,52.7,51.5,51.5,50.2,50.2,49.0,49.0,47.8,47.8,47.0,47.0,54.0,54.0,1,225.0,225.0,240.0,240.0,0.0,0.0,265.0,265.0,230.0,230.0,235.0,235.0,240.0,240.0,225.0,225.0,1,0.0,0.0,0.0,0.0,105.0,105.0,110.0,110.0,115.0,115.0,115.0,115.0,340.0,340.0,0.0,0.0,0.0,0.0,1,8,8,7,7,0,0,1,1,22,22,12,12,0,0,10,10,1,12,12,10,10,2,2,0,0,18,18,8,8,2,2,8,8
48880,48,경상남도,880,거창군,1,84.2,84.2,82.4,82.4,80.6,80.6,78.8,78.8,77.0,77.0,75.3,75.3,72.0,72.0,84.2,84.2,1,0.0,0.0,0.0,0.0,0.0,0.0,0.0,0.0,0.0,0.0,0.0,0.0,0.0,0.0,0.0,0.0,1,0.0,0.0,0.0,0.0,110.0,110.0,110.0,110.0,110.0,110.0,115.0,115.0,265.0,265.0,0.0,0.0,0.0,0.0,2,28,20,26,19,0,0,2,1,30,22,16,12,0,0,14,10,0,0,0,0,0,0,0,0,0,0,0,0,0,0,0,0,0
48890,48,경상남도,890,합천군,3,189.5,108.5,186.10000000000002,107.9,182.6,107.3,179.2,106.7,175.9,106.1,172.6,105.5,167.9,104.9,189.5,108.5,2,525.0,270.0,605.0,315.0,300.0,300.0,560.0,320.0,570.0,315.0,570.0,325.0,670.0,410.0,525.0,270.0,2,270.0,270.0,270.0,270.0,485.0,370.0,485.0,370.0,485.0,370.0,485.0,370.0,740.0,370.0,270.0,270.0,0.0,0.0,4,66,28,46,15,2,2,18,12,47,22,24,12,2,2,21,10,0,0,0,0,0,0,0,0,0,0,0,0,0,0,0,0,0
50110,50,제주특별자치도,110,제주시,0,0.0,0.0,0.0,0.0,0.0,0.0,0.0,0.0,0.0,0.0,0.0,0.0,0.0,0.0,0.0,0.0,0,0.0,0.0,0.0,0.0,0.0,0.0,0.0,0.0,0.0,0.0,0.0,0.0,0.0,0.0,0.0,0.0,0,0.0,0.0,0.0,0.0,0.0,0.0,0.0,0.0,0.0,0.0,0.0,0.0,0.0,0.0,0.0,0.0,0.0,0.0,6,125,31,92,20,5,2,28,11,46,12,28,7,13,8,5,3,0,0,0,0,0,0,0,0,0,0,0,0,0,0,0,0,0
50130,50,제주특별자치도,130,서귀포시,0,0.0,0.0,0.0,0.0,0.0,0.0,0.0,0.0,0.0,0.0,0.0,0.0,0.0,0.0,0.0,0.0,0,0.0,0.0,0.0,0.0,0.0,0.0,0.0,0.0,0.0,0.0,0.0,0.0,0.0,0.0,0.0,0.0,0,0.0,0.0,0.0,0.0,0.0,0.0,0.0,0.0,0.0,0.0,0.0,0.0,0.0,0.0,0.0,0.0,0.0,0.0,7,159,31,123,20,4,1,32,11,56,12,37,7,16,8,3,2,0,0,0,0,0,0,0,0,0,0,0,0,0,0,0,0,0
51110,51,강원특별자치도,110,춘천시,6,165.6,165.6,425.9,165.6,423.0,165.6,587.5999999999999,165.6,586.5999999999999,165.6,585.5999999999999,165.6,584.5,165.6,165.6,165.6,6,40.0,40.0,525.0,250.0,630.0,285.0,1225.0,570.0,1130.0,475.0,1120.0,530.0,1135.0,445.0,40.0,40.0,11,0.0,0.0,0.0,0.0,0.0,0.0,0.0,0.0,0.0,0.0,0.0,0.0,1465.0,700.0,0.0,0.0,0.0,0.0,5,113,30,78,26,2,2,33,17,52,12,24,8,10,4,18,8,0,0,0,0,0,0,0,0,0,0,0,0,0,0,0,0,0
51130,51,강원특별자치도,130,원주시,7,269.8,72.4,247.60000000000002,70.8,256.3,69.1,390.6,165.6,440.2,165.6,419.1,165.6,397.0,165.6,269.8,72.4,7,460.0,190.0,1070.0,390.0,1075.0,325.0,1010.0,305.0,1065.0,305.0,1965.0,680.0,1860.0,770.0,460.0,190.0,8,0.0,0.0,740.0,740.0,740.0,740.0,740.0,740.0,3060.0,740.0,5260.0,1320.0,5750.0,1320.0,0.0,0.0,39.0,39.0,6,134,28,79,24,3,3,52,17,64,20,45,18,12,4,7,2,0,0,0,0,0,0,0,0,0,0,0,0,0,0,0,0,0
51150,51,강원특별자치도,150,강릉시,6,389.5,165.6,363.6,165.6,359.70000000000005,165.6,355.7,165.6,352.4,165.6,349.9,165.6,347.4,165.6,389.5,165.6,6,1295.0,495.0,1230.0,480.0,1005.0,400.0,1160.0,400.0,1430.0,580.0,1430.0,570.0,1300.0,515.0,1295.0,495.0,7,0.0,0.0,0.0,0.0,0.0,0.0,0.0,0.0,1935.0,825.0,4245.0,1330.0,4250.0,1330.0,0.0,0.0,9.68,9.68,5,117,28,61,16,14,8,42,17,39,11,26,7,5,3,8,4,2,14,8,9,6,2,2,3,3,10,10,8,8,0,0,2,2
51170,51,강원특별자치도,170,동해시,0,0.0,0.0,0.0,0.0,0.0,0.0,0.0,0.0,0.0,0.0,0.0,0.0,0.0,0.0,0.0,0.0,0,0.0,0.0,0.0,0.0,0.0,0.0,0.0,0.0,0.0,0.0,0.0,0.0,0.0,0.0,0.0,0.0,3,0.0,0.0,25.0,25.0,25.0,25.0,25.0,25.0,635.0,610.0,640.0,615.0,1040.0,615.0,0.0,0.0,0.0,0.0,1,24,24,15,15,8,8,1,1,11,11,7,7,0,0,4,4,2,21,13,16,10,2,2,3,3,11,11,11,11,0,0,0,0
51190,51,강원특별자치도,190,태백시,1,89.2,89.2,88.6,88.6,83.3,83.3,82.7,82.7,82.1,82.1,81.5,81.5,80.9,80.9,89.2,89.2,1,0.0,0.0,0.0,0.0,0.0,0.0,0.0,0.0,0.0,0.0,0.0,0.0,0.0,0.0,0.0,0.0,1,0.0,0.0,0.0,0.0,0.0,0.0,0.0,0.0,0.0,0.0,610.0,610.0,610.0,610.0,0.0,0.0,0.0,0.0,1,27,27,14,14,6,6,7,7,11,11,9,9,2,2,0,0,0,0,0,0,0,0,0,0,0,0,0,0,0,0,0,0,0
51210,51,강원특별자치도,210,속초시,1,0.0,0.0,5.2,5.2,3.6,3.6,2.1,2.1,0.5,0.5,0.0,0.0,0.0,0.0,0.0,0.0,1,0.0,0.0,0.0,0.0,0.0,0.0,0.0,0.0,0.0,0.0,0.0,0.0,0.0,0.0,0.0,0.0,1,0.0,0.0,0.0,0.0,0.0,0.0,0.0,0.0,0.0,0.0,0.0,0.0,1500.0,1500.0,0.0,0.0,0.0,0.0,2,27,27,18,18,1,1,8,8,18,10,12,8,4,4,2,2,1,6,6,3,3,0,0,3,3,10,10,8,8,0,0,2,2
51230,51,강원특별자치도,230,삼척시,3,180.60000000000002,93.7,179.5,92.8,178.5,92.0,166.3,86.3,176.5,90.4,341.0,165.6,340.0,165.6,180.60000000000002,93.7,3,355.0,355.0,215.0,215.0,400.0,400.0,80.0,80.0,175.0,175.0,450.0,325.0,470.0,335.0,355.0,355.0,5,0.0,0.0,40.0,40.0,40.0,40.0,40.0,40.0,40.0,40.0,2190.0,1250.0,2590.0,1650.0,0.0,0.0,399.6,147.6,3,64,27,36,14,10,6,18,10,33,11,21,9,7,3,5,5,1,13,13,10,10,0,0,3,3,11,11,11,11,0,0,0,0
51720,51,강원특별자치도,720,홍천군,4,165.5,96.5,161.29999999999998,95.6,157.0,94.6,152.9,93.7,148.7,92.7,144.5,91.8,305.9,165.6,165.5,96.5,4,80.0,80.0,235.0,235.0,245.0,245.0,310.0,310.0,325.0,325.0,330.0,330.0,755.0,430.0,80.0,80.0,3,0.0,0.0,0.0,0.0,0.0,0.0,0.0,0.0,0.0,0.0,0.0,0.0,0.0,0.0,0.0,0.0,0.0,0.0,4,75,26,39,20,2,2,34,17,38,12,24,8,2,2,12,8,0,0,0,0,0,0,0,0,0,0,0,0,0,0,0,0,0
51730,51,강원특별자치도,730,횡성군,2,177.89999999999998,130.7,175.2,130.1,172.6,129.5,170.0,128.9,167.4,128.3,164.6,127.6,162.0,127.0,177.89999999999998,130.7,2,195.0,195.0,405.0,405.0,295.0,295.0,305.0,305.0,510.0,510.0,505.0,505.0,455.0,455.0,195.0,195.0,2,0.0,0.0,0.0,0.0,0.0,0.0,0.0,0.0,260.0,260.0,2050.0,1690.0,2215.0,1845.0,0.0,0.0,99.0,99.0,2,26,26,7,7,1,1,18,18,32,20,22,18,6,4,4,4,0,0,0,0,0,0,0,0,0,0,0,0,0,0,0,0,0
51750,51,강원특별자치도,750,영월군,0,0.0,0.0,0.0,0.0,0.0,0.0,0.0,0.0,0.0,0.0,0.0,0.0,0.0,0.0,0.0,0.0,0,0.0,0.0,0.0,0.0,0.0,0.0,0.0,0.0,0.0,0.0,0.0,0.0,0.0,0.0,0.0,0.0,5,0.0,0.0,0.0,0.0,0.0,0.0,0.0,0.0,175.0,175.0,1160.0,380.0,1340.0,405.0,0.0,0.0,180.906,60.0,3,56,28,21,14,9,6,26,15,41,20,29,18,9,5,3,3,0,0,0,0,0,0,0,0,0,0,0,0,0,0,0,0,0
51760,51,강원특별자치도,760,평창군,7,506.8,116.0,564.6,165.6,556.4,160.0,553.7,160.0,556.6,165.6,719.5,165.6,716.9,165.6,506.8,116.0,7,650.0,325.0,760.0,305.0,575.0,270.0,615.0,265.0,900.0,345.0,1480.0,470.0,1520.0,580.0,650.0,325.0,4,0.0,0.0,0.0,0.0,0.0,0.0,0.0,0.0,0.0,0.0,260.0,260.0,325.0,325.0,0.0,0.0,237.6,237.6,5,125,28,67,16,17,5,41,16,43,11,35,9,6,3,2,1,0,0,0,0,0,0,0,0,0,0,0,0,0,0,0,0,0
51770,51,강원특별자치도,770,정선군,4,200.6,140.7,530.8,165.6,529.7,165.6,528.7,165.6,527.7,165.6,526.6,165.6,525.5999999999999,165.6,200.6,140.7,4,265.0,265.0,815.0,285.0,670.0,235.0,770.0,260.0,1075.0,405.0,1065.0,395.0,920.0,325.0,265.0,265.0,4,0.0,0.0,0.0,0.0,0.0,0.0,0.0,0.0,0.0,0.0,1110.0,405.0,2255.0,920.0,0.0,0.0,637.7905999999999,296.2,4,69,28,27,11,16,6,26,15,47,20,27,18,14,5,4,3,0,0,0,0,0,0,0,0,0,0,0,0,0,0,0,0,0
51780,51,강원특별자치도,780,철원군,2,191.6,165.6,189.4,165.6,187.29999999999998,165.6,185.2,165.6,183.0,165.6,180.9,165.6,178.7,165.6,191.6,165.6,2,850.0,480.0,935.0,560.0,820.0,455.0,955.0,570.0,1670.0,845.0,1680.0,850.0,1655.0,835.0,850.0,480.0,2,175.0,175.0,175.0,175.0,175.0,175.0,175.0,175.0,175.0,175.0,175.0,175.0,300.0,300.0,175.0,175.0,0.0,0.0,2,25,25,19,19,0,0,6,6,19,10,15,8,0,0,4,2,0,0,0,0,0,0,0,0,0,0,0,0,0,0,0,0,0
51790,51,강원특별자치도,790,화천군,2,49.8,49.8,48.7,48.7,47.6,47.6,46.5,46.5,45.5,45.5,210.0,165.6,208.89999999999998,165.6,49.8,49.8,2,225.0,225.0,250.0,250.0,255.0,255.0,255.0,255.0,270.0,270.0,1150.0,875.0,1145.0,855.0,225.0,225.0,3,0.0,0.0,0.0,0.0,0.0,0.0,0.0,0.0,225.0,225.0,905.0,610.0,1390.0,890.0,0.0,0.0,0.0,0.0,2,23,23,10,10,0,0,13,13,16,10,12,8,2,2,2,2,0,0,0,0,0,0,0,0,0,0,0,0,0,0,0,0,0
51800,51,강원특별자치도,800,양구군,1,64.6,64.6,64.0,64.0,63.4,63.4,62.8,62.8,62.1,62.1,61.5,61.5,60.9,60.9,64.6,64.6,1,0.0,0.0,0.0,0.0,0.0,0.0,0.0,0.0,0.0,0.0,0.0,0.0,0.0,0.0,0.0,0.0,1,0.0,0.0,0.0,0.0,0.0,0.0,0.0,0.0,0.0,0.0,0.0,0.0,0.0,0.0,0.0,0.0,90.0,90.0,2,22,22,9,9,0,0,13,13,16,10,12,8,2,2,2,2,0,0,0,0,0,0,0,0,0,0,0,0,0,0,0,0,0
51810,51,강원특별자치도,810,인제군,1,108.0,108.0,107.2,107.2,106.4,106.4,105.6,105.6,104.8,104.8,104.0,104.0,103.2,103.2,108.0,108.0,1,0.0,0.0,0.0,0.0,0.0,0.0,0.0,0.0,0.0,0.0,0.0,0.0,0.0,0.0,0.0,0.0,1,0.0,0.0,0.0,0.0,0.0,0.0,0.0,0.0,0.0,0.0,0.0,0.0,0.0,0.0,0.0,0.0,0.0,0.0,2,28,28,13,13,0,0,15,15,18,10,16,8,0,0,2,2,1,6,6,3,3,0,0,3,3,10,10,8,8,0,0,2,2
51820,51,강원특별자치도,820,고성군,1,118.2,118.2,117.7,117.7,117.2,117.2,116.7,116.7,116.1,116.1,115.6,115.6,115.1,115.1,118.2,118.2,1,0.0,0.0,0.0,0.0,0.0,0.0,0.0,0.0,0.0,0.0,0.0,0.0,0.0,0.0,0.0,0.0,3,0.0,0.0,0.0,0.0,0.0,0.0,0.0,0.0,0.0,0.0,0.0,0.0,0.0,0.0,0.0,0.0,42.0,42.0,2,27,27,18,18,1,1,8,8,18,10,12,8,4,4,2,2,0,0,0,0,0,0,0,0,0,0,0,0,0,0,0,0,0
51830,51,강원특별자치도,830,양양군,1,93.8,93.8,91.6,91.6,90.9,90.9,90.1,90.1,89.4,89.4,88.6,88.6,87.8,87.8,93.8,93.8,1,270.0,270.0,270.0,270.0,265.0,265.0,320.0,320.0,290.0,290.0,300.0,300.0,300.0,300.0,270.0,270.0,1,0.0,0.0,0.0,0.0,0.0,0.0,0.0,0.0,560.0,560.0,560.0,560.0,560.0,560.0,0.0,0.0,99.6,99.6,2,28,28,14,14,2,2,12,12,18,10,12,8,3,3,3,2,1,6,6,3,3,0,0,3,3,10,10,8,8,0,0,2,2
52111,52,전북특별자치도,111,전주시완산구,4,0.0,0.0,0.0,0.0,0.0,0.0,0.0,0.0,98.89999999999999,82.6,84.60000000000001,72.9,75.10000000000001,68.0,0.0,0.0,4,400.0,400.0,250.0,250.0,380.0,380.0,290.0,290.0,650.0,400.0,700.0,400.0,535.0,280.0,400.0,400.0,1,0.0,0.0,0.0,0.0,0.0,0.0,0.0,0.0,0.0,0.0,0.0,0.0,735.0,735.0,0.0,0.0,0.0,0.0,4,98,31,86,31,1,1,11,6,39,15,27,12,8,4,4,2,1,8,8,4,4,1,1,2,2,15,15,12,12,2,2,1,1
52113,52,전북특별자치도,113,전주시덕진구,4,161.5,118.6,159.10000000000002,117.9,156.6,117.2,154.3,116.6,164.9,115.9,175.7,115.3,168.0,114.6,161.5,118.6,4,264.0,264.0,225.0,225.0,345.0,345.0,270.0,270.0,1025.0,535.0,1045.0,470.0,730.0,280.0,264.0,264.0,5,0.0,0.0,0.0,0.0,0.0,0.0,0.0,0.0,0.0,0.0,0.0,0.0,1920.0,825.0,0.0,0.0,0.0,0.0,6,147,32,123,31,4,3,20,8,56,15,41,12,6,4,9,4,1,8,8,4,4,1,1,2,2,15,15,12,12,2,2,1,1
52130,52,전북특별자치도,130,군산시,15,591.1,102.2,821.3,165.6,784.3,165.6,760.1,165.6,815.0,165.6,886.3,165.6,837.7,165.6,591.1,102.2,15,1790.0,725.0,1715.0,660.0,2830.0,775.0,2785.0,740.0,3215.0,730.0,3140.0,705.0,3105.0,690.0,1790.0,725.0,13,0.0,0.0,0.0,0.0,0.0,0.0,0.0,0.0,0.0,0.0,0.0,0.0,7785.0,2115.0,0.0,0.0,609.98,300.0,10,219,34,146,29,20,8,53,21,110,15,80,12,22,7,8,5,3,24,12,9,7,13,8,2,2,40,15,18,11,13,7,9,8
52140,52,전북특별자치도,140,익산시,2,177.6,136.6,173.5,136.0,171.3,135.5,167.60000000000002,134.9,165.3,134.3,163.20000000000002,133.8,160.89999999999998,133.2,177.6,136.6,2,0.0,0.0,0.0,0.0,0.0,0.0,0.0,0.0,695.0,695.0,685.0,685.0,685.0,685.0,0.0,0.0,5,0.0,0.0,0.0,0.0,0.0,0.0,0.0,0.0,0.0,0.0,0.0,0.0,1055.0,1055.0,0.0,0.0,0.0,0.0,4,114,32,85,31,5,5,24,10,36,12,30,10,2,2,4,4,1,12,12,7,7,3,3,2,2,13,13,11,11,2,2,0,0
52180,52,전북특별자치도,180,정읍시,3,153.2,133.2,0.0,0.0,0.0,0.0,0.0,0.0,316.6,165.6,316.0,165.6,315.5,165.6,153.2,133.2,3,1005.0,605.0,540.0,540.0,600.0,600.0,595.0,595.0,995.0,400.0,1010.0,400.0,1350.0,560.0,1005.0,605.0,4,0.0,0.0,0.0,0.0,0.0,0.0,0.0,0.0,0.0,0.0,0.0,0.0,3800.0,1685.0,0.0,0.0,1410.0,1410.0,2,41,26,36,25,0,0,5,4,26,15,19,12,3,2,4,3,3,20,12,4,4,13,12,2,2,24,15,12,12,8,6,4,3
52190,52,전북특별자치도,190,남원시,1,124.3,124.3,123.6,123.6,122.9,122.9,122.2,122.2,121.5,121.5,120.8,120.8,120.2,120.2,124.3,124.3,1,0.0,0.0,0.0,0.0,0.0,0.0,0.0,0.0,0.0,0.0,0.0,0.0,0.0,0.0,0.0,0.0,2,0.0,0.0,0.0,0.0,0.0,0.0,0.0,0.0,0.0,0.0,0.0,0.0,0.0,0.0,0.0,0.0,0.0,0.0,1,26,26,15,15,0,0,11,11,11,11,11,11,0,0,0,0,3,32,14,11,11,21,10,0,0,38,20,20,20,0,0,18,18
52210,52,전북특별자치도,210,김제시,3,55.2,55.2,165.6,165.6,165.6,165.6,165.6,165.6,220.8,165.6,220.8,165.6,220.8,165.6,55.2,55.2,3,910.0,510.0,310.0,310.0,415.0,415.0,335.0,335.0,1310.0,575.0,1290.0,450.0,1265.0,615.0,910.0,510.0,3,0.0,0.0,0.0,0.0,0.0,0.0,0.0,0.0,0.0,0.0,0.0,0.0,2420.0,1480.0,0.0,0.0,1410.0,1410.0,4,97,28,83,27,2,1,12,7,42,15,29,12,6,3,7,3,2,20,12,4,4,13,12,2,2,24,15,12,12,8,6,4,3
52710,52,전북특별자치도,710,완주군,3,0.0,0.0,0.0,0.0,0.0,0.0,0.0,0.0,90.2,69.0,81.30000000000001,65.9,75.6,65.3,0.0,0.0,3,0.0,0.0,0.0,0.0,0.0,0.0,0.0,0.0,1195.0,450.0,1040.0,400.0,570.0,210.0,0.0,0.0,5,0.0,0.0,0.0,0.0,0.0,0.0,0.0,0.0,0.0,0.0,0.0,0.0,355.0,355.0,0.0,0.0,0.0,0.0,4,111,31,95,28,4,3,12,5,29,9,22,8,2,2,5,4,2,20,12,4,4,13,12,2,2,24,15,12,12,8,6,4,3
52720,52,전북특별자치도,720,진안군,1,0.0,0.0,0.0,0.0,0.0,0.0,0.0,0.0,111.5,111.5,110.7,110.7,110.0,110.0,0.0,0.0,1,0.0,0.0,0.0,0.0,0.0,0.0,0.0,0.0,680.0,680.0,560.0,560.0,575.0,575.0,0.0,0.0,1,0.0,0.0,0.0,0.0,0.0,0.0,0.0,0.0,0.0,0.0,0.0,0.0,245.0,245.0,0.0,0.0,0.0,0.0,3,66,26,46,20,0,0,20,10,33,15,18,12,8,6,7,4,2,18,10,0,0,18,10,0,0,18,18,0,0,0,0,18,18
52730,52,전북특별자치도,730,무주군,1,0.0,0.0,0.0,0.0,0.0,0.0,0.0,0.0,110.5,110.5,109.7,109.7,108.8,108.8,0.0,0.0,1,0.0,0.0,0.0,0.0,0.0,0.0,0.0,0.0,400.0,400.0,400.0,400.0,400.0,400.0,0.0,0.0,1,0.0,0.0,0.0,0.0,0.0,0.0,0.0,0.0,0.0,0.0,0.0,0.0,845.0,845.0,0.0,0.0,0.0,0.0,1,15,15,11,11,0,0,4,4,15,15,12,12,2,2,1,1,1,8,8,0,0,8,8,0,0,0,0,0,0,0,0,0,0
52740,52,전북특별자치도,740,장수군,2,0.0,0.0,0.0,0.0,0.0,0.0,0.0,0.0,221.3,110.9,219.8,110.4,218.4,110.4,0.0,0.0,2,0.0,0.0,0.0,0.0,0.0,0.0,0.0,0.0,1150.0,590.0,1005.0,530.0,1030.0,545.0,0.0,0.0,2,0.0,0.0,0.0,0.0,0.0,0.0,0.0,0.0,0.0,0.0,0.0,0.0,1040.0,795.0,0.0,0.0,0.0,0.0,2,41,26,31,20,0,0,10,6,27,15,14,12,8,6,5,4,2,22,14,11,11,11,8,0,0,20,20,20,20,0,0,0,0
52750,52,전북특별자치도,750,임실군,3,389.0,165.6,99.8,99.8,98.4,98.4,88.6,88.6,365.0,165.6,358.4,165.6,347.0,165.6,389.0,165.6,3,180.0,180.0,0.0,0.0,0.0,0.0,0.0,0.0,540.0,540.0,800.0,800.0,680.0,680.0,180.0,180.0,2,0.0,0.0,0.0,0.0,0.0,0.0,0.0,0.0,0.0,0.0,0.0,0.0,905.0,905.0,0.0,0.0,0.0,0.0,2,52,26,36,21,0,0,16,11,16,11,16,11,0,0,0,0,2,24,14,11,11,13,10,0,0,38,20,20,20,0,0,18,18
52770,52,전북특별자치도,770,순창군,1,123.8,123.8,123.1,123.1,122.2,122.2,121.2,121.2,120.3,120.3,119.5,119.5,118.6,118.6,123.8,123.8,1,610.0,610.0,690.0,690.0,715.0,715.0,550.0,550.0,565.0,565.0,460.0,460.0,450.0,450.0,610.0,610.0,2,0.0,0.0,0.0,0.0,0.0,0.0,0.0,0.0,0.0,0.0,0.0,0.0,510.0,510.0,0.0,0.0,510.0,510.0,2,14,14,8,8,0,0,6,6,26,18,15,11,1,1,10,6,2,24,14,11,11,13,10,0,0,38,20,20,20,0,0,18,18
52790,52,전북특별자치도,790,고창군,4,68.5,68.5,66.8,66.8,451.5,220.8,449.9,220.8,448.0,220.8,446.0,220.8,444.0,220.8,68.5,68.5,4,0.0,0.0,0.0,0.0,575.0,575.0,685.0,685.0,720.0,720.0,800.0,800.0,800.0,800.0,0.0,0.0,4,0.0,0.0,0.0,0.0,0.0,0.0,0.0,0.0,0.0,0.0,0.0,0.0,775.0,775.0,0.0,0.0,18.899,12.9,3,50,26,40,20,1,1,9,5,28,15,24,12,9,4,-5,1,3,20,12,4,4,13,12,2,2,24,15,12,12,8,6,4,3
52800,52,전북특별자치도,800,부안군,1,91.4,91.4,0.0,0.0,0.0,0.0,0.0,0.0,84.7,84.7,83.1,83.1,81.6,81.6,91.4,91.4,1,400.0,400.0,0.0,0.0,0.0,0.0,0.0,0.0,370.0,370.0,400.0,400.0,400.0,400.0,400.0,400.0,1,0.0,0.0,0.0,0.0,0.0,0.0,0.0,0.0,0.0,0.0,0.0,0.0,390.0,390.0,0.0,0.0,0.0,0.0,1,15,15,11,11,0,0,4,4,15,15,12,12,2,2,1,1,2,20,12,4,4,13,12,2,2,24,15,12,12,8,6,4,3
