column,block,description
sup229_n_sub,전력공급 여유용량(22.9kV),지역 안에서 이 블록에 잡힌 변전소 행 수
sup229_y2026_sum,전력공급 여유용량(22.9kV),2026년 여유용량(원본 단위) / 지역 내 변전소 합계
sup229_y2026_max,전력공급 여유용량(22.9kV),2026년 여유용량(원본 단위) / 지역 내 변전소 최대값
sup229_y2027_sum,전력공급 여유용량(22.9kV),2027년 여유용량(원본 단위) / 지역 내 변전소 합계
sup229_y2027_max,전력공급 여유용량(22.9kV),2027년 여유용량(원본 단위) / 지역 내 변전소 최대값
sup229_y2028_sum,전력공급 여유용량(22.9kV),2028년 여유용량(원본 단위) / 지역 내 변전소 합계
sup229_y2028_max,전력공급 여유용량(22.9kV),2028년 여유용량(원본 단위) / 지역 내 변전소 최대값
sup229_y2029_sum,전력공급 여유용량(22.9kV),2029년 여유용량(원본 단위) / 지역 내 변전소 합계
sup229_y2029_max,전력공급 여유용량(22.9kV),2029년 여유용량(원본 단위) / 지역 내 변전소 최대값
sup229_y2030_sum,전력공급 여유용량(22.9kV),2030년 여유용량(원본 단위) / 지역 내 변전소 합계
sup229_y2030_max,전력공급 여유용량(22.9kV),2030년 여유용량(원본 단위) / 지역 내 변전소 최대값
sup229_y2031_sum,전력공급 여유용량(22.9kV),2031년 여유용량(원본 단위) / 지역 내 변전소 합계
sup229_y2031_max,전력공급 여유용량(22.9kV),2031년 여유용량(원본 단위) / 지역 내 변전소 최대값
sup229_y2032_sum,전력공급 여유용량(22.9kV),2032년 여유용량(원본 단위) / 지역 내 변전소 합계
sup229_y2032_max,전력공급 여유용량(22.9kV),2032년 여유용량(원본 단위) / 지역 내 변전소 최대값
sup229_min_cpct_sum,전력공급 여유용량(22.9kV),원본 PSSMINOVPLSCPCT (의미 미확인) / 지역 내 변전소 합계
sup229_min_cpct_max,전력공급 여유용량(22.9kV),원본 PSSMINOVPLSCPCT (의미 미확인) / 지역 내 변전소 최대값
sup154_n_sub,전력공급 여유용량(154kV),지역 안에서 이 블록에 잡힌 변전소 행 수
sup154_y2026_sum,전력공급 여유용량(154kV),2026년 여유용량(원본 단위) / 지역 내 변전소 합계
sup154_y2026_max,전력공급 여유용량(154kV),2026년 여유용량(원본 단위) / 지역 내 변전소 최대값
sup154_y2027_sum,전력공급 여유용량(154kV),2027년 여유용량(원본 단위) / 지역 내 변전소 합계
sup154_y2027_max,전력공급 여유용량(154kV),2027년 여유용량(원본 단위) / 지역 내 변전소 최대값
sup154_y2028_sum,전력공급 여유용량(154kV),2028년 여유용량(원본 단위) / 지역 내 변전소 합계
sup154_y2028_max,전력공급 여유용량(154kV),2028년 여유용량(원본 단위) / 지역 내 변전소 최대값
sup154_y2029_sum,전력공급 여유용량(154kV),2029년 여유용량(원본 단위) / 지역 내 변전소 합계
sup154_y2029_max,전력공급 여유용량(154kV),2029년 여유용량(원본 단위) / 지역 내 변전소 최대값
sup154_y2030_sum,전력공급 여유용량(154kV),2030년 여유용량(원본 단위) / 지역 내 변전소 합계
sup154_y2030_max,전력공급 여유용량(154kV),2030년 여유용량(원본 단위) / 지역 내 변전소 최대값
sup154_y2031_sum,전력공급 여유용량(154kV),2031년 여유용량(원본 단위) / 지역 내 변전소 합계
sup154_y2031_max,전력공급 여유용량(154kV),2031년 여유용량(원본 단위) / 지역 내 변전소 최대값
sup154_y2032_sum,전력공급 여유용량(154kV),2032년 여유용량(원본 단위) / 지역 내 변전소 합계
sup154_y2032_max,전력공급 여유용량(154kV),2032년 여유용량(원본 단위) / 지역 내 변전소 최대값
sup154_min_cpct_sum,전력공급 여유용량(154kV),원본 PSSMINOVPLSCPCT (의미 미확인) / 지역 내 변전소 합계
sup154_min_cpct_max,전력공급 여유용량(154kV),원본 PSSMINOVPLSCPCT (의미 미확인) / 지역 내 변전소 최대값
renw_n_sub,재생e 연계 여유용량,지역 안에서 이 블록에 잡힌 변전소 행 수
renw_y2026_sum,재생e 연계 여유용량,2026년 여유용량(원본 단위) / 지역 내 변전소 합계
renw_y2026_max,재생e 연계 여유용량,2026년 여유용량(원본 단위) / 지역 내 변전소 최대값
renw_y2027_sum,재생e 연계 여유용량,2027년 여유용량(원본 단위) / 지역 내 변전소 합계
renw_y2027_max,재생e 연계 여유용량,2027년 여유용량(원본 단위) / 지역 내 변전소 최대값
renw_y2028_sum,재생e 연계 여유용량,2028년 여유용량(원본 단위) / 지역 내 변전소 합계
renw_y2028_max,재생e 연계 여유용량,2028년 여유용량(원본 단위) / 지역 내 변전소 최대값
renw_y2029_sum,재생e 연계 여유용량,2029년 여유용량(원본 단위) / 지역 내 변전소 합계
renw_y2029_max,재생e 연계 여유용량,2029년 여유용량(원본 단위) / 지역 내 변전소 최대값
renw_y2030_sum,재생e 연계 여유용량,2030년 여유용량(원본 단위) / 지역 내 변전소 합계
renw_y2030_max,재생e 연계 여유용량,2030년 여유용량(원본 단위) / 지역 내 변전소 최대값
renw_y2031_sum,재생e 연계 여유용량,2031년 여유용량(원본 단위) / 지역 내 변전소 합계
renw_y2031_max,재생e 연계 여유용량,2031년 여유용량(원본 단위) / 지역 내 변전소 최대값
renw_y2032_sum,재생e 연계 여유용량,2032년 여유용량(원본 단위) / 지역 내 변전소 합계
renw_y2032_max,재생e 연계 여유용량,2032년 여유용량(원본 단위) / 지역 내 변전소 최대값
renw_min_cpct_sum,재생e 연계 여유용량,원본 PSSMINOVPLSCPCT (의미 미확인) / 지역 내 변전소 합계
renw_min_cpct_max,재생e 연계 여유용량,원본 PSSMINOVPLSCPCT (의미 미확인) / 지역 내 변전소 최대값
renw_sixyr_cpct_sum,재생e 연계 여유용량,원본 SIXYEARRVWCPCT (의미 미확인) / 지역 내 변전소 합계
renw_sixyr_cpct_max,재생e 연계 여유용량,원본 SIXYEARRVWCPCT (의미 미확인) / 지역 내 변전소 최대값
cbr_n_sub,22.9kV/154kV 변전소 차단기 여유 Bay (변전소 소재지 기준),지역 안에서 이 블록에 잡힌 변전소 행 수
cbr_b229_total_sum,22.9kV/154kV 변전소 차단기 여유 Bay (변전소 소재지 기준),22.9kV Bay 전체 / 지역 내 변전소 합계
cbr_b229_total_max,22.9kV/154kV 변전소 차단기 여유 Bay (변전소 소재지 기준),22.9kV Bay 전체 / 지역 내 변전소 최대값
cbr_b229_use_sum,22.9kV/154kV 변전소 차단기 여유 Bay (변전소 소재지 기준),22.9kV Bay 사용중 / 지역 내 변전소 합계
cbr_b229_use_max,22.9kV/154kV 변전소 차단기 여유 Bay (변전소 소재지 기준),22.9kV Bay 사용중 / 지역 내 변전소 최대값
cbr_b229_subs_sum,22.9kV/154kV 변전소 차단기 여유 Bay (변전소 소재지 기준),22.9kV Bay 사용예정 / 지역 내 변전소 합계
cbr_b229_subs_max,22.9kV/154kV 변전소 차단기 여유 Bay (변전소 소재지 기준),22.9kV Bay 사용예정 / 지역 내 변전소 최대값
cbr_b229_futu_sum,22.9kV/154kV 변전소 차단기 여유 Bay (변전소 소재지 기준),22.9kV Bay 여유 / 지역 내 변전소 합계
cbr_b229_futu_max,22.9kV/154kV 변전소 차단기 여유 Bay (변전소 소재지 기준),22.9kV Bay 여유 / 지역 내 변전소 최대값
cbr_b154_total_sum,22.9kV/154kV 변전소 차단기 여유 Bay (변전소 소재지 기준),154kV Bay 전체(최종) / 지역 내 변전소 합계
cbr_b154_total_max,22.9kV/154kV 변전소 차단기 여유 Bay (변전소 소재지 기준),154kV Bay 전체(최종) / 지역 내 변전소 최대값
cbr_b154_use_sum,22.9kV/154kV 변전소 차단기 여유 Bay (변전소 소재지 기준),154kV Bay 사용중 / 지역 내 변전소 합계
cbr_b154_use_max,22.9kV/154kV 변전소 차단기 여유 Bay (변전소 소재지 기준),154kV Bay 사용중 / 지역 내 변전소 최대값
cbr_b154_subs_sum,22.9kV/154kV 변전소 차단기 여유 Bay (변전소 소재지 기준),154kV Bay 사용예정 / 지역 내 변전소 합계
cbr_b154_subs_max,22.9kV/154kV 변전소 차단기 여유 Bay (변전소 소재지 기준),154kV Bay 사용예정 / 지역 내 변전소 최대값
cbr_b154_futu_sum,22.9kV/154kV 변전소 차단기 여유 Bay (변전소 소재지 기준),154kV Bay 여유(잔여) / 지역 내 변전소 합계
cbr_b154_futu_max,22.9kV/154kV 변전소 차단기 여유 Bay (변전소 소재지 기준),154kV Bay 여유(잔여) / 지역 내 변전소 최대값
c345_n_sub,"345kV 변전소 차단기 여유 Bay (공급가능지역 기준, 변전소가 여러 지역에 중복 반영)",지역 안에서 이 블록에 잡힌 변전소 행 수
c345_b345_total_sum,"345kV 변전소 차단기 여유 Bay (공급가능지역 기준, 변전소가 여러 지역에 중복 반영)",345kV Bay 최종 / 지역 내 변전소 합계
c345_b345_total_max,"345kV 변전소 차단기 여유 Bay (공급가능지역 기준, 변전소가 여러 지역에 중복 반영)",345kV Bay 최종 / 지역 내 변전소 최대값
c345_b345_use_sum,"345kV 변전소 차단기 여유 Bay (공급가능지역 기준, 변전소가 여러 지역에 중복 반영)",345kV Bay 사용중 / 지역 내 변전소 합계
c345_b345_use_max,"345kV 변전소 차단기 여유 Bay (공급가능지역 기준, 변전소가 여러 지역에 중복 반영)",345kV Bay 사용중 / 지역 내 변전소 최대값
c345_b345_subs_sum,"345kV 변전소 차단기 여유 Bay (공급가능지역 기준, 변전소가 여러 지역에 중복 반영)",345kV Bay 사용예정 / 지역 내 변전소 합계
c345_b345_subs_max,"345kV 변전소 차단기 여유 Bay (공급가능지역 기준, 변전소가 여러 지역에 중복 반영)",345kV Bay 사용예정 / 지역 내 변전소 최대값
c345_b345_futu_sum,"345kV 변전소 차단기 여유 Bay (공급가능지역 기준, 변전소가 여러 지역에 중복 반영)",345kV Bay 잔여 / 지역 내 변전소 합계
c345_b345_futu_max,"345kV 변전소 차단기 여유 Bay (공급가능지역 기준, 변전소가 여러 지역에 중복 반영)",345kV Bay 잔여 / 지역 내 변전소 최대값
c345_b154_total_sum,"345kV 변전소 차단기 여유 Bay (공급가능지역 기준, 변전소가 여러 지역에 중복 반영)",154kV Bay 전체(최종) / 지역 내 변전소 합계
c345_b154_total_max,"345kV 변전소 차단기 여유 Bay (공급가능지역 기준, 변전소가 여러 지역에 중복 반영)",154kV Bay 전체(최종) / 지역 내 변전소 최대값
c345_b154_use_sum,"345kV 변전소 차단기 여유 Bay (공급가능지역 기준, 변전소가 여러 지역에 중복 반영)",154kV Bay 사용중 / 지역 내 변전소 합계
c345_b154_use_max,"345kV 변전소 차단기 여유 Bay (공급가능지역 기준, 변전소가 여러 지역에 중복 반영)",154kV Bay 사용중 / 지역 내 변전소 최대값
c345_b154_subs_sum,"345kV 변전소 차단기 여유 Bay (공급가능지역 기준, 변전소가 여러 지역에 중복 반영)",154kV Bay 사용예정 / 지역 내 변전소 합계
c345_b154_subs_max,"345kV 변전소 차단기 여유 Bay (공급가능지역 기준, 변전소가 여러 지역에 중복 반영)",154kV Bay 사용예정 / 지역 내 변전소 최대값
c345_b154_futu_sum,"345kV 변전소 차단기 여유 Bay (공급가능지역 기준, 변전소가 여러 지역에 중복 반영)",154kV Bay 여유(잔여) / 지역 내 변전소 합계
c345_b154_futu_max,"345kV 변전소 차단기 여유 Bay (공급가능지역 기준, 변전소가 여러 지역에 중복 반영)",154kV Bay 여유(잔여) / 지역 내 변전소 최대값
