시도코드,시도,시군구코드,시군구,읍면동코드,읍면동,변전소,변전소관리번호,기준연도,여유용량_2026,여유용량_2027,여유용량_2028,여유용량_2029,여유용량_2030,여유용량_2031,여유용량_2032,최소여유용량
11,서울특별시,110,종로구,133,정릉동,미아,2634,2026,0,0,65,65,65,60,65,0
11,서울특별시,110,종로구,119,세종로,세종로,2029,2026,0,0,0,0,0,0,0,0
11,서울특별시,110,종로구,182,구기동,옥인,2052,2026,0,0,0,0,0,0,0,0
11,서울특별시,110,종로구,110,와룡동,운니,2621,2026,6,6,0,0,0,0,0,6
11,서울특별시,110,종로구,168,동숭동,원남,2643,2026,0,0,0,0,0,0,0,0
11,서울특별시,110,종로구,150,훈정동,종로,S123,2026,0,0,95,70,70,0,0,0
11,서울특별시,110,종로구,175,숭인동,중부,2560,2026,4,4,0,0,0,0,0,4
11,서울특별시,110,종로구,174,창신동,흥인,2023,2026,0,0,95,70,70,0,0,0
11,서울특별시,140,중구,102,하왕십리동,마장,2623,2026,0,0,95,70,70,0,0,0
11,서울특별시,140,중구,148,을지로6가,방산,D291,2026,0,0,95,70,70,0,0,0
11,서울특별시,140,중구,119,정동,서소문,2622,2026,0,0,55,40,35,0,0,0
11,서울특별시,140,중구,171,중림동,순화,2755,2026,0,0,0,0,0,0,0,0
11,서울특별시,140,중구,107,신당동,신당,2624,2026,0,0,0,0,0,0,0,0
11,서울특별시,140,중구,155,을지로3가,종로,S123,2026,0,0,95,70,70,0,0,0
11,서울특별시,140,중구,173,만리동1가,중부,2560,2026,4,4,0,0,0,0,0,4
11,서울특별시,140,중구,142,예장동,중앙(SA),2642,2026,0,0,95,70,70,0,0,0
11,서울특별시,170,용산구,125,한강로2가,동빙고,2011,2026,0,0,0,0,0,0,0,0
11,서울특별시,170,용산구,104,도화동,마포,2040,2026,0,0,0,0,0,0,0,0
11,서울특별시,170,용산구,110,청파동2가,아현,S116,2026,0,0,0,0,0,0,0,0
11,서울특별시,170,용산구,128,한강로3가,용산,2020,2026,0,0,0,0,0,0,0,0
11,서울특별시,170,용산구,107,동자동,원효(건설중),E238,2026,0,0,0,0,0,0,0,0
11,서울특별시,170,용산구,135,용산동6가,중부,2560,2026,4,4,0,0,0,0,0,4
11,서울특별시,170,용산구,101,후암동,한남,S109,2026,0,0,95,70,70,0,0,0
11,서울특별시,200,성동구,122,용답동,군자 23kV 이동용 GIS,2626,2026,6,6,0,0,0,0,0,6
11,서울특별시,200,성동구,114,송정동,뚝도,2088,2026,0,0,35,25,25,10,10,0
11,서울특별시,200,성동구,107,행당동,마장,2623,2026,0,0,95,70,70,0,0,0
11,서울특별시,200,성동구,118,송정동,미금,2771,2026,9,9,0,0,210,210,240,9
11,서울특별시,200,성동구,115,성수동2가,성수,S133,2026,0,0,130,110,80,65,65,0
11,서울특별시,200,성동구,122,용답동,왕십리,S135,2026,0,0,95,70,70,0,0,0
11,서울특별시,200,성동구,113,옥수동,한남,S109,2026,0,0,95,70,70,0,0,0
11,서울특별시,215,광진구,104,광장동,광장,2049,2026,5,5,0,0,0,0,0,5
11,서울특별시,215,광진구,111,자양동,구의,2799,2026,0,0,0,0,0,0,0,0
11,서울특별시,215,광진구,105,자양동,동서울,2197,2026,0,0,0,0,0,0,0,0
11,서울특별시,215,광진구,104,광장동,미금,2771,2026,9,9,0,0,210,210,240,9
11,서울특별시,215,광진구,101,중곡동,화양,2072,2026,0,0,0,0,0,0,0,0
11,서울특별시,230,동대문구,105,답십리동,용두,D284,2026,0,0,95,70,70,0,0,0
11,서울특별시,230,동대문구,107,청량리동,종암,2064,2026,0,0,95,70,70,0,0,0
11,서울특별시,230,동대문구,110,이문동,휘경,2641,2026,0,0,95,70,70,0,0,0
11,서울특별시,260,중랑구,106,신내동,미금,2771,2026,9,9,0,0,210,210,240,9
11,서울특별시,260,중랑구,103,중화동,상봉,D286,2026,89,82,210,165,280,255,260,89
11,서울특별시,260,중랑구,106,신내동,신내,S102,2026,1,0,215,170,245,225,230,1
11,서울특별시,290,성북구,102,성북동,돈암,S117,2026,0,0,135,145,100,90,95,0
11,서울특별시,290,성북구,137,상월곡동,미금,2771,2026,9,9,0,0,210,210,240,9
11,서울특별시,290,성북구,136,하월곡동,미아,2634,2026,0,0,65,65,65,60,65,0
11,서울특별시,290,성북구,125,안암동5가,안암,2812,2026,0,0,0,0,0,0,0,0
11,서울특별시,290,성북구,138,장위동,장위,S131,2026,0,0,0,80,35,30,30,0
11,서울특별시,290,성북구,135,종암동,종암,2064,2026,0,0,95,70,70,0,0,0
11,서울특별시,305,강북구,102,번동,노원,2633,2026,0,0,85,80,35,30,30,0
11,서울특별시,305,강북구,101,미아동,미아,2634,2026,0,0,65,65,65,60,65,0
11,서울특별시,305,강북구,103,수유동,수유,D293,2026,0,0,175,175,170,140,155,0
11,서울특별시,320,도봉구,108,도봉동,방학,D285,2026,0,0,440,390,425,90,155,0
11,서울특별시,320,도봉구,105,쌍문동,쌍문,2631,2026,0,0,180,175,170,140,155,0
11,서울특별시,320,도봉구,106,방학동,창동,2778,2026,6,0,385,410,405,105,175,6
11,서울특별시,350,노원구,104,하계동,노원,2633,2026,0,0,85,80,35,30,30,0
11,서울특별시,350,노원구,103,공릉동,미금,2771,2026,9,9,0,0,210,210,240,9
11,서울특별시,350,노원구,105,상계동,상계,2632,2026,0,0,235,225,190,105,190,0
11,서울특별시,350,노원구,106,중계동,중계,S121,2026,0,0,140,125,275,255,315,0
11,서울특별시,380,은평구,107,응암동,녹번,S112,2026,0,0,0,0,0,0,0,0
11,서울특별시,380,은평구,132,향동동,수색,2036,2026,0,0,0,0,0,0,0,0
11,서울특별시,380,은평구,108,역촌동,중부,2560,2026,4,4,0,0,0,0,0,4
11,서울특별시,380,은평구,101,수색동,증산SA,E327,2026,0,0,0,0,0,0,0,0
11,서울특별시,410,서대문구,119,정동,서대문,S118,2026,0,0,0,0,0,0,0,0
11,서울특별시,410,서대문구,119,북가좌동,수색,2036,2026,0,0,0,0,0,0,0,0
11,서울특별시,410,서대문구,115,봉원동,신촌,2059,2026,0,0,0,0,0,0,0,0
11,서울특별시,410,서대문구,109,신촌동,연대,S113,2026,0,0,0,0,0,0,0,0
11,서울특별시,410,서대문구,101,충정로2가,중부,2560,2026,4,4,0,0,0,0,0,4
11,서울특별시,440,마포구,109,방화동,가양,2657,2026,0,0,0,0,0,0,0,0
11,서울특별시,440,마포구,122,합정동,당인리,2022,2026,0,0,0,0,0,0,0,0
11,서울특별시,440,마포구,101,염창동,등촌,S224,2026,4,4,25,45,45,45,45,4
11,서울특별시,440,마포구,105,마곡동,마곡,D303,2026,0,0,0,0,0,40,40,0
11,서울특별시,440,마포구,121,신수동,마포,2040,2026,0,0,0,0,0,0,0,0
11,서울특별시,440,마포구,127,상암동,상암,S114,2026,0,0,0,0,0,0,0,0
11,서울특별시,440,마포구,133,대흥동,신촌,2059,2026,0,0,0,0,0,0,0,0
11,서울특별시,440,마포구,101,아현동,아현,S116,2026,0,0,0,0,0,0,0,0
11,서울특별시,440,마포구,124,연남동,연대,S113,2026,0,0,0,0,0,0,0,0
11,서울특별시,440,마포구,122,합정동,중부,2560,2026,4,4,0,0,0,0,0,4
11,서울특별시,440,마포구,103,화곡동,화곡,2171,2026,0,0,0,0,0,0,0,0
11,서울특별시,470,양천구,101,신정동,목동,2487,2026,0,0,0,0,0,0,0,0
11,서울특별시,470,양천구,103,신월동,북과천(건설중),E566,2026,0,0,0,0,0,0,0,0
11,서울특별시,470,양천구,117,신정동,신정,S230,2026,0,0,0,0,0,0,0,0
11,서울특별시,470,양천구,123,신월동,양천,S212,2026,26,26,0,0,0,0,0,26
11,서울특별시,500,서울특별시강서구,105,마곡동,가양,2657,2026,0,0,0,0,0,0,0,0
11,서울특별시,500,서울특별시강서구,105,마곡동,마곡,D303,2026,0,0,0,0,0,40,40,0
11,서울특별시,500,강서구,101,염창동,신부평,S321,2026,0,0,0,0,25,25,25,0
11,서울특별시,500,서울특별시강서구,106,내발산동,화곡,2171,2026,0,0,0,0,0,0,0,0
11,서울특별시,530,구로구,102,구로동,구로,2544,2026,26,26,0,0,0,0,0,26
11,서울특별시,530,구로구,110,온수동,구로#2(건설중),E567,2026,26,26,0,0,0,0,0,26
11,서울특별시,530,구로구,112,항동,신광명,2194,2026,0,0,0,0,0,0,0,0
11,서울특별시,530,구로구,113,오류동,오류,2148,2026,0,0,0,0,0,0,0,0
11,서울특별시,530,구로구,121,항동,온수,2639,2026,0,0,0,0,0,0,0,0
11,서울특별시,530,구로구,111,천왕동,천왕,S205,2026,0,0,0,0,0,0,0,0
11,서울특별시,545,금천구,101,가산동,가산,D437,2026,0,0,0,0,0,0,0,0
11,서울특별시,545,금천구,101,가산동,구공,2159,2026,0,0,0,0,0,0,0,0
11,서울특별시,545,금천구,102,독산동,대방,2157,2026,40,40,0,0,0,0,0,40
11,서울특별시,545,금천구,102,독산동,독산,S214,2026,26,26,0,0,0,0,0,26
11,서울특별시,545,금천구,115,시흥동,시흥,2999,2026,7,7,0,0,0,0,0,7
11,서울특별시,545,금천구,103,시흥동,신광명,2194,2026,0,0,0,0,0,0,0,0
11,서울특별시,560,영등포구,118,도림동,구로#2(건설중),E567,2026,26,26,0,0,0,0,0,26
11,서울특별시,560,영등포구,103,신길동,노들,S203,2026,0,0,0,0,0,0,0,0
11,서울특별시,560,영등포구,128,대림동,대림,S225,2026,26,26,0,0,0,0,0,26
11,서울특별시,560,영등포구,113,목동,목동,2487,2026,0,0,0,0,0,0,0,0
11,서울특별시,560,영등포구,121,문래동3가,문래,2152,2026,0,0,0,0,0,0,0,0
11,서울특별시,560,영등포구,134,양평동,신광명,2194,2026,0,0,0,0,0,0,0,0
11,서울특별시,560,영등포구,131,양화동,양천,S212,2026,26,26,0,0,0,0,0,26
11,서울특별시,560,영등포구,127,양평동3가,양평,2150,2026,0,0,0,0,0,0,0,0
11,서울특별시,560,영등포구,110,여의도동,여의,2158,2026,23,20,0,0,0,0,0,23
11,서울특별시,560,영등포구,103,영등포동2가,영오,S222,2026,42,42,0,0,0,0,0,42
11,서울특별시,560,영등포구,117,당산동,의사당,S208,2026,26,26,0,0,0,0,0,26
11,서울특별시,590,동작구,124,흑석동,노량진,2154,2026,26,26,0,0,0,0,0,26
11,서울특별시,590,동작구,107,사당동,사당,2430,2026,0,0,0,0,0,0,0,0
11,서울특별시,590,동작구,109,신대방동,신광명,2194,2026,0,0,0,0,0,0,0,0
11,서울특별시,590,동작구,109,신대방동,신길,2659,2026,22,21,0,0,0,0,0,22
11,서울특별시,620,관악구,101,봉천동,봉천,S213,2026,0,0,0,0,0,0,0,0
11,서울특별시,620,관악구,103,남현동,사당,2430,2026,0,0,0,0,0,0,0,0
11,서울특별시,620,관악구,102,신림동,신길,2659,2026,22,21,0,0,0,0,0,22
11,서울특별시,620,관악구,101,봉천동,신림,S211,2026,0,58,0,0,0,0,0,0
11,서울특별시,650,서초구,102,양재동,개포,2656,2026,0,15,0,0,0,0,0,0
11,서울특별시,650,서초구,108,서초동,교대,S209,2026,0,54,0,0,0,0,0,0
11,서울특별시,650,서초구,107,반포동,논일,D302,2026,0,0,0,0,0,0,0,0
11,서울특별시,650,서초구,106,잠원동,반포,2652,2026,0,0,0,0,0,0,0,0
11,서울특별시,650,서초구,101,방배동,사당,2430,2026,0,0,0,0,0,0,0,0
11,서울특별시,650,서초구,108,서초동,서초,S219,2026,0,15,0,0,0,0,0,0
11,서울특별시,650,서초구,116,내곡동,수서,2779,2026,11,11,0,0,0,0,0,11
11,서울특별시,650,서초구,103,신원동,신림,S211,2026,0,58,0,0,0,0,0,0
11,서울특별시,650,서초구,104,원지동,염곡,S210,2026,0,0,0,0,0,0,0,0
11,서울특별시,650,서초구,107,반포동,이수,S229,2026,0,13,0,0,0,0,0,0
11,서울특별시,680,강남구,108,논현동,논현,S215,2026,3,3,0,0,0,0,0,3
11,서울특별시,680,강남구,106,대치동,대치,2650,2026,0,0,0,0,0,0,0,0
11,서울특별시,680,강남구,118,도곡동,도곡,S217,2026,0,92,0,0,0,0,0,0
11,서울특별시,680,강남구,111,세곡동,동서울,2197,2026,0,0,0,0,0,0,0,0
11,서울특별시,680,강남구,104,청담동,선릉,S201,2026,5,5,0,40,40,40,40,5
11,서울특별시,680,강남구,111,세곡동,수서,2779,2026,11,11,0,0,0,0,0,11
11,서울특별시,680,강남구,107,신사동,신사(SA),2813,2026,0,0,0,0,0,0,0,0
11,서울특별시,680,강남구,101,역삼동,역삼,S207,2026,0,0,0,0,0,0,0,0
11,서울특별시,680,강남구,118,삼성동,탄천,D434,2026,5,5,0,40,40,40,40,5
11,서울특별시,710,송파구,107,가락동,가락,S206,2026,1,1,0,0,0,0,0,1
11,서울특별시,710,송파구,102,신천동,강동,2654,2026,0,0,0,0,0,0,0,0
11,서울특별시,710,송파구,111,장지동,동남,S228,2026,0,0,10,10,10,10,10,0
11,서울특별시,710,송파구,101,잠실동,동서울,2197,2026,0,0,0,0,0,0,0,0
11,서울특별시,710,송파구,105,석촌동,석촌,S227,2026,0,0,0,0,0,0,0,0
11,서울특별시,710,송파구,113,거여동,송파,2653,2026,0,0,0,0,0,0,0,0
11,서울특별시,710,송파구,106,문정동,수서,2779,2026,11,11,0,0,0,0,0,11
11,서울특별시,710,송파구,106,삼전동,잠실,2655,2026,0,0,0,0,0,0,0,0
11,서울특별시,710,송파구,103,풍납동,풍납,2638,2026,0,0,0,0,0,0,0,0
11,서울특별시,740,강동구,110,강일동,강동,2654,2026,0,0,0,0,0,0,0,0
11,서울특별시,740,강동구,101,명일동,동서울,2197,2026,0,0,0,0,0,0,0,0
11,서울특별시,740,강동구,109,천호동,천호,S221,2026,0,0,0,0,0,0,0,0
12,전남광주통합특별시,110,목포시,155,금화동,목포,S635,2026,21,19,560,565,565,575,500,21
12,전남광주통합특별시,110,목포시,105,달동,북항,S603,2026,17,15,0,0,0,0,0,17
12,전남광주통합특별시,130,여수시,340,남면,소라,S625,2026,0,0,0,0,0,0,0,0
12,전남광주통합특별시,130,여수시,250,돌산읍,시종(건설중),E270,2026,166,166,0,0,0,0,0,166
12,전남광주통합특별시,130,여수시,127,경호동,여수,2684,2026,0,0,0,0,0,0,0,0
12,전남광주통합특별시,130,여수시,139,봉계동,여천,5055,2026,0,0,0,0,0,0,0,0
12,전남광주통합특별시,130,여수시,148,낙포동,용성,S620,2026,0,0,0,0,0,0,0,0
12,전남광주통합특별시,170,나주시,108,경현동,154KV 나주,E233,2026,166,166,0,0,0,0,2785,166
12,전남광주통합특별시,170,나주시,430,봉황면,금천,D368,2026,69,67,100,100,100,100,100,69
12,전남광주통합특별시,170,나주시,400,동강면,엄다,2775,2026,41,34,0,0,0,0,0,41
12,전남광주통합특별시,170,나주시,340,공산면,왕곡,E131,2026,98,97,335,335,335,335,335,98
12,전남광주통합특별시,190,광양시,102,황길동,광양항,E386,2026,0,0,0,0,0,0,0,0
12,전남광주통합특별시,210,동구,118,서석동,계림,5056,2026,2,0,0,0,0,0,0,2
12,전남광주통합특별시,210,동구,123,월남동,소태,S618,2026,101,100,120,120,120,120,120,101
12,전남광주통합특별시,210,동구,128,학동,충장,2682,2026,0,0,0,0,0,0,185,0
12,전남광주통합특별시,240,서구,128,풍암동,매월,S619,2026,0,0,0,0,0,0,0,0
12,전남광주통합특별시,240,서구,116,유촌동,북광주,5180,2026,0,0,0,0,0,0,45,0
12,전남광주통합특별시,240,서구,161,양동,충장,2682,2026,0,0,0,0,0,0,185,0
12,전남광주통합특별시,240,서구,106,농성동,화정,S624,2026,0,0,0,0,0,0,0,0
12,전남광주통합특별시,270,남구,114,양촌동,금천,D368,2026,69,67,100,100,100,100,100,69
12,전남광주통합특별시,270,남구,146,행암동,남광주,5057,2026,14,12,100,100,100,100,100,14
12,전남광주통합특별시,270,남구,122,화장동,매월,S619,2026,0,0,0,0,0,0,0,0
12,전남광주통합특별시,270,남구,114,방림동,소태,S618,2026,101,100,120,120,120,120,120,101
12,전남광주통합특별시,270,남구,104,월산동,충장,2682,2026,0,0,0,0,0,0,185,0
12,전남광주통합특별시,300,전남광주통합특별시북구,113,각화동,계림,5056,2026,2,0,0,0,0,0,0,2
12,전남광주통합특별시,300,북구,410,대전면,담양,2774,2026,0,0,10,100,105,100,105,0
12,전남광주통합특별시,300,북구,109,운암동,북광주,5180,2026,0,0,0,0,0,0,45,0
12,전남광주통합특별시,300,전남광주통합특별시북구,127,일곡동,일곡,S617,2026,10,8,0,0,0,0,0,10
12,전남광주통합특별시,300,북구,310,진원면,장성,S602,2026,0,0,0,0,0,0,0,0
12,전남광주통합특별시,300,북구,139,월출동,첨단,E132,2026,60,46,60,60,60,60,60,60
12,전남광주통합특별시,300,북구,101,중흥동,충장,2682,2026,0,0,0,0,0,0,185,0
12,전남광주통합특별시,330,광산구,110,지산동,덕림,E157,2026,5,0,290,400,400,400,400,5
12,전남광주통합특별시,330,광산구,106,동림동,북광주,5180,2026,0,0,0,0,0,0,45,0
12,전남광주통합특별시,330,광산구,106,운수동,송정,S636,2026,81,80,140,140,195,20,415,81
12,전남광주통합특별시,330,광산구,115,월계동,수완,E087,2026,55,54,415,145,205,425,365,55
12,전남광주통합특별시,330,광산구,160,삼거동,첨단,E132,2026,60,46,60,60,60,60,60,60
12,전남광주통합특별시,330,광산구,202,오선동,하남,2681,2026,0,0,0,0,0,0,0,0
12,전남광주통합특별시,330,광산구,124,흑석동,흑석,S628,2026,0,0,140,115,165,405,360,0
12,전남광주통합특별시,710,담양군,320,고서면,계림,5056,2026,2,0,0,0,0,0,0,2
12,전남광주통합특별시,710,담양군,335,가사문학면,담양,2774,2026,0,0,10,100,105,100,105,0
12,전남광주통합특별시,720,곡성군,350,죽곡면,곡성,2690,2026,0,0,0,15,115,0,435,0
12,전남광주통합특별시,720,곡성군,370,옥과면,순창,E230,2026,120,119,610,690,715,550,565,120
12,전남광주통합특별시,740,고흥군,370,점암면,득량(건설중),E272,2026,166,166,0,0,0,0,0,166
12,전남광주통합특별시,740,고흥군,350,포두면,포두(건설중),E273,2026,166,166,0,0,0,0,0,166
12,전남광주통합특별시,750,보성군,380,득량면,득량(건설중),E272,2026,166,166,0,0,0,0,0,166
12,전남광주통합특별시,750,보성군,370,조성면,보성,S626,2026,118,117,435,430,435,435,910,118
12,전남광주통합특별시,760,화순군,340,남면,화순,2683,2026,77,75,100,100,100,100,100,77
12,전남광주통합특별시,770,장흥군,310,노동면,보성,S626,2026,118,117,435,430,435,435,910,118
12,전남광주통합특별시,790,해남군,380,북일면,남창,5029,2026,53,51,0,0,0,0,0,53
12,전남광주통합특별시,790,해남군,340,마산면,해남,2687,2026,86,85,0,0,0,0,0,86
12,전남광주통합특별시,790,해남군,420,문내면,화원,S637,2026,6,4,0,0,0,0,0,6
12,전남광주통합특별시,800,영암군,253,일로읍,남악,S629,2026,81,80,500,500,500,500,500,81
12,전남광주통합특별시,800,영암군,253,삼호읍,대불,2689,2026,63,62,0,0,0,0,0,63
12,전남광주통합특별시,800,영암군,253,삼호읍,삼호,D491,2026,110,110,0,0,0,0,0,110
12,전남광주통합특별시,800,영암군,340,시종면,시종(건설중),E270,2026,166,166,0,0,0,0,0,166
12,전남광주통합특별시,800,영암군,340,군서면,영암,2583,2026,101,100,415,415,370,585,1165,101
12,전남광주통합특별시,810,무안군,256,삼향읍,남악,S629,2026,81,80,500,500,500,500,500,81
12,전남광주통합특별시,810,무안군,320,몽탄면,목포,S635,2026,21,19,560,565,565,575,500,21
12,전남광주통합특별시,810,무안군,320,몽탄면,엄다,2775,2026,41,34,0,0,0,0,0,41
12,전남광주통합특별시,810,무안군,350,망운면,운남,S621,2026,97,94,0,0,0,0,0,97
12,전남광주통합특별시,820,함평군,370,해보면,덕림,E157,2026,5,0,290,400,400,400,400,5
12,전남광주통합특별시,820,함평군,250,함평읍,엄다,2775,2026,41,34,0,0,0,0,0,41
12,전남광주통합특별시,830,영광군,250,영광읍,남고창(건설중),E275,2026,221,221,0,0,575,685,690,221
12,전남광주통합특별시,830,영광군,340,군서면,서영광(건설중),E269,2026,166,166,0,0,0,0,0,166
12,전남광주통합특별시,830,영광군,310,군남면,영광,5181,2026,0,0,0,0,0,0,0,0
12,전남광주통합특별시,830,영광군,370,법성면,홍농,S615,2026,0,0,0,0,0,0,0,0
12,전남광주통합특별시,840,장성군,340,삼서면,덕림,E157,2026,5,0,290,400,400,400,400,5
12,전남광주통합특별시,840,장성군,360,황룡면,장성,S602,2026,0,0,0,0,0,0,0,0
12,전남광주통합특별시,840,장성군,310,진원면,첨단,E132,2026,60,46,60,60,60,60,60,60
12,전남광주통합특별시,850,완도군,320,청산면,완도,S607,2026,34,32,0,0,0,0,0,34
12,전남광주통합특별시,860,진도군,320,고군면,진도,S608,2026,15,14,0,0,0,0,0,15
12,전남광주통합특별시,870,신안군,420,암태면,154kV 신안,E466,2026,166,166,415,895,920,1105,1075,166
12,전남광주통합특별시,870,신안군,253,압해읍,북항,S603,2026,17,15,0,0,0,0,0,17
12,전남광주통합특별시,870,신안군,400,안좌면,안좌 (154KV),D372,2026,136,136,0,0,0,0,0,136
12,전남광주통합특별시,870,신안군,250,지도읍,운남,S621,2026,97,94,0,0,0,0,0,97
28,인천광역시,140,동구,107,송림동,신가좌,2167,2026,0,0,0,0,0,0,0,0
28,인천광역시,140,동구,101,숭의동,인천,2172,2026,0,31,0,0,0,0,0,0
28,인천광역시,177,미추홀구,107,문학동,관교,S306,2026,0,0,0,0,0,0,0,0
28,인천광역시,177,미추홀구,107,문학동,신가좌,2167,2026,0,0,0,0,0,0,0,0
28,인천광역시,177,미추홀구,104,도화동,신현,2594,2026,0,11,0,0,0,0,0,0
28,인천광역시,177,미추홀구,101,숭의동,인천,2172,2026,0,31,0,0,0,0,0,0
28,인천광역시,177,미추홀구,105,주안동,주안,SB05,2026,0,5,0,0,0,0,0,0
28,인천광역시,177,미추홀구,103,학익동,학익,S301,2026,0,0,0,0,0,0,0,0
28,인천광역시,185,연수구,102,선학동,남동,2574,2026,0,0,0,0,0,0,0,0
28,인천광역시,185,연수구,104,송도동,동송도,D980,2026,0,0,0,0,0,0,0,0
28,인천광역시,185,연수구,104,송도동,북송도,D309,2026,0,0,0,0,0,0,0,0
28,인천광역시,185,연수구,106,송도동,서송도,E045,2026,0,0,0,0,0,0,0,0
28,인천광역시,185,연수구,104,송도동,송도,SB02,2026,0,0,0,0,0,0,0,0
28,인천광역시,185,연수구,106,송도동,송도#6(건설중),E570,2026,0,0,0,0,0,0,0,0
28,인천광역시,185,연수구,101,옥련동,신가좌,2167,2026,0,0,0,0,0,0,0,0
28,인천광역시,185,연수구,106,송도동,신송도,E126,2026,0,0,0,0,0,0,0,0
28,인천광역시,185,연수구,106,송도동,아암(건설중),E350,2026,0,0,0,0,0,0,0,0
28,인천광역시,185,연수구,105,동춘동,연수,2618,2026,0,0,0,0,0,0,0,0
28,인천광역시,200,남동구,101,고잔동,고잔,D444,2026,0,0,0,0,0,0,0,0
28,인천광역시,200,남동구,101,구월동,관교,S306,2026,0,0,0,0,0,0,0,0
28,인천광역시,200,남동구,107,남촌동,구월(건설중),E807,2026,0,0,0,0,0,0,0,0
28,인천광역시,200,남동구,107,남촌동,남동,2574,2026,0,0,0,0,0,0,0,0
28,인천광역시,200,남동구,106,운연동,도림,D312,2026,0,0,0,0,0,0,0,0
28,인천광역시,200,남동구,111,고잔동,동춘,2819,2026,0,0,0,0,0,0,0,0
28,인천광역시,200,남동구,126,장수동,만수,S324,2026,0,0,0,0,0,0,0,0
28,인천광역시,200,남동구,126,장수동,소래,2569,2026,0,0,0,0,0,0,0,0
28,인천광역시,200,남동구,108,수산동,신가좌,2167,2026,0,0,0,0,0,0,0,0
28,인천광역시,200,남동구,108,논현동,오봉,SB04,2026,0,0,0,0,0,0,0,0
28,인천광역시,200,남동구,102,간석동,주안,SB05,2026,0,5,0,0,0,0,0,0
28,인천광역시,237,부평구,106,갈산동,갈산,D278,2026,0,0,0,0,0,0,0,0
28,인천광역시,237,부평구,101,부평동,부개,2535,2026,0,0,0,0,0,0,0,0
28,인천광역시,237,부평구,101,삼산동,부흥,S320,2026,0,0,0,0,0,0,0,0
28,인천광역시,237,부평구,103,산곡동,신가좌,2167,2026,0,0,0,0,0,0,0,0
28,인천광역시,237,부평구,106,갈산동,신부평,S321,2026,0,0,0,0,25,25,25,0
28,인천광역시,237,부평구,102,십정동,주안,SB05,2026,0,5,0,0,0,0,0,0
28,인천광역시,237,부평구,104,청천동,청천,SB08,2026,0,0,0,0,0,0,0,0
28,인천광역시,245,계양구,104,서운동,경서2/S(건설중),E235,2026,15,15,0,0,0,25,25,15
28,인천광역시,245,계양구,165,이화동,계양,S305,2026,0,0,0,0,0,0,0,0
28,인천광역시,245,계양구,122,다남동,신부평,S321,2026,0,0,0,0,25,25,25,0
28,인천광역시,245,계양구,103,작전동,임학,2782,2026,0,0,0,0,0,0,0,0
28,인천광역시,245,계양구,101,삼산동,중동,2568,2026,0,0,0,0,0,0,0,0
28,인천광역시,245,계양구,101,효성동,청천,SB08,2026,0,0,0,0,0,0,0,0
28,인천광역시,260,서구,117,연희동,경서,2599,2026,0,0,0,0,0,0,0,0
28,인천광역시,260,서구,102,시천동,계양,S305,2026,0,0,0,0,0,0,0,0
28,인천광역시,260,서구,118,원당동,김포,SB06,2026,0,0,0,0,0,0,0,0
28,인천광역시,260,서구,111,원창동,마전(건설중),E144,2026,0,0,0,0,0,0,0,0
28,인천광역시,260,서구,101,효성동,북인천,2455,2026,0,0,0,0,0,0,0,0
28,인천광역시,260,서구,104,마전동,불로,D313,2026,0,0,0,0,0,0,0,0
28,인천광역시,260,서구,109,신현동,서청라(건설중),D315,2026,0,0,0,0,0,0,0,0
28,인천광역시,260,서구,112,가좌동,신가좌,2167,2026,0,0,0,0,0,0,0,0
28,인천광역시,260,서구,115,신현동,신현,2594,2026,0,11,0,0,0,0,0,0
28,인천광역시,260,서구,103,금곡동,양촌,SB09,2026,0,0,0,0,0,0,0,0
28,인천광역시,260,서구,120,왕길동,왕길,D316,2026,0,0,0,0,0,0,0,0
28,인천광역시,260,서구,111,원창동,원창,SB03,2026,0,0,0,0,0,0,0,0
28,인천광역시,260,서구,123,대곡동,장기,D318,2026,0,0,0,0,0,0,0,0
28,인천광역시,260,서구,122,청라동,청라,D310,2026,0,0,0,0,0,0,0,0
28,인천광역시,710,강화군,250,강화읍,강화,S322,2026,0,0,0,0,0,0,0,0
28,인천광역시,710,강화군,400,교동면,서강화,D317,2026,0,0,0,0,0,0,0,0
30,대전광역시,110,대전광역시동구,105,가오동,남대전,2215,2026,0,0,0,0,0,0,0,0
30,대전광역시,110,동구,126,효평동,동대전,2672,2026,0,0,0,0,0,0,0,0
30,대전광역시,110,동구,124,용계동,신계룡,S519,2026,0,0,0,0,0,0,0,0
30,대전광역시,110,동구,118,삼성동,신흥,S505,2026,0,0,0,0,0,0,0,0
30,대전광역시,110,동구,109,용운동,용운,S529,2026,0,0,0,0,0,0,0,0
30,대전광역시,140,중구,114,태평동,신계룡,S519,2026,0,0,0,0,0,0,0,0
30,대전광역시,140,대전광역시중구,114,태평동,유천,2786,2026,0,0,0,0,0,0,0,0
30,대전광역시,170,서구,103,평촌동,가수원,S502,2026,0,0,0,0,0,0,0,0
30,대전광역시,170,서구,112,둔산동,둔산,2673,2026,0,0,0,0,0,0,0,0
30,대전광역시,170,서구,106,탄방동,둔지,S524,2026,0,0,0,0,0,0,0,0
30,대전광역시,170,서구,104,정림동,서대전,2203,2026,0,0,0,0,0,0,0,0
30,대전광역시,170,서구,121,평촌동,세종,D452,2026,0,0,280,380,375,325,0,0
30,대전광역시,170,서구,128,만년동,신계룡,S519,2026,0,0,0,0,0,0,0,0
30,대전광역시,170,서구,113,월평동,청양,2437,2026,0,0,0,0,0,0,0,0
30,대전광역시,230,대덕구,104,대화동,대화,2680,2026,0,0,0,0,0,0,0,0
30,대전광역시,230,대덕구,111,석봉동,세종,D452,2026,0,0,280,380,375,325,0,0
30,대전광역시,230,대덕구,122,신대동,신일,2743,2026,0,0,175,175,175,160,0,0
30,대전광역시,230,대덕구,121,갈전동,신탄진,2205,2026,0,0,85,85,80,70,0,0
30,대전광역시,230,대덕구,118,장동,청양,2437,2026,0,0,0,0,0,0,0,0
36,세종특별자치시,110,세종시,123,용호동,동세종(건설중),D479,2026,0,0,0,255,590,535,0,0
36,세종특별자치시,110,세종특별자치시,330,부강면,부강,S419,2026,0,0,85,85,80,70,0,0
36,세종특별자치시,110,세종시,370,전의면,북세종(건설중),D481,2026,0,0,0,0,530,480,0,0
36,세종특별자치시,110,세종특별자치시,105,가람동,서세종,D455,2026,0,0,0,0,0,0,0,0
36,세종특별자치시,110,세종특별자치시,103,보람동,세종,D452,2026,0,0,280,380,375,325,0,0
36,세종특별자치시,110,세종특별자치시,310,연기면,월산,S517,2026,0,0,255,255,360,270,0,0
36,세종특별자치시,110,세종특별자치시,390,소정면,전의,S501,2026,4,0,155,150,130,225,200,4
36,세종특별자치시,110,세종특별자치시,360,연서면,조치원,2209,2026,0,0,225,225,390,295,0,0
41,경기도,111,수원시장안구,138,상광교동,우만,2781,2026,0,0,0,0,0,0,0,0
41,경기도,111,수원시장안구,135,송죽동,율전,S308,2026,0,0,0,0,0,0,0,0
41,경기도,111,수원시장안구,104,왕곡동,의왕,2637,2026,1,0,0,0,0,0,0,1
41,경기도,113,수원시권선구,136,곡반정동,154kV 동수원(SA),E206,2026,0,75,0,0,0,0,0,0
41,경기도,113,수원시권선구,129,오목천동,권선(건설중),E826,2026,166,166,0,0,30,20,0,166
41,경기도,113,수원시권선구,139,대황교동,남수원,2722,2026,0,0,35,35,65,40,35,0
41,경기도,113,수원시권선구,127,평동,당수(건설중),E575,2026,0,50,0,0,0,0,0,0
41,경기도,113,수원시권선구,310,매송면,봉담,D334,2026,55,53,90,80,90,80,65,55
41,경기도,113,수원시권선구,132,구운동,서수원,2178,2026,0,0,75,90,80,45,30,0
41,경기도,113,수원시권선구,128,고색동,호매실,D330,2026,0,0,0,0,0,0,0,0
41,경기도,115,수원시팔달구,141,인계동,154kV 동수원(SA),E206,2026,0,75,0,0,0,0,0,0
41,경기도,115,수원시팔달구,128,매향동,우만,2781,2026,0,0,0,0,0,0,0,0
41,경기도,115,수원시팔달구,112,고등동,율전,S308,2026,0,0,0,0,0,0,0,0
41,경기도,117,수원시영통구,101,매탄동,154kV 동수원(SA),E206,2026,0,75,0,0,0,0,0,0
41,경기도,117,수원시영통구,107,망포동,농서,S348,2026,0,16,0,0,0,0,0,0
41,경기도,117,수원시영통구,101,매탄동,동수원#2(건설중),E815,2026,0,0,0,0,0,0,0,0
41,경기도,117,수원시영통구,105,영통동,신갈,2802,2026,0,0,0,0,0,0,0,0
41,경기도,117,수원시영통구,103,이의동,이의,D322,2026,0,0,0,0,0,0,0,0
41,경기도,131,성남시수정구,115,시흥동,동판교,S231,2026,0,0,0,0,0,0,0,0
41,경기도,131,성남시수정구,102,태평동,중원,S220,2026,6,4,125,80,60,85,115,6
41,경기도,133,성남시중원구,103,갈현동,성현,2561,2026,0,0,0,0,0,0,0,0
41,경기도,133,성남시중원구,107,도촌동,야탑,2814,2026,0,0,0,0,0,0,0,0
41,경기도,133,성남시중원구,108,성남동,중원,S220,2026,6,4,125,80,60,85,115,6
41,경기도,135,성남시분당구,110,백현동,동판교,S231,2026,0,0,0,0,0,0,0,0
41,경기도,135,성남시분당구,101,분당동,분당,2562,2026,0,0,0,0,0,0,0,0
41,경기도,135,성남시분당구,122,대장동,서판교,S232,2026,0,0,0,0,0,0,0,0
41,경기도,135,성남시분당구,107,야탑동,야탑,2814,2026,0,0,0,0,0,0,0,0
41,경기도,135,성남시분당구,112,궁내동,정자,S223,2026,0,0,0,0,0,0,0,0
41,경기도,135,성남시분당구,113,구미동,죽전,S336,2026,0,0,0,0,0,0,0,0
41,경기도,150,의정부시,105,용현동,가능(건설중),E812,2026,55,55,0,0,0,0,0,55
41,경기도,150,의정부시,109,금오동,금오,S105,2026,0,0,0,0,0,0,0,0
41,경기도,150,의정부시,110,가능동,녹양,2810,2026,0,0,0,0,0,0,0,0
41,경기도,150,의정부시,103,장암동,도봉,2090,2026,0,0,0,0,0,0,0,0
41,경기도,150,의정부시,114,고산동,용현,D488,2026,0,0,0,0,0,0,0,0
41,경기도,171,안양시만안구,103,박달동,서안양,S329,2026,0,0,0,0,0,0,0,0
41,경기도,171,안양시만안구,101,안양동,안양,2196,2026,0,0,0,0,0,0,0,0
41,경기도,173,안양시동안구,102,관양동,관양,D486,2026,0,0,240,235,230,225,235,0
41,경기도,173,안양시동안구,103,평촌동,동안양,2438,2026,0,0,0,0,0,0,0,0
41,경기도,173,안양시동안구,101,비산동,안양2C/C,D417,2026,166,166,0,0,0,450,450,166
41,경기도,173,안양시동안구,101,비산동,평촌,2589,2026,0,0,0,0,0,0,0,0
41,경기도,190,부천시,121,고강동,고강,SB07,2026,0,0,0,0,0,0,0,0
41,경기도,190,부천시,104,도당동,도당,E004,2026,0,0,0,0,0,0,0,0
41,경기도,190,부천시,107,부개동,부개,2535,2026,0,0,0,0,0,0,0,0
41,경기도,190,부천시,122,내동,부천,2176,2026,0,0,0,0,0,0,0,0
41,경기도,190,부천시,113,괴안동,역곡,SB01,2026,0,0,0,0,0,0,0,0
41,경기도,190,부천시,109,상동,원미,S318,2026,0,0,0,0,0,0,0,0
41,경기도,190,부천시,122,내동,중동,2568,2026,0,0,0,0,0,0,0,0
41,경기도,190,부천시,108,옥길동,천왕,S205,2026,0,0,0,0,0,0,0,0
41,경기도,210,광명시,103,하안동,광명,2550,2026,0,0,0,0,0,0,0,0
41,경기도,210,광명시,108,옥길동,광일(건설중),E756,2026,0,0,0,0,0,0,0,0
41,경기도,210,광명시,107,가학동,남광명1(건설중),E403,2026,0,0,0,0,0,0,0,0
41,경기도,210,광명시,107,가학동,시흥,2999,2026,7,7,0,0,0,0,0,7
41,경기도,210,광명시,101,광명동,신광명,2194,2026,0,0,0,0,0,0,0,0
41,경기도,210,광명시,108,옥길동,천왕,S205,2026,0,0,0,0,0,0,0,0
41,경기도,210,광명시,103,하안동,학온(건설중),E758,2026,0,0,0,0,0,0,0,0
41,경기도,220,평택시,106,도일동,도일(건설중),E580,2026,0,0,0,0,0,0,0,0
41,경기도,220,평택시,330,고덕면,동평택(SA),D517,2026,0,0,0,0,0,0,0,0
41,경기도,220,평택시,450,신평면,만호,S350,2026,62,58,0,0,120,120,120,62
41,경기도,220,평택시,107,가재동,방여울,D327,2026,0,0,0,0,0,0,0,0
41,경기도,220,평택시,108,장안동,북장안,E332,2026,0,0,0,0,0,0,0,0
41,경기도,220,평택시,330,고덕면,북평택(건설중),D466,2026,0,0,0,0,0,0,0,0
41,경기도,220,평택시,370,현덕면,북현덕,E579,2026,118,112,0,0,250,250,250,118
41,경기도,220,평택시,320,서탄면,서탄(건설중),E822,2026,0,0,0,0,0,0,0,0
41,경기도,220,평택시,117,합정동,소사벌,D321,2026,0,0,0,0,0,0,0,0
41,경기도,220,평택시,105,칠원동,송탄,2186,2026,0,0,0,0,0,0,0,0
41,경기도,220,평택시,320,서탄면,오산,2180,2026,0,0,0,0,0,0,0,0
41,경기도,220,평택시,256,포승읍,원정,S302,2026,11,8,0,0,125,120,170,11
41,경기도,220,평택시,259,청북읍,율북,E225,2026,0,0,0,0,0,0,0,0
41,경기도,220,평택시,310,진위면,진위,S347,2026,0,0,0,0,0,0,0,0
41,경기도,220,평택시,259,청북읍,청북,S338,2026,0,0,0,0,0,0,0,0
41,경기도,220,평택시,113,평택동,추팔,S317,2026,0,0,0,0,0,0,0,0
41,경기도,220,평택시,370,현덕면,포승,2579,2026,0,0,0,0,260,255,325,0
41,경기도,220,평택시,370,현덕면,현덕(건설중),E331,2026,0,0,0,0,0,0,0,0
41,경기도,220,평택시,256,포승읍,희곡,D472,2026,0,0,0,0,265,260,330,0
41,경기도,250,동두천시,110,하봉암동,동두천,2431,2026,0,0,0,0,0,0,0,0
41,경기도,271,안산시상록구,112,사사동,남군포,D333,2026,51,58,0,0,0,0,0,51
41,경기도,271,안산시상록구,103,사동,남안산,S325,2026,0,0,150,150,150,150,150,0
41,경기도,271,안산시상록구,110,부곡동,북안산,D331,2026,109,108,390,360,330,350,340,109
41,경기도,271,안산시상록구,102,이동,성포,S309,2026,3,3,745,710,510,705,690,3
41,경기도,271,안산시상록구,111,건건동,일동,2590,2026,0,0,0,0,0,0,0,0
41,경기도,273,안산시단원구,106,목내동,목내,K419,2026,3,2,0,0,0,0,0,3
41,경기도,273,안산시단원구,103,신길동,반월,2193,2026,0,0,280,250,240,240,225,0
41,경기도,273,안산시단원구,102,와동,북안산,D331,2026,109,108,390,360,330,350,340,109
41,경기도,273,안산시단원구,112,대부남동,사강,2817,2026,0,0,0,0,0,0,0,0
41,경기도,273,안산시단원구,104,성곡동,성곡,S345,2026,2,2,0,0,0,0,0,2
41,경기도,273,안산시단원구,101,고잔동,성포,S309,2026,3,3,745,710,510,705,690,3
41,경기도,273,안산시 단원구,104,,신시화,D453,2026,0,0,0,0,0,0,0,0
41,경기도,273,안산시단원구,107,초지동,안산,2575,2026,0,0,0,0,0,0,0,0
41,경기도,273,안산시단원구,109,선부동,원곡,S339,2026,60,55,280,250,240,240,225,60
41,경기도,285,고양시일산동구,107,풍동,고양,D543,2026,0,0,0,0,0,0,0,0
41,경기도,285,고양시일산동구,106,백석동,대곡(건설중),E813,2026,0,0,0,0,0,0,0,0
41,경기도,285,고양시일산동구,108,산황동,서일산(건설중),D476,2026,0,0,0,0,0,0,0,0
41,경기도,285,고양시일산동구,102,중산동,송포,2636,2026,0,0,0,0,0,0,0,0
41,경기도,285,고양시일산동구,112,문봉동,신덕은,S124,2026,0,0,0,0,0,0,0,0
41,경기도,285,고양시일산동구,106,백석동,일산,2567,2026,0,0,0,0,0,0,0,0
41,경기도,287,고양시일산서구,101,식사동,고양,D543,2026,0,0,0,0,0,0,0,0
41,경기도,287,고양시일산서구,106,가좌동,덕이,D289,2026,0,0,0,0,0,0,0,0
41,경기도,287,고양시일산서구,104,대화동,서일산(건설중),D476,2026,0,0,0,0,0,0,0,0
41,경기도,287,고양시일산서구,104,대화동,송포,2636,2026,0,0,0,0,0,0,0,0
41,경기도,287,고양시일산서구,101,일산동,신덕은,S124,2026,0,0,0,0,0,0,0,0
41,경기도,287,고양시일산서구,108,산황동,일산,2567,2026,0,0,0,0,0,0,0,0
41,경기도,287,고양시일산서구,108,법곳동,호수,D553,2026,0,0,0,0,0,0,0,0
41,경기도,310,구리시,103,인창동,구리(SA),2630,2026,13,13,0,0,0,0,0,13
41,경기도,310,구리시,107,토평동,미금,2771,2026,9,9,0,0,210,210,240,9
41,경기도,310,구리시,101,갈매동,별내,D546,2026,0,0,0,0,0,0,0,0
41,경기도,310,구리시,102,사노동,진건,D300,2026,0,0,0,0,0,0,25,0
41,경기도,360,남양주시,259,진건읍,남양주1(건설중),E760,2026,50,50,0,0,0,0,190,50
41,경기도,360,남양주시,330,내촌면,내촌,D283,2026,40,40,0,0,0,0,310,40
41,경기도,360,남양주시,256,화도읍,덕소,2629,2026,8,8,0,0,0,0,0,8
41,경기도,360,남양주시,256,화도읍,마석,S119,2026,0,3,0,0,0,0,0,0
41,경기도,360,남양주시,360,조안면,미금,2771,2026,9,9,0,0,210,210,240,9
41,경기도,360,남양주시,265,퇴계원읍,별내,D546,2026,0,0,0,0,0,0,0,0
41,경기도,360,남양주시,259,진건읍,왕숙(건설중),E759,2026,72,72,0,0,0,0,195,72
41,경기도,360,남양주시,108,수석동,진건,D300,2026,0,0,0,0,0,0,25,0
41,경기도,360,남양주시,253,진접읍,진접,S111,2026,0,0,0,0,0,0,0,0
41,경기도,360,남양주시,256,화도읍,평내(건설중),E572,2026,0,0,0,0,0,0,0,0
41,경기도,360,남양주시,256,화도읍,회천,E328,2026,0,55,0,0,0,0,0,0
41,경기도,370,오산시,107,금암동,금암,D461,2026,130,129,200,200,200,200,200,130
41,경기도,370,오산시,115,서랑동,남수원,2722,2026,0,0,35,35,65,40,35,0
41,경기도,370,오산시,102,부산동,동탄,D335,2026,0,0,0,0,0,0,0,0
41,경기도,370,오산시,118,능동,병점,S330,2026,0,0,0,0,0,0,0,0
41,경기도,370,오산시,138,방교동,삼미,S337,2026,0,0,0,600,600,600,600,0
41,경기도,370,오산시,107,금암동,세교,S351,2026,15,19,0,200,200,200,200,15
41,경기도,370,오산시,106,가장동,오산,2180,2026,0,0,0,0,0,0,0,0
41,경기도,370,오산시,115,서랑동,중동탄,D468,2026,0,0,0,0,0,0,0,0
41,경기도,370,오산시,124,갈곶동,진위,S347,2026,0,0,0,0,0,0,0,0
41,경기도,390,시흥시,112,과림동,과림(건설중),E757,2026,0,0,0,0,0,0,0,0
41,경기도,390,시흥시,122,물왕동,광석(건설중),D328,2026,109,109,0,0,0,370,370,109
41,경기도,390,시흥시,132,정왕동,남시화,S319,2026,0,0,0,0,0,0,0,0
41,경기도,390,시흥시,132,정왕동,남정왕,D325,2026,0,0,0,0,0,0,0,0
41,경기도,390,시흥시,109,도창동,도림,D312,2026,0,0,0,0,0,0,0,0
41,경기도,390,시흥시,132,정왕동,동시화,S340,2026,0,0,0,0,0,0,0,0
41,경기도,390,시흥시,123,산현동,배곧(건설중),E142,2026,0,0,0,0,0,0,0,0
41,경기도,390,시흥시,121,광석동,북시화,2723,2026,0,0,0,0,0,0,0,0
41,경기도,390,시흥시,110,금이동,북안산,D331,2026,109,108,390,360,330,350,340,109
41,경기도,390,시흥시,125,논곡동,서안양,S329,2026,0,0,0,0,0,0,0,0
41,경기도,390,시흥시,116,계수동,소래,2569,2026,0,0,0,0,0,0,0,0
41,경기도,390,시흥시,132,정왕동,시화,2666,2026,0,0,0,0,0,0,0,0
41,경기도,390,시흥시,112,과림동,시흥,2999,2026,7,7,0,0,0,0,0,7
41,경기도,390,시흥시,101,대야동,신광명,2194,2026,0,0,0,0,0,0,0,0
41,경기도,390,시흥시,127,거모동,원곡,S339,2026,60,55,280,250,240,240,225,60
41,경기도,390,시흥시,131,월곶동,정왕,D477,2026,0,0,0,0,0,0,0,0
41,경기도,390,시흥시,132,정왕동,중시화,S331,2026,0,0,0,0,0,0,0,0
41,경기도,410,군포시,107,속달동,남군포,D333,2026,51,58,0,0,0,0,0,51
41,경기도,410,군포시,104,산본동,산본,2665,2026,0,0,0,0,0,0,0,0
41,경기도,410,군포시,102,당정동,의왕,2637,2026,1,0,0,0,0,0,0,1
41,경기도,430,의왕시,111,초평동,남군포,D333,2026,51,58,0,0,0,0,0,51
41,경기도,430,의왕시,106,학의동,동안양,2438,2026,0,0,0,0,0,0,0,0
41,경기도,430,의왕시,110,월암동,서수원,2178,2026,0,0,75,90,80,45,30,0
41,경기도,430,의왕시,104,왕곡동,안양2C/C,D417,2026,166,166,0,0,0,450,450,166
41,경기도,430,의왕시,111,초평동,왕송(건설중),E816,2026,0,120,0,0,0,0,0,0
41,경기도,430,의왕시,102,이동,의왕,2637,2026,1,0,0,0,0,0,0,1
41,경기도,450,하남시,115,감이동,가락,S206,2026,1,1,0,0,0,0,0,1
41,경기도,450,하남시,123,초이동,강동,2654,2026,0,0,0,0,0,0,0,0
41,경기도,450,하남시,118,춘궁동,교산(건설중),E801,2026,0,0,0,0,0,0,0,0
41,경기도,450,하남시,114,감일동,동서울,2197,2026,0,0,0,0,0,0,0,0
41,경기도,450,하남시,116,학암동,상일,D301,2026,0,0,0,0,0,0,0,0
41,경기도,450,하남시,114,감일동,송파,2653,2026,0,0,0,0,0,0,0,0
41,경기도,450,하남시,118,춘궁동,신장,2647,2026,0,0,0,0,0,0,0,0
41,경기도,450,하남시,121,항동,위례,D433,2026,29,28,0,145,145,145,145,29
41,경기도,461,용인시처인구,106,고림동,고림(건설중),E576,2026,0,77,0,0,0,0,0,0
41,경기도,461,용인시처인구,360,양지면,곤지암,S226,2026,0,0,0,0,0,0,0,0
41,경기도,461,용인시처인구,259,남사읍,남사,S327,2026,0,0,0,0,0,0,0,0
41,경기도,461,용인시처인구,256,이동읍,덕성,D502,2026,0,0,0,0,0,0,0,0
41,경기도,461,용인시처인구,102,역북동,동백,S334,2026,0,0,0,0,0,0,0,0
41,경기도,461,용인시처인구,250,포곡읍,모현,S341,2026,0,0,0,0,0,0,0,0
41,경기도,461,용인시처인구,259,남사읍,북리(건설중),E820,2026,0,0,0,0,0,0,0,0
41,경기도,461,용인시처인구,340,원삼면,삼죽,S349,2026,0,0,0,0,0,0,0,0
41,경기도,461,용인시처인구,360,양지면,오천,D308,2026,0,0,0,0,0,0,0,0
41,경기도,461,용인시처인구,109,호동,용인,2050,2026,0,0,0,0,0,0,0,0
41,경기도,463,용인시기흥구,103,상갈동,기흥,S342,2026,0,0,0,0,0,0,0,0
41,경기도,463,용인시기흥구,110,서천동,농서,S348,2026,0,16,0,0,0,0,0,0
41,경기도,463,용인시기흥구,106,지곡동,동백,S334,2026,0,0,0,0,0,0,0,0
41,경기도,463,용인시기흥구,114,청덕동,마북,D323,2026,0,0,0,0,0,0,0,0
41,경기도,463,용인시기흥구,108,고매동,북동탄,D503,2026,0,0,0,0,0,0,0,0
41,경기도,463,용인시기흥구,101,신갈동,북신갈(건설중),E821,2026,0,0,0,0,0,0,0,0
41,경기도,463,용인시기흥구,104,하갈동,신갈,2802,2026,0,0,0,0,0,0,0,0
41,경기도,463,용인시기흥구,106,지곡동,신용인,2818,2026,0,0,0,0,0,0,0,0
41,경기도,463,용인시기흥구,118,보정동,죽전,S336,2026,0,0,0,0,0,0,0,0
41,경기도,463,용인시기흥구,111,영덕동,흥덕,S344,2026,5,2,0,0,0,0,0,5
41,경기도,465,용인시수지구,101,풍덕천동,수지,S303,2026,0,0,0,0,0,0,0,0
41,경기도,465,용인시수지구,105,신봉동,신봉,D320,2026,97,96,0,0,0,0,0,97
41,경기도,465,용인시수지구,102,죽전동,죽전,S336,2026,0,0,0,0,0,0,0,0
41,경기도,480,파주시,118,하지석동,금촌,2811,2026,0,0,0,0,0,0,0,0
41,경기도,480,파주시,370,적성면,남면,D288,2026,0,0,0,0,0,0,0,0
41,경기도,480,파주시,122,와동동,문발,S122,2026,0,0,0,0,0,0,0,0
41,경기도,480,파주시,410,진서면,문산,2061,2026,0,0,0,0,0,0,0,0
41,경기도,480,파주시,330,광적면,백석,S132,2026,0,0,0,0,0,0,0,0
41,경기도,480,파주시,360,파평면,선유,S130,2026,0,0,0,0,0,0,0,0
41,경기도,480,파주시,310,월롱면,신덕은,S124,2026,0,0,0,0,0,0,0,0
41,경기도,480,파주시,370,적성면,양주,2613,2026,0,0,0,0,0,0,0,0
41,경기도,480,파주시,380,군내면,용정,D474,2026,25,36,0,0,0,0,300,25
41,경기도,480,파주시,119,서패동,운정,E158,2026,0,0,0,0,0,0,0,0
41,경기도,480,파주시,119,서패동,운정#2(건설중),E811,2026,0,0,0,0,0,0,0,0
41,경기도,480,파주시,410,진서면,월롱,D484,2026,0,0,0,0,0,0,0,0
41,경기도,500,이천시,250,장호원읍,가남,S234,2026,0,0,0,0,0,0,0,0
41,경기도,500,이천시,253,부발읍,곤지암,S226,2026,0,0,0,0,0,0,0,0
41,경기도,500,이천시,253,부발읍,부발(건설중),E819,2026,0,0,0,0,0,0,0,0
41,경기도,500,이천시,350,백암면,삼죽,S349,2026,0,0,0,0,0,0,0,0
41,경기도,500,이천시,340,마장면,오천,D308,2026,0,0,0,0,0,0,0,0
41,경기도,500,이천시,114,고담동,율현,S218,2026,0,0,0,0,0,0,0,0
41,경기도,500,이천시,108,갈산동,이천,2421,2026,0,0,0,0,0,0,0,0
41,경기도,550,안성시,126,가사동,남안성,D504,2026,0,0,0,0,0,0,0,0
41,경기도,550,안성시,410,삼죽면,삼죽,S349,2026,0,0,0,0,0,0,0,0
41,경기도,550,안성시,121,계동,서운,S333,2026,0,0,0,0,0,0,0,0
41,경기도,550,안성시,250,공도읍,소사벌,D321,2026,0,0,0,0,0,0,0,0
41,경기도,550,안성시,420,고삼면,안성,2486,2026,0,0,0,0,0,0,250,0
41,경기도,550,안성시,380,원곡면,지문(건설중),E825,2026,0,0,0,0,0,0,0,0
41,경기도,550,안성시,360,양성면,추곡,E577,2026,0,0,0,0,0,0,0,0
41,경기도,570,김포시,105,감정동,걸포(건설중),E568,2026,0,0,0,0,0,0,0,0
41,경기도,570,김포시,107,풍무동,계양,S305,2026,0,0,0,0,0,0,0,0
41,경기도,570,김포시,105,감정동,김포,SB06,2026,0,0,0,0,0,0,0,0
41,경기도,570,김포시,250,통진읍,북통진(건설중),E569,2026,0,0,0,0,0,0,0,0
41,경기도,570,김포시,109,구래동,소래,2569,2026,0,0,0,0,0,0,0,0
41,경기도,570,김포시,109,구래동,신김포,D450,2026,0,0,0,0,0,0,0,0
41,경기도,570,김포시,256,양촌읍,양곡,2170,2026,0,0,0,0,0,0,0,0
41,경기도,570,김포시,340,대곶면,양촌,SB09,2026,0,0,0,0,0,0,0,0
41,경기도,570,김포시,256,양촌읍,월곶(건설중),E141,2026,0,0,0,0,0,0,0,0
41,경기도,570,김포시,103,운양동,장기,D318,2026,0,0,0,0,0,0,0,0
41,경기도,570,김포시,340,대곶면,통진,SB10,2026,0,0,0,0,0,0,0,0
41,경기도,570,김포시,256,양촌읍,학운(건설중),E515,2026,0,0,0,0,0,0,0,0
41,경기도,590,화성시,121,반정동,154kV 동수원(SA),E206,2026,0,75,0,0,0,0,0,0
41,경기도,590,화성시,400,양감면,구문천,D326,2026,0,0,0,0,0,0,0,0
41,경기도,590,화성시,122,황계동,남수원,2722,2026,0,0,35,35,65,40,35,0
41,경기도,590,화성시,262,남양읍,남양,D329,2026,0,0,0,0,0,0,0,0
41,경기도,590,화성시,262,남양읍,동송산,D516,2026,0,0,0,0,0,0,0,0
41,경기도,590,화성시,111,장지동,동탄,D335,2026,0,0,0,0,0,0,0,0
41,경기도,590,화성시,330,마도면,마도,E050,2026,0,0,0,0,0,0,0,0
41,경기도,590,화성시,259,향남읍,발안,S310,2026,0,0,0,0,0,0,0,0
41,경기도,590,화성시,128,석우동,병점,S330,2026,0,0,0,0,0,0,0,0
41,경기도,590,화성시,253,봉담읍,봉담,D334,2026,55,53,90,80,90,80,65,55
41,경기도,590,화성시,131,영천동,북동탄,D503,2026,0,0,0,0,0,0,0,0
41,경기도,590,화성시,340,송산면,사강,2817,2026,0,0,0,0,0,0,0,0
41,경기도,590,화성시,101,오산동,삼미,S337,2026,0,0,0,600,600,600,600,0
41,경기도,590,화성시,370,장안면,수촌,D332,2026,0,0,0,0,0,0,0,0
41,경기도,590,화성시,259,향남읍,양감(건설중),E329,2026,154,151,0,0,0,0,0,154
41,경기도,590,화성시,360,팔탄면,장덕,S332,2026,0,0,0,0,0,0,0,0
41,경기도,590,화성시,108,청계동,중동탄,D468,2026,0,0,0,0,0,0,0,0
41,경기도,590,화성시,410,정남면,향남,D467,2026,0,0,0,0,0,0,0,0
41,경기도,590,화성시,410,정남면,화성,2780,2026,0,0,0,0,0,0,0,0
41,경기도,610,광주시,101,경안동,곤지암,S226,2026,0,0,0,0,0,0,0,0
41,경기도,610,광주시,370,남한산성면,번천(건설중),E330,2026,0,0,0,0,0,0,0,0
41,경기도,610,광주시,259,곤지암읍,봉현(건설중),E818,2026,0,0,0,0,0,0,0,0
41,경기도,610,광주시,106,목현동,성현,2561,2026,0,0,0,0,0,0,0,0
41,경기도,610,광주시,330,도척면,오천,D308,2026,0,0,0,0,0,0,0,0
41,경기도,610,광주시,113,목동,오포,D305,2026,0,0,0,0,0,0,0,0
41,경기도,610,광주시,259,곤지암읍,초월,S202,2026,0,0,0,0,0,0,0,0
41,경기도,630,양주시,340,남면,남면,D288,2026,0,0,0,0,0,0,0,0
41,경기도,630,양주시,102,어둔동,녹양,2810,2026,0,0,0,0,0,0,0,0
41,경기도,630,양주시,117,회정동,덕계,S104,2026,0,0,0,0,0,0,0,0
41,경기도,630,양주시,310,은현면,동두천,2431,2026,0,0,0,0,0,0,0,0
41,경기도,630,양주시,101,유양동,백석,S132,2026,0,0,0,0,0,0,0,0
41,경기도,630,양주시,250,소흘읍,송우,S110,2026,0,0,0,0,0,0,0,0
41,경기도,630,양주시,340,장흥면,양주,2613,2026,0,0,0,0,0,0,0,0
41,경기도,630,양주시,112,회암동,옥정,D473,2026,10,10,0,0,0,0,280,10
41,경기도,630,양주시,310,은현면,은남(건설중),E810,2026,0,0,0,0,0,0,0,0
41,경기도,630,양주시,320,남면,평내(건설중),E572,2026,0,0,0,0,0,0,0,0
41,경기도,630,양주시,105,산북동,회천,E328,2026,0,55,0,0,0,0,0,0
41,경기도,650,포천시,330,내촌면,내촌,D283,2026,40,40,0,0,0,0,310,40
41,경기도,650,포천시,330,가산면,송우,S110,2026,0,0,0,0,0,0,0,0
41,경기도,650,포천시,350,창수면,연일(건설중),E814,2026,55,55,0,0,0,0,0,55
41,경기도,650,포천시,380,군내면,용정,D474,2026,25,36,0,0,0,0,300,25
41,경기도,650,포천시,400,관인면,운천,S108,2026,21,21,0,0,0,0,710,21
41,경기도,650,포천시,320,내촌면,진목(건설중),E809,2026,55,55,0,0,0,235,235,55
41,경기도,650,포천시,340,신북면,포천,2566,2026,0,0,0,0,0,0,410,0
41,경기도,800,연천군,340,미산면,백학,D292,2026,0,0,0,0,0,0,0,0
41,경기도,800,연천군,310,군남면,전곡,S107,2026,8,8,0,0,0,0,600,8
41,경기도,820,가평군,325,청평면,가평,2668,2026,0,47,0,0,0,0,0,0
41,경기도,820,가평군,345,조종면,내촌,D283,2026,40,40,0,0,0,0,310,40
41,경기도,820,가평군,250,가평읍,미금,2771,2026,9,9,0,0,210,210,240,9
41,경기도,820,가평군,310,설악면,서종,D290,2026,72,72,410,410,410,410,410,72
41,경기도,820,가평군,310,설악면,서홍천,D337,2026,25,24,90,235,245,310,325,25
41,경기도,830,양평군,410,개군면,곤지암,S226,2026,0,0,0,0,0,0,0,0
41,경기도,830,양평군,350,서종면,동서울,2197,2026,0,0,0,0,0,0,0,0
41,경기도,830,양평군,330,양서면,서종,D290,2026,72,72,410,410,410,410,410,72
41,경기도,830,양평군,250,양평읍,용문(SA),S101,2026,12,12,0,0,0,0,0,12
41,경기도,830,양평군,395,지평면,지제,S125,2026,65,65,0,0,120,120,625,65
43,충청북도,111,청주시상당구,101,영동,남청주,2508,2026,0,0,0,0,0,0,0,0
43,충청북도,111,청주시상당구,310,낭성면,동청주(건설중),D350,2026,0,166,0,0,0,0,0,0
43,충청북도,111,청주시상당구,105,대성동,사직,S406,2026,0,0,0,0,0,0,0,0
43,충청북도,111,청주시상당구,122,명암동,율량,D341,2026,0,0,0,0,0,0,0,0
43,충청북도,111,청주시상당구,330,가덕면,청주,2725,2026,0,0,0,0,0,0,0,0
43,충청북도,111,청주시상당구,320,미원면,초정,S429,2026,0,0,0,0,0,0,0,0
43,충청북도,112,청주시서원구,102,사창동,남청주,2508,2026,0,0,0,0,0,0,0,0
43,충청북도,112,청주시서원구,103,모충동,사직,S406,2026,0,0,0,0,0,0,0,0
43,충청북도,112,청주시서원구,109,개신동,죽림,S404,2026,0,0,0,0,0,0,0,0
43,충청북도,112,청주시서원구,106,분평동,청주,2725,2026,0,0,0,0,0,0,0,0
43,충청북도,113,청주시흥덕구,330,옥산면,국사,D348,2026,0,0,0,0,0,0,0,0
43,충청북도,113,청주시흥덕구,104,운천동,남청주,2508,2026,0,0,0,0,0,0,0,0
43,충청북도,113,청주시흥덕구,250,오송읍,북오송,D988,2026,0,0,0,0,0,0,0,0
43,충청북도,113,청주시흥덕구,114,복대동,북청주,S441,2026,0,0,0,0,0,0,0,0
43,충청북도,113,청주시흥덕구,113,가경동,서청주,4569,2026,0,0,0,0,0,0,0,0
43,충청북도,113,청주시흥덕구,320,옥산면,신진천,S422,2026,0,0,0,0,0,0,0,0
43,충청북도,113,청주시흥덕구,250,오송읍,신청주,E352,2026,0,0,0,0,0,0,0,0
43,충청북도,113,청주시흥덕구,250,오송읍,오송,S433,2026,0,0,0,0,0,0,0,0
43,충청북도,114,청주시청원구,310,북이면,남청주,2508,2026,0,0,0,0,0,0,0,0
43,충청북도,114,청주시청원구,253,오창읍,도계2S/S(건설중),E587,2026,0,0,0,0,0,0,0,0
43,충청북도,114,청주시청원구,137,오동동,북청주,S441,2026,0,0,0,0,0,0,0,0
43,충청북도,114,청주시청원구,253,오창읍,신진천,S422,2026,0,0,0,0,0,0,0,0
43,충청북도,114,청주시청원구,253,오창읍,오창,S420,2026,0,0,0,0,0,0,0,0
43,충청북도,114,청주시청원구,106,주중동,율량,D341,2026,0,0,0,0,0,0,0,0
43,충청북도,114,청주시청원구,113,외하동,초정,S429,2026,0,0,0,0,0,0,0,0
43,충청북도,130,충주시,370,앙성면,감곡,2815,2026,48,42,0,0,0,0,0,48
43,충청북도,130,충주시,390,금가면,금가(건설중),E834,2026,0,166,0,0,0,0,0,0
43,충청북도,130,충주시,400,동량면,북충주,D344,2026,45,44,675,485,405,180,330,45
43,충청북도,130,충주시,360,노은면,서충주(건설중),E585,2026,166,166,0,0,290,130,240,166
43,충청북도,130,충주시,127,문화동,신충주,D275,2026,0,0,0,0,0,0,0,0
43,충청북도,130,충주시,350,신니면,음성,2563,2026,0,0,0,0,0,0,0,0
43,충청북도,130,충주시,310,살미면,장연,2700,2026,30,25,30,30,30,30,30,30
43,충청북도,130,충주시,105,교현동,충주,2446,2026,0,0,580,560,565,255,465,0
43,충청북도,130,충주시,165,가주동,풍동,S405,2026,50,47,585,520,535,315,550,50
43,충청북도,150,제천시,420,금성면,왕암,S427,2026,8,6,390,590,775,90,0,8
43,충청북도,150,제천시,121,강제동,제천,4596,2026,14,12,165,165,180,185,210,14
43,충청북도,720,보은군,330,산외면,보은,2611,2026,71,69,0,0,0,0,0,71
43,충청북도,730,옥천군,340,청성면,옥천,2727,2026,0,0,0,0,0,0,0,0
43,충청북도,745,증평군,310,도안면,남청주,2508,2026,0,0,0,0,0,0,0,0
43,충청북도,745,증평군,250,증평읍,사리,2536,2026,0,0,0,0,0,0,0,0
43,충청북도,750,진천군,370,광혜원면,광혜원,2729,2026,0,0,0,0,0,0,0,0
43,충청북도,750,진천군,360,덕산면,덕산,D342,2026,0,0,0,0,0,0,0,0
43,충청북도,750,진천군,250,진천읍,신진천,S422,2026,0,0,0,0,0,0,0,0
43,충청북도,750,진천군,330,문백면,오창,S420,2026,0,0,0,0,0,0,0,0
43,충청북도,750,진천군,253,덕산읍,이월(건설중),E586,2026,0,0,0,0,0,0,0,0
43,충청북도,750,진천군,350,이월면,진천,2527,2026,0,0,0,0,0,0,0,0
43,충청북도,760,괴산군,340,칠성면,괴산,D347,2026,0,0,0,0,0,0,0,0
43,충청북도,760,괴산군,370,청안면,사담(건설중),E588,2026,0,0,0,0,0,0,0,0
43,충청북도,760,괴산군,390,사리면,사리,2536,2026,0,0,0,0,0,0,0,0
43,충청북도,760,괴산군,410,불정면,신충주,D275,2026,0,0,0,0,0,0,0,0
43,충청북도,760,괴산군,320,장연면,장연,2700,2026,30,25,30,30,30,30,30,30
43,충청북도,770,음성군,400,감곡면,감곡,2815,2026,48,42,0,0,0,0,0,48
43,충청북도,770,음성군,340,대소면,광혜원,2729,2026,0,0,0,0,0,0,0,0
43,충청북도,770,음성군,253,금왕읍,금왕,S403,2026,0,0,0,0,0,0,0,0
43,충청북도,770,음성군,330,맹동면,남음성,D986,2026,0,0,0,0,0,0,0,0
43,충청북도,770,음성군,330,맹동면,성본,E136,2026,0,0,95,100,200,0,0,0
43,충청북도,770,음성군,330,맹동면,신진천,S422,2026,0,0,0,0,0,0,0,0
43,충청북도,770,음성군,250,음성읍,신충주,D275,2026,0,0,0,0,0,0,0,0
43,충청북도,770,음성군,310,소이면,음성,2563,2026,0,0,0,0,0,0,0,0
44,충청남도,133,천안시서북구,250,성환읍,둔포,S506,2026,0,0,0,0,0,0,0,0
44,충청남도,133,천안시서북구,108,불당동,불당,S507,2026,0,0,0,0,0,0,0,0
44,충청남도,133,천안시서북구,109,업성동,서천안,2676,2026,0,0,0,0,0,0,0,0
44,충청남도,133,천안시서북구,310,입장면,성거,2610,2026,0,0,0,0,0,0,0,0
44,충청남도,133,천안시서북구,109,업성동,신온양,S526,2026,0,0,0,0,0,0,0,0
44,충청남도,133,천안시서북구,310,입장면,신진천,S422,2026,0,0,0,0,0,0,0,0
44,충청남도,133,천안시서북구,108,불당동,아산,2670,2026,0,0,0,0,100,0,0,0
44,충청남도,133,천안시서북구,117,쌍용동,장재,S528,2026,0,0,0,0,0,0,0,0
44,충청남도,133,천안시서북구,256,직산읍,직산(SA),E399,2026,0,0,0,0,0,0,0,0
44,충청남도,133,천안시서북구,102,성정동,천안,2724,2026,0,0,0,0,0,0,0,0
44,충청남도,133,천안시서북구,106,차암동,한샘,S527,2026,0,0,0,0,0,0,0,0
44,충청남도,180,보령시,310,고남면,관창,2822,2026,0,0,0,0,0,0,0,0
44,충청남도,180,보령시,107,내항동,대천,2238,2026,60,57,695,685,470,510,455,60
44,충청남도,180,보령시,102,죽정동,청양,2437,2026,0,0,0,0,0,0,0,0
44,충청남도,200,아산시,390,선장면,도고(건설중),E838,2026,0,0,0,0,0,0,0,0
44,충청남도,200,아산시,360,둔포면,둔포,S506,2026,0,0,0,0,0,0,0,0
44,충청남도,200,아산시,350,음봉면,북아산,E335,2026,0,0,0,0,0,0,0,0
44,충청남도,200,아산시,400,도고면,서산2S/S(건설중),E264,2026,0,0,0,0,0,0,0,0
44,충청남도,200,아산시,360,둔포면,석곡,D352,2026,0,0,0,0,0,0,0,0
44,충청남도,200,아산시,370,영인면,신온양,S526,2026,0,0,0,0,0,0,0,0
44,충청남도,200,아산시,390,선장면,신창(건설중),D991,2026,0,0,10,0,45,0,0,0
44,충청남도,200,아산시,310,송악면,아산,2670,2026,0,0,0,0,100,0,0,0
44,충청남도,200,아산시,253,배방읍,온양,2482,2026,0,0,0,0,0,0,0,0
44,충청남도,200,아산시,390,선장면,인주,2764,2026,0,0,0,0,0,0,0,0
44,충청남도,200,아산시,330,탕정면,탕정,S516,2026,0,0,0,0,0,0,0,0
44,충청남도,230,논산시,110,강산동,논산,S521,2026,11,8,625,605,525,345,355,11
44,충청남도,230,논산시,101,화지동,신계룡,S519,2026,0,0,0,0,0,0,0,0
44,충청남도,230,논산시,253,연무읍,연무(건설중),E835,2026,166,166,0,0,0,0,0,166
44,충청남도,230,논산시,400,가야곡면,은진,2200,2026,0,0,0,0,0,0,0,0
44,충청남도,270,당진시,450,신평면,당진,2229,2026,0,0,390,390,425,360,455,0
44,충청남도,270,당진시,320,석문면,석문,D521,2026,0,0,0,0,0,0,0,0
44,충청남도,270,당진시,253,송악읍,송악,2826,2026,0,0,0,0,0,0,0,0
44,충청남도,270,당진시,340,정미면,신당진,2787,2026,0,0,0,390,375,345,0,0
44,충청남도,270,당진시,390,송산면,신송산,E154,2026,137,133,140,140,160,280,285,137
44,충청남도,270,당진시,340,정미면,태안,2675,2026,0,0,345,345,495,470,515,0
44,충청남도,270,당진시,250,합덕읍,합덕,D990,2026,0,0,0,430,410,315,0,0
44,충청남도,710,금산군,250,금산읍,금산,2490,2026,87,86,0,0,0,0,0,87
44,충청남도,710,금산군,320,군북면,추부,D353,2026,47,45,0,0,0,0,0,47
44,충청남도,760,부여군,350,구룡면,부여,2439,2026,28,24,705,700,570,350,360,28
44,충청남도,760,부여군,410,임천면,옥산,2824,2026,96,94,445,485,605,450,450,96
44,충청남도,770,서천군,310,마서면,장항,2319,2026,30,23,0,0,435,420,415,30
44,충청남도,790,청양군,390,남양면,청양,2437,2026,0,0,0,0,0,0,0,0
44,충청남도,800,홍성군,340,장곡면,은하,D354,2026,0,58,0,0,0,0,0,0
44,충청남도,800,홍성군,390,구항면,태안,2675,2026,0,0,345,345,495,470,515,0
44,충청남도,800,홍성군,250,홍성읍,홍성,2489,2026,0,0,0,0,680,570,350,0
44,충청남도,825,태안군,253,안면읍,안면,S523,2026,73,71,405,405,575,545,595,73
44,충청남도,825,태안군,360,이원면,태안,2675,2026,0,0,345,345,495,470,515,0
51,강원특별자치도,110,춘천시,320,동산면,남춘천,2784,2026,5,2,0,0,0,0,0,5
51,강원특별자치도,110,춘천시,310,동면,동면(건설중),E354,2026,166,166,0,250,285,295,300,166
51,강원특별자치도,110,춘천시,310,동면,동춘천(건설중),E374,2026,130,150,0,105,105,120,135,130
51,강원특별자치도,110,춘천시,118,우두동,북춘천,S436,2026,89,88,0,120,135,135,150,89
51,강원특별자치도,110,춘천시,400,남산면,서춘천(건설중),D463,2026,166,166,0,0,0,565,475,166
51,강원특별자치도,110,춘천시,340,남면,서홍천,D337,2026,25,24,90,235,245,310,325,25
51,강원특별자치도,110,춘천시,120,후평동,춘천,4299,2026,0,0,40,50,105,105,70,0
51,강원특별자치도,150,강릉시,117,회산동,강릉,2785,2026,0,0,0,0,0,0,0,0
51,강원특별자치도,150,강릉시,128,학동,북강릉,D338,2026,0,0,0,0,0,0,0,0
51,강원특별자치도,150,강릉시,350,옥계면,북평,4363,2026,6,5,155,90,10,20,135,6
51,강원특별자치도,150,강릉시,340,강동면,영동T/P,S408,2026,0,0,0,0,0,0,0,0
51,강원특별자치도,150,강릉시,350,옥계면,옥계(건설중),E047,2026,166,166,400,400,400,400,400,166
51,강원특별자치도,150,강릉시,250,주문진읍,주문진,S423,2026,0,0,0,0,0,0,0,0
51,강원특별자치도,150,강릉시,320,왕산면,횡계,2821,2026,0,0,0,0,0,0,0,0
51,강원특별자치도,170,동해시,132,괴란동,북평,4363,2026,6,5,155,90,10,20,135,6
51,강원특별자치도,210,속초시,110,교동,속초,2447,2026,4,2,0,0,0,0,0,4
51,강원특별자치도,230,삼척시,350,가곡면,도계,S440,2026,86,0,0,0,0,0,0,86
51,강원특별자치도,230,삼척시,107,갈천동,삼척,S418,2026,90,89,355,290,285,130,215,90
51,강원특별자치도,230,삼척시,116,하사미동,태백,2510,2026,82,0,0,0,0,0,0,82
51,강원특별자치도,230,삼척시,250,도계읍,태백#2(건설중),E830,2026,166,166,0,0,0,0,0,166
51,강원특별자치도,720,홍천군,390,내면,상남,2554,2026,92,91,0,0,0,0,0,92
51,강원특별자치도,720,홍천군,310,서면,서홍천,D337,2026,25,24,90,235,245,310,325,25
51,강원특별자치도,720,홍천군,340,남면,홍천,4257,2026,28,26,0,0,0,0,0,28
51,강원특별자치도,730,횡성군,330,둔내면,둔내,D339,2026,128,127,90,270,205,165,395,128
51,강원특별자치도,730,횡성군,340,갑천면,횡성,2783,2026,37,35,0,0,0,0,0,37
51,강원특별자치도,750,영월군,310,중동면,동영월,S442,2026,139,70,275,200,30,45,205,139
51,강원특별자치도,750,영월군,250,영월읍,영월,S410,2026,113,0,0,0,0,0,0,113
51,강원특별자치도,750,영월군,355,한반도면,주천,E229,2026,166,166,60,145,110,105,215,166
51,강원특별자치도,760,평창군,380,무릉도원면,영월,S410,2026,113,0,0,0,0,0,0,113
51,강원특별자치도,760,평창군,250,정선읍,정선,S424,2026,0,0,325,150,20,35,210,0
51,강원특별자치도,760,평창군,330,대화면,주진,S434,2026,63,62,0,0,0,0,0,63
51,강원특별자치도,760,평창군,310,미탄면,주진#2(건설중),E829,2026,166,166,0,0,0,0,0,166
51,강원특별자치도,760,평창군,360,진부면,주천,E229,2026,166,166,60,145,110,105,215,166
51,강원특별자치도,760,평창군,340,봉평면,평창,2553,2026,103,103,0,0,0,0,0,103
51,강원특별자치도,760,평창군,380,대관령면,횡계,2821,2026,0,0,0,0,0,0,0,0
51,강원특별자치도,780,철원군,360,원남면,동송(건설중),D296,2026,166,166,475,545,460,570,835,166
51,강원특별자치도,780,철원군,256,갈말읍,철원,2525,2026,15,13,370,375,370,385,830,15
51,강원특별자치도,790,화천군,310,간동면,화천,S430,2026,44,43,225,250,255,255,270,44
51,강원특별자치도,790,화천군,330,상서면,화천#2(건설중),E828,2026,166,166,0,0,0,0,0,166
51,강원특별자치도,800,양구군,340,해안면,양구,S428,2026,62,61,0,0,0,0,0,62
51,강원특별자치도,810,인제군,330,기린면,인제,S421,2026,104,103,0,0,0,0,0,104
51,강원특별자치도,820,고성군,310,현내면,간성,2699,2026,116,115,0,0,0,0,0,116
51,강원특별자치도,820,고성군,330,토성면,속초,2447,2026,4,2,0,0,0,0,0,4
51,강원특별자치도,830,양양군,350,강현면,양양,S401,2026,10,20,145,140,115,110,45,10
52,전북특별자치도,111,전주시완산구,130,석구동,남전주,2491,2026,8,5,0,0,0,0,0,8
52,전북특별자치도,111,전주시완산구,125,동서학동,동전주,2767,2026,10,8,0,0,0,0,300,10
52,전북특별자치도,111,전주시완산구,101,중앙동1가,신김제,2788,2026,55,55,0,0,0,350,350,55
52,전북특별자치도,111,전주시완산구,142,효자동3가,완산,D363,2026,73,68,0,0,0,0,0,73
52,전북특별자치도,111,전주시완산구,108,중동,전주,2269,2026,0,0,400,265,390,210,400,0
52,전북특별자치도,111,전주시완산구,112,고사동,태평(SA),S503,2026,4,2,0,0,0,0,250,4
52,전북특별자치도,113,전주시덕진구,104,인후동2가,동전주,2767,2026,10,8,0,0,0,0,300,10
52,전북특별자치도,113,전주시덕진구,109,팔복동2가,북김제(건설중),E320,2026,166,166,0,320,420,270,560,166
52,전북특별자치도,113,전주시덕진구,133,팔복동4가,서곡,SC02,2026,16,13,0,0,0,0,190,16
52,전북특별자치도,113,전주시덕진구,139,여의동2가,신김제,2788,2026,55,55,0,0,0,350,350,55
52,전북특별자치도,113,전주시덕진구,109,화전동,전주,2269,2026,0,0,400,265,390,210,400,0
52,전북특별자치도,113,전주시덕진구,130,여의동,탄소(SA),E337,2026,115,115,610,245,345,190,520,115
52,전북특별자치도,113,전주시덕진구,106,덕진동2가,태평(SA),S503,2026,4,2,0,0,0,0,250,4
52,전북특별자치도,113,전주시덕진구,420,춘포면,팔봉,2609,2026,20,20,0,0,0,0,0,20
52,전북특별자치도,140,익산시,370,낭산면,낭산,D431,2026,134,133,0,0,0,0,690,134
52,전북특별자치도,140,익산시,113,남중동,영등,2825,2026,29,28,0,0,0,0,0,29
52,전북특별자치도,140,익산시,127,금강동,이리,2252,2026,49,47,0,0,0,0,0,49
52,전북특별자치도,140,익산시,400,금마면,팔봉,2609,2026,20,20,0,0,0,0,0,20
52,전북특별자치도,140,익산시,380,망성면,함열,2741,2026,77,71,0,0,0,0,0,77
52,전북특별자치도,180,정읍시,330,소성면,소성,D493,2026,130,130,580,520,570,530,350,130
52,전북특별자치도,180,정읍시,330,소성면,신김제,2788,2026,55,55,0,0,0,350,350,55
52,전북특별자치도,180,정읍시,330,북면,정공,2768,2026,20,20,0,0,0,400,400,20
52,전북특별자치도,180,정읍시,101,삼산동,정주SA,E216,2026,166,166,0,0,0,275,210,166
52,전북특별자치도,190,남원시,340,산내면,남원,2528,2026,77,66,0,0,0,0,0,77
52,전북특별자치도,190,남원시,101,동충동,신남원,2053,2026,121,120,0,0,0,0,0,121
52,전북특별자치도,210,김제시,111,갈공동,김제,2440,2026,0,0,0,0,0,510,320,0
52,전북특별자치도,210,김제시,380,공덕면,백산,D364,2026,78,77,0,0,0,400,400,78
52,전북특별자치도,210,김제시,350,백구면,북김제(건설중),E320,2026,166,166,0,320,420,270,560,166
52,전북특별자치도,210,김제시,124,신월동,신김제,2788,2026,55,55,0,0,0,350,350,55
52,전북특별자치도,210,김제시,420,금구면,정주SA,E216,2026,166,166,0,0,0,275,210,166
52,전북특별자치도,710,완주군,340,이서면,남전주,2491,2026,8,5,0,0,0,0,0,8
52,전북특별자치도,710,완주군,340,소양면,동전주,2767,2026,10,8,0,0,0,0,300,10
52,전북특별자치도,710,완주군,380,운주면,봉동,D362,2026,2,0,0,0,0,0,355,2
52,전북특별자치도,710,완주군,380,운주면,북임실,E271,2026,166,166,0,0,0,330,470,166
52,전북특별자치도,710,완주군,256,용진읍,북전주,2677,2026,13,10,0,0,0,0,400,13
52,전북특별자치도,710,완주군,320,상관면,완산,D363,2026,73,68,0,0,0,0,0,73
52,전북특별자치도,710,완주군,330,화산면,왕궁,E130,2026,66,65,0,0,0,0,520,66
52,전북특별자치도,710,완주군,320,상관면,임실,2303,2026,100,100,0,0,0,0,0,100
52,전북특별자치도,720,진안군,400,주천면,신김제,2788,2026,55,55,0,0,0,350,350,55
52,전북특별자치도,720,진안군,350,백운면,장수,D361,2026,109,108,0,0,0,0,575,109
52,전북특별자치도,720,진안군,250,진안읍,진안,SC01,2026,111,110,0,0,0,0,670,111
52,전북특별자치도,730,무주군,250,무주읍,무주,2990,2026,110,109,0,0,0,0,400,110
52,전북특별자치도,730,무주군,250,무주읍,신김제,2788,2026,55,55,0,0,0,350,350,55
52,전북특별자치도,740,장수군,360,계북면,신김제,2788,2026,55,55,0,0,0,350,350,55
52,전북특별자치도,740,장수군,250,장수읍,장수,D361,2026,109,108,0,0,0,0,575,109
52,전북특별자치도,740,장수군,310,산서면,장수#2(건설중),E591,2026,110,110,0,0,0,220,550,110
52,전북특별자치도,750,임실군,380,사매면,남원,2528,2026,77,66,0,0,0,0,0,77
52,전북특별자치도,750,임실군,360,신덕면,북임실,E271,2026,166,166,0,0,0,330,470,166
52,전북특별자치도,750,임실군,250,임실읍,신남원,2053,2026,121,120,0,0,0,0,0,121
52,전북특별자치도,750,임실군,350,삼계면,임실,2303,2026,100,100,0,0,0,0,0,100
52,전북특별자치도,750,임실군,355,오수면,장수#2(건설중),E591,2026,110,110,0,0,0,220,550,110
52,전북특별자치도,770,순창군,330,풍산면,순창,E230,2026,120,119,610,690,715,550,565,120
