지역코드,시도코드,시도명,시군구코드,시군구명,용량점수,접속점수,전력피쳐,전력피쳐_병목,용량데이터없음,차단기229kV_여유율,차단기154kV_여유율,차단기345kV_여유율
44210,44,충청남도,210,서산시,0.5518598579270854,0.9285009936805431,0.7401804258038143,0.7158229016018571,False,0.18571428571428572,0.29577464788732394,0.6923076923076923
52130,52,전북특별자치도,130,군산시,1.0,0.15969355323887385,0.579846776619437,0.3996167579555115,False,0.2420091324200913,0.07272727272727272,0.08333333333333333
44270,44,충청남도,270,당진시,0.5113562354594998,0.4149778432901766,0.4631670393748382,0.4606533487818872,False,0.14457831325301204,0.41935483870967744,0.275
51830,51,강원특별자치도,830,양양군,0.09517763729761256,0.7048698371344423,0.4000237372160274,0.2590132153014768,False,0.42857142857142855,0.16666666666666666,0.5
51810,51,강원특별자치도,810,인제군,0.07681420625038556,0.7118142305982244,0.394314218424305,0.23383208744980127,False,0.5357142857142857,0.1111111111111111,0.5
52113,52,전북특별자치도,113,전주시 덕진구,0.3909483175659506,0.3626625416458875,0.37680542960591906,0.3765399188673775,False,0.1360544217687075,0.16071428571428573,0.25
12800,12,전남광주통합특별시,800,영암군,0.5960047003919091,0.1136574503203047,0.3548310753561069,0.2602698112064892,False,0.15,0.13793103448275862,0.05
51210,51,강원특별자치도,210,속초시,0.008614677336491837,0.6865386763294345,0.34757667683296317,0.07690454587084099,False,0.2962962962962963,0.1111111111111111,0.5
41113,41,경기도,113,수원시 권선구,0.0814232939581959,0.5545525164920163,0.3179879052251061,0.21249351181997705,False,0.1619047619047619,0.11904761904761904,0.40476190476190477
51230,51,강원특별자치도,230,삼척시,0.25345674699426907,0.35335572331263454,0.3034062351534518,0.2992664233799498,False,0.28125,0.15151515151515152,0.23076923076923078
41390,41,경기도,390,시흥시,0.2583051465806684,0.3474049502449633,0.30285504841281585,0.2995604890433234,False,0.16292134831460675,0.2695035460992908,0.22857142857142856
43113,43,충청북도,113,청주시 흥덕구,0.0014357795560819727,0.5903969220837718,0.2959163508199269,0.02911494170871034,False,0.20105820105820105,0.14583333333333334,0.42857142857142855
43114,43,충청북도,114,청주시 청원구,0.0014357795560819727,0.5867444969399884,0.2940901382480352,0.02902474381196218,False,0.21212121212121213,0.08450704225352113,0.42857142857142855
43130,43,충청북도,130,충주시,0.5135202957012102,0.07245637443431903,0.2929883350677646,0.19289328351435442,False,0.3236994219653179,0.17142857142857143,0.0
43111,43,충청북도,111,청주시 상당구,0.0,0.5840014260211739,0.29200071301058694,0.0,False,0.15254237288135594,0.12962962962962962,0.42857142857142855
43112,43,충청북도,112,청주시 서원구,0.0,0.5831086018624306,0.2915543009312153,0.0,False,0.16304347826086957,0.10416666666666667,0.42857142857142855
51150,51,강원특별자치도,150,강릉시,0.22902771272570088,0.3452790870918896,0.28715339990879524,0.2812089606834632,False,0.358974358974359,0.20512820512820512,0.21428571428571427
41370,41,경기도,370,오산시,0.30007806479430976,0.2632406748526576,0.2816593698234837,0.2810564930488773,False,0.03488372093023256,0.35,0.16666666666666666
41410,41,경기도,410,군포시,0.03948393779225425,0.5235683857393316,0.2815261617657929,0.1437794894013842,False,0.16455696202531644,0.04,0.38461538461538464
41117,41,경기도,117,수원시 영통구,0.0,0.5628180712177243,0.28140903560886216,0.0,False,0.2125,0.15625,0.40476190476190477
41111,41,경기도,111,수원시 장안구,0.00789678755845085,0.5498679272697441,0.27888235741409745,0.06589529730454877,False,0.08860759493670886,0.15789473684210525,0.40476190476190477
41115,41,경기도,115,수원시 팔달구,0.0021536693341229593,0.5546809404543502,0.2784173048942366,0.034562976313955045,False,0.16666666666666666,0.11428571428571428,0.40476190476190477
12870,12,전남광주통합특별시,870,신안군,0.5107214729421574,0.04533683490758593,0.27802915392487165,0.15216601165351515,False,0.15,0.05970149253731343,0.0
36110,36,세종특별자치시,110,세종특별자치시,0.4905373860385854,0.05485932034501412,0.27269835319179975,0.16404434644905203,False,0.0684931506849315,0.2903225806451613,0.0
51110,51,강원특별자치도,110,춘천시,0.45247874517937425,0.08284729695047435,0.2676630210649243,0.19361467135951665,False,0.2920353982300885,0.34615384615384615,0.0
41480,41,경기도,480,파주시,0.0,0.5316436797319549,0.26582183986597746,0.0,False,0.23605150214592274,0.2553191489361702,0.37142857142857144
41273,41,경기도,273,안산시 단원구,0.46739847518897354,0.05915899524414708,0.2632787352165603,0.1662853696836438,False,0.17479674796747968,0.20224719101123595,0.0
43150,43,충청북도,150,제천시,0.18725488622751113,0.3345256570958803,0.2608902716616957,0.25028296757804447,False,0.24,0.10256410256410256,0.2222222222222222
41220,41,경기도,220,평택시,0.0007178897780409863,0.5122096872743814,0.2564637885262112,0.01917576852978385,False,0.12258064516129032,0.3412698412698413,0.36
41610,41,경기도,610,광주시,0.0,0.47664507437816694,0.23832253718908347,0.0,False,0.14705882352941177,0.2777777777777778,0.3333333333333333
51130,51,강원특별자치도,130,원주시,0.3976174188664206,0.07437342026669588,0.23599541956655823,0.1719655994631227,False,0.3880597014925373,0.109375,0.0
12810,12,전남광주통합특별시,810,무안군,0.42118295307754794,0.044256879524672985,0.23271991630111047,0.13652927602605616,False,0.14285714285714285,0.05555555555555555,0.0
41450,41,경기도,450,하남시,0.062477238362466256,0.3931335003708351,0.2278053693666507,0.15672235134446963,False,0.13705583756345177,0.1875,0.2727272727272727
51770,51,강원특별자치도,770,정선군,0.3827185623874475,0.07127839154955938,0.22699847696850345,0.16516526130859646,False,0.37681159420289856,0.0851063829787234,0.0
51750,51,강원특별자치도,750,영월군,0.358944934878219,0.07957494285909004,0.21925993886865452,0.16900598416178664,False,0.4642857142857143,0.07317073170731707,0.0
51760,51,강원특별자치도,760,평창군,0.3715132014477299,0.06309169447824468,0.2173024479629873,0.1530993056822099,False,0.328,0.046511627906976744,0.0
44760,44,충청남도,760,부여군,0.3513915975628593,0.08183267250818371,0.2166121350355215,0.16957391758607498,False,0.3333333333333333,0.2777777777777778,0.0
41271,41,경기도,271,안산시 상록구,0.3701607784409755,0.06168151182373581,0.21592114513235566,0.15110286705450127,False,0.25,0.13333333333333333,0.0
12330,12,전남광주통합특별시,330,광산구,0.3749362582433604,0.052980861312504846,0.21395855977793263,0.14094128528937494,False,0.15384615384615385,0.15178571428571427,0.0
11740,11,서울특별시,740,강동구,0.0,0.41294585688655455,0.20647292844327728,0.0,False,0.24096385542168675,0.3,0.2727272727272727
41550,41,경기도,550,안성시,0.0,0.41100601230367556,0.20550300615183778,0.0,False,0.11504424778761062,0.4444444444444444,0.2727272727272727
52111,52,전북특별자치도,111,전주시 완산구,0.055142293537343415,0.35557824205566285,0.20536026779650313,0.14002642535937962,False,0.11224489795918367,0.10256410256410256,0.25
41570,41,경기도,570,김포시,0.0,0.4096417500712435,0.20482087503562174,0.0,False,0.024630541871921183,0.17567567567567569,0.2962962962962963
11710,11,서울특별시,710,송파구,0.010695518602051967,0.3968040879068803,0.20374980325446615,0.06514618564105118,False,0.15671641791044777,0.2077922077922078,0.2727272727272727
44131,44,충청남도,131,천안시 동남구,0.0014357795560819727,0.3966089864266465,0.19902238299136424,0.023863006400488846,False,0.10309278350515463,0.2413793103448276,0.275
44200,44,충청남도,200,아산시,0.0,0.3965942686921423,0.19829713434607116,0.0,False,0.06611570247933884,0.24691358024691357,0.2777777777777778
51780,51,강원특별자치도,780,철원군,0.3278364542593193,0.06669331028429852,0.1972648822718089,0.1478664883143609,False,0.24,0.21052631578947367,0.0
11590,11,서울특별시,590,동작구,0.018665134229065645,0.3758074870134033,0.19723631062123445,0.08375259512034847,False,0.14583333333333334,0.3148148148148148,0.25
44133,44,충청남도,133,천안시 서북구,0.0014357795560819727,0.39237816704076994,0.19690697329842596,0.023735386040468244,False,0.09745762711864407,0.1951219512195122,0.275
12750,12,전남광주통합특별시,750,보성군,0.2955105407168486,0.09773470386357398,0.1966226222902113,0.16994597725608518,False,0.26666666666666666,0.11764705882352941,0.02857142857142857
11320,11,서울특별시,320,도봉구,0.3026687025398097,0.08134981193468055,0.19200925723724513,0.15691412310600755,False,0.39080459770114945,0.19444444444444445,0.0
41500,41,경기도,500,이천시,0.0,0.38035900661504735,0.19017950330752367,0.0,False,0.19879518072289157,0.30158730158730157,0.25
43800,43,충청북도,800,단양군,0.05748322849666711,0.31975708260765373,0.1886201555521604,0.13557532755986032,False,0.17647058823529413,0.0,0.2222222222222222
41630,41,경기도,630,양주시,0.0,0.3725802876454406,0.1862901438227203,0.0,False,0.21428571428571427,0.18181818181818182,0.25
41465,41,경기도,465,용인시 수지구,0.0,0.365697523202129,0.1828487616010645,0.0,False,0.2716049382716049,0.42857142857142855,0.224
12170,12,전남광주통합특별시,170,나주시,0.25706702355737443,0.10478315505194433,0.1809250893046594,0.16412280093927897,False,0.1553398058252427,0.017857142857142856,0.05
52210,52,전북특별자치도,210,김제시,0.18575662365272788,0.17531244030975268,0.18053453198124028,0.1804589897906448,False,0.12371134020618557,0.16666666666666666,0.1
41463,41,경기도,463,용인시 기흥구,0.0071788977804098635,0.3478739908823359,0.17752644433137288,0.04997351119350653,False,0.2564102564102564,0.2222222222222222,0.224
41250,41,경기도,250,동두천시,0.0,0.35444803236360545,0.17722401618180272,0.0,False,0.10344827586206896,0.1,0.25
30200,30,대전광역시,200,유성구,0.279123950143857,0.0706695618565314,0.1748967560001942,0.1404477385376165,False,0.21666666666666667,0.29245283018867924,0.0
41461,41,경기도,461,용인시 처인구,0.0,0.3488786099525031,0.17443930497625154,0.0,False,0.19626168224299065,0.3157894736842105,0.224
52140,52,전북특별자치도,140,익산시,0.08112154491863147,0.2630063136282298,0.17206392927343062,0.14606669190775876,False,0.21052631578947367,0.1111111111111111,0.16666666666666666
52770,52,전북특별자치도,770,순창군,0.22972482068856726,0.10028466390906467,0.16500474229881595,0.1517823324182466,False,0.42857142857142855,0.38461538461538464,0.0
41820,41,경기도,820,가평군,0.20672112921076796,0.11776022316444254,0.16224067618760524,0.15602412091938092,False,0.4895833333333333,0.525,0.0
12270,12,전남광주통합특별시,270,남구,0.2101648761061214,0.11261695161233837,0.16139091385922988,0.15384449188403257,False,0.19642857142857142,0.1,0.047619047619047616
12720,12,전남광주통합특별시,720,곡성군,0.24361442925752225,0.07684903761263154,0.1602317334350769,0.13682665835644417,False,0.38181818181818183,0.14925373134328357,0.0
12770,12,전남광주통합특별시,770,장흥군,0.1763408375620449,0.1379649642701172,0.15715290091608106,0.15597710522256164,False,0.36538461538461536,0.15789473684210525,0.05
30230,30,대전광역시,230,대덕구,0.2422930872580782,0.06619344738917274,0.15424326732362548,0.12664207327810864,False,0.21621621621621623,0.2361111111111111,0.0
41360,41,경기도,360,남양주시,0.0,0.300799210537979,0.1503996052689895,0.0,False,0.16585365853658537,0.358974358974359,0.18518518518518517
12740,12,전남광주통합특별시,740,고흥군,0.2383394063096075,0.06045054189589881,0.14939497410275315,0.12003227177123067,False,0.2631578947368421,0.1,0.0
51730,51,강원특별자치도,730,횡성군,0.1818134253272961,0.10772128414958179,0.14476735473843894,0.139947045884829,False,0.6923076923076923,0.125,0.0
52180,52,전북특별자치도,180,정읍시,0.1082037458091267,0.17411890764626126,0.141161326727694,0.13726003796997457,False,0.12195121951219512,0.15384615384615385,0.1
44180,44,충청남도,180,보령시,0.1970972498219838,0.08478193861635266,0.14093959421916824,0.1292682750556352,False,0.2702702702702703,0.4,0.0
11200,11,서울특별시,200,성동구,0.1945481757068331,0.07941210511033203,0.13698014040858258,0.12429593789925066,False,0.2845528455284553,0.3125,0.0
12830,12,전남광주통합특별시,830,영광군,0.21823849252445987,0.05196649987714927,0.13510249620080456,0.10649455664474868,False,0.11764705882352941,0.1875,0.0
11305,11,서울특별시,305,강북구,0.17714194631623603,0.08784325300288287,0.13249259965955945,0.12474263428227023,False,0.4,0.2647058823529412,0.0
12840,12,전남광주통합특별시,840,장성군,0.18114758180264331,0.08186753559024668,0.13150755869644498,0.12177892305450488,False,0.4090909090909091,0.17647058823529413,0.0
51170,51,강원특별자치도,170,동해시,0.02662435894849201,0.2354230589669785,0.13102370895773524,0.07917062603446329,False,0.041666666666666664,0.36363636363636365,0.14285714285714285
51720,51,강원특별자치도,720,홍천군,0.16448002400526185,0.0974889586980017,0.13098449135163176,0.12662932625144657,False,0.4533333333333333,0.3157894736842105,0.0
44825,44,충청남도,825,태안군,0.21349427716028857,0.046354531562252915,0.12992440436127073,0.09948078814015783,False,0.08,0.16666666666666666,0.0
11500,11,서울특별시,500,강서구,0.0064610080023688775,0.2507628444617246,0.12861192623204673,0.040251468852254134,False,0.056074766355140186,0.16279069767441862,0.16666666666666666
11140,11,서울특별시,140,중구,0.18216717476252292,0.07254528025666943,0.1273562275095962,0.1149581173589447,False,0.2152777777777778,0.3181818181818182,0.0
41196,41,경기도,196,부천시 오정구,0.0,0.2543424028191647,0.12717120140958235,0.0,False,0.05714285714285714,0.20689655172413793,0.16666666666666666
11290,11,서울특별시,290,성북구,0.17828641359806668,0.07069162319182629,0.12448901839494649,0.11226466928778896,False,0.2549019607843137,0.2413793103448276,0.0
41150,41,경기도,150,의정부시,0.0,0.23386622086087142,0.11693311043043571,0.0,False,0.189873417721519,0.20754716981132076,0.1388888888888889
12300,12,전남광주통합특별시,300,북구,0.13523380873078214,0.09812777586400366,0.1166807922973929,0.11519632317209491,False,0.18235294117647058,0.17757009345794392,0.03225806451612903
52190,52,전북특별자치도,190,남원시,0.16080731028118095,0.069473146261388,0.11514022827128448,0.1056966876825612,False,0.4230769230769231,0.0,0.0
41210,41,경기도,210,광명시,0.0,0.22850509069726055,0.11425254534863027,0.0,False,0.15217391304347827,0.20512820512820512,0.13793103448275862
41650,41,경기도,650,포천시,0.0,0.22417312395116457,0.11208656197558228,0.0,False,0.34285714285714286,0.3181818181818182,0.1111111111111111
12820,12,전남광주통합특별시,820,함평군,0.16722675465320058,0.05585880931292811,0.11154278198306435,0.0966493010848653,False,0.29411764705882354,0.0,0.0
52750,52,전북특별자치도,750,임실군,0.16080731028118095,0.057291897412765996,0.10904960384697347,0.09598414412731016,False,0.3076923076923077,0.0,0.0
12110,12,전남광주통합특별시,110,목포시,0.17069137507918028,0.046043370147299895,0.10836737261324009,0.08865216389757387,False,0.10638297872340426,0.12727272727272726,0.0
41830,41,경기도,830,양평군,0.1370025559069163,0.07859358653566999,0.10779807122129315,0.10376667207383201,False,0.31092436974789917,0.26666666666666666,0.0
11560,11,서울특별시,560,영등포구,0.0,0.21250983459088327,0.10625491729544163,0.0,False,0.08571428571428572,0.29545454545454547,0.125
44230,44,충청남도,230,논산시,0.14168447168328951,0.07073168654366652,0.10620807911347802,0.10010785003788378,False,0.14545454545454545,0.3888888888888889,0.0
12790,12,전남광주통합특별시,790,해남군,0.15865364094705797,0.05361867866877303,0.1061361598079155,0.09223230775368896,False,0.21875,0.07272727272727272,0.0
11260,11,서울특별시,260,중랑구,0.13934349086624,0.06982406550942444,0.10458377818783222,0.09863837506040045,False,0.3333333333333333,0.125,0.0
28710,28,인천광역시,710,강화군,0.0,0.20583309054265064,0.10291654527132532,0.0,False,0.21875,0.14814814814814814,0.11764705882352941
41131,41,경기도,131,성남시 수정구,0.01664673012448103,0.1879199400473746,0.10228333508592782,0.0559307833574437,False,0.12790697674418605,0.32142857142857145,0.1
11620,11,서울특별시,620,관악구,0.03445870934596735,0.16993234241279878,0.10219552587938306,0.07652221374007702,False,0.3017241379310345,0.3111111111111111,0.07142857142857142
52790,52,전북특별자치도,790,고창군,0.04809861512874609,0.15411854777122463,0.10110858144998536,0.08609813420422885,False,0.18,-0.17857142857142858,0.1
28155,28,인천광역시,155,영종구,0.0,0.19599519296581025,0.09799759648290512,0.0,False,0.08695652173913043,0.2,0.11764705882352941
41133,41,경기도,133,성남시 중원구,0.01664673012448103,0.17786462707857628,0.09725567860152866,0.054413825868693706,False,0.056451612903225805,0.2894736842105263,0.1
43730,43,충청북도,730,옥천군,0.0,0.19063331207440354,0.09531665603720177,0.0,False,0.5,0.0,0.09090909090909091
12760,12,전남광주통합특별시,760,화순군,0.07967537445496217,0.1108384501440342,0.09525691229949819,0.09397390605499795,False,0.23076923076923078,0.03125,0.047619047619047616
30170,30,대전광역시,170,서구,0.11855590588353915,0.0704891368231214,0.09452252135333028,0.09141610072090088,False,0.16339869281045752,0.3617021276595745,0.0
41310,41,경기도,310,구리시,0.0,0.18526962859509258,0.09263481429754629,0.0,False,0.07692307692307693,0.5,0.09090909090909091
52800,52,전북특별자치도,800,부안군,0.0,0.18254417270066842,0.09127208635033421,0.0,False,0.26666666666666666,0.06666666666666667,0.1
51790,51,강원특별자치도,790,화천군,0.08719763076301155,0.09430425643225901,0.09075094359763528,0.09068135272348157,False,0.5652173913043478,0.125,0.0
43740,43,충청북도,740,영동군,0.0035894488902049318,0.17158380147795127,0.0875866251840781,0.02481715708521376,False,0.2857142857142857,0.045454545454545456,0.09090909090909091
41135,41,경기도,135,성남시 분당구,0.0,0.17479378733298734,0.08739689366649367,0.0,False,0.07865168539325842,0.22058823529411764,0.1
52710,52,전북특별자치도,710,완주군,0.0,0.17411692868271897,0.08705846434135948,0.0,False,0.10810810810810811,0.1724137931034483,0.1
11230,11,서울특별시,230,동대문구,0.09323206126159075,0.07637720257692371,0.08480463191925723,0.08438485663696228,False,0.3246753246753247,0.22,0.0
41287,41,경기도,287,고양시 일산서구,0.0,0.16949907523984853,0.08474953761992426,0.0,False,0.08021390374331551,0.25,0.09375
41281,41,경기도,281,고양시 덕양구,0.0,0.16805907053247401,0.08402953526623701,0.0,False,0.13425925925925927,0.1590909090909091,0.09375
43720,43,충청북도,720,보은군,0.0,0.16227797599366417,0.08113898799683208,0.0,False,0.16666666666666666,0.08695652173913043,0.09090909090909091
51820,51,강원특별자치도,820,고성군,0.09332567114532823,0.06482234346946326,0.07907400730739575,0.07777910201011994,False,0.2962962962962963,0.1111111111111111,0.0
11470,11,서울특별시,470,양천구,0.0,0.15769164512969167,0.07884582256484583,0.0,False,0.15294117647058825,0.2682926829268293,0.07692307692307693
41285,41,경기도,285,고양시 일산동구,0.0,0.15659973312955472,0.07829986656477736,0.0,False,0.051094890510948905,0.125,0.09375
12130,12,전남광주통합특별시,130,여수시,0.11916970315480375,0.034679942736717234,0.0769248229457605,0.06428684532126448,False,0.03968253968253968,0.07228915662650602,0.0
11350,11,서울특별시,350,노원구,0.08947617441908555,0.06381741284931128,0.0766467936341984,0.07556545482612917,False,0.21621621621621623,0.20588235294117646,0.0
28290,28,인천광역시,290,검단구,0.0,0.14915183372176824,0.07457591686088412,0.0,False,0.0,0.0,0.1
12210,12,전남광주통합특별시,210,동구,0.10034852188102511,0.048317839677441,0.07433318077923305,0.06963206008811998,False,0.13636363636363635,0.11594202898550725,0.0
44150,44,충청남도,150,공주시,0.03993134296894435,0.10865273017940252,0.07429203657417344,0.06586842516187777,False,0.4090909090909091,0.5172413793103449,0.0
11545,11,서울특별시,545,금천구,0.0,0.14387595765491962,0.07193797882745981,0.0,False,0.11940298507462686,0.22448979591836735,0.07142857142857142
51800,51,강원특별자치도,800,양구군,0.045944945794623125,0.09701655031291398,0.07148074805376856,0.06676391349605085,False,0.5909090909090909,0.125,0.0
44800,44,충청남도,800,홍성군,0.07753214188615233,0.062097594431594086,0.06981486815887321,0.06938702690171338,False,0.1794871794871795,0.23333333333333334,0.0
12710,12,전남광주통합특별시,710,담양군,0.07393225623063428,0.06256440308131443,0.06824832965597435,0.06801123053970148,False,0.1590909090909091,0.26666666666666666,0.0
12240,12,전남광주통합특별시,240,서구,0.005743118224327891,0.13063181670937682,0.06818746746685235,0.027390399179652032,False,0.2601626016260163,0.24358974358974358,0.047619047619047616
41192,41,경기도,192,부천시 원미구,0.0,0.13427509170319576,0.06713754585159788,0.0,False,0.0,-0.045454545454545456,0.09090909090909091
44810,44,충청남도,810,예산군,0.07178902366182444,0.05980673285086968,0.06579787825634706,0.06552455234312934,False,0.08333333333333333,0.3333333333333333,0.0
11530,11,서울특별시,530,구로구,0.0,0.13002821501101616,0.06501410750550808,0.0,False,0.21666666666666667,0.32857142857142857,0.045454545454545456
28245,28,인천광역시,245,계양구,0.0,0.12494280698911542,0.06247140349455771,0.0,False,0.030927835051546393,0.17777777777777778,0.06666666666666667
28237,28,인천광역시,237,부평구,0.0,0.1235852014608885,0.06179260073044425,0.0,False,0.016,0.18055555555555555,0.06666666666666667
11110,11,서울특별시,110,종로구,0.05486137217067941,0.06280558822825283,0.05883348019946612,0.05869923977521872,False,0.12060301507537688,0.32142857142857145,0.0
51190,51,강원특별자치도,190,태백시,0.0638921902456478,0.05217878061210984,0.05803548542887882,0.057739211785881185,False,0.25925925925925924,0.0,0.0
41290,41,경기도,290,과천시,0.0021536693341229593,0.11362518612976988,0.05788942773194642,0.015643243875606453,False,0.0,0.0,0.07142857142857142
43770,43,충청북도,770,음성군,0.0674712482282654,0.04761786145157235,0.05754455483991888,0.05668188908371164,False,0.15568862275449102,0.08108108108108109,0.0
11680,11,서울특별시,680,강남구,0.038183423465710624,0.0732701325394251,0.05572677800256787,0.05289333132013536,False,0.288,0.22972972972972974,0.0
28275,28,인천광역시,275,서해구,0.0,0.1091090868596006,0.0545545434298003,0.0,False,0.0,0.0,0.06779661016949153
43760,43,충청북도,760,괴산군,0.027779217137909977,0.08126243841130197,0.05452082777460597,0.04751217656331473,False,0.38202247191011235,0.20512820512820512,0.0
41430,41,경기도,430,의왕시,0.05821150918229541,0.040791240893312306,0.04950137503780386,0.04872904363742708,False,0.12037037037037036,0.041666666666666664,0.0
12150,12,전남광주통합특별시,150,순천시,0.0,0.098440528196238,0.049220264098119,0.0,False,0.1111111111111111,0.15476190476190477,0.04
41800,41,경기도,800,연천군,0.0,0.09772353568782946,0.04886176784391473,0.0,False,0.39285714285714285,0.4,0.0
44790,44,충청남도,790,청양군,0.0,0.08963854602355764,0.04481927301177882,0.0,False,0.45454545454545453,0.21428571428571427,0.0
30110,30,대전광역시,110,동구,0.0,0.08765495692608456,0.04382747846304228,0.0,False,0.43243243243243246,0.21875,0.0
11215,11,서울특별시,215,광진구,0.013639905782778742,0.07396286943759649,0.04380138761018761,0.03176234516771048,False,0.297029702970297,0.22641509433962265,0.0
11170,11,서울특별시,170,용산구,0.015283778636961889,0.07124715677571522,0.04326546770633855,0.03299887532436448,False,0.20588235294117646,0.3142857142857143,0.0
11650,11,서울특별시,650,서초구,0.026561921787516495,0.05839764893502875,0.04247978536127262,0.03938468971043291,False,0.15358361774744028,0.22105263157894736,0.0
41173,41,경기도,173,안양시 동안구,0.048899769740663034,0.03469379781659378,0.0417967837786284,0.04118881795658323,False,0.03636363636363636,0.07692307692307693,0.0
12730,12,전남광주통합특별시,730,구례군,0.0,0.08242566884358213,0.041212834421791064,0.0,False,0.23076923076923078,0.4230769230769231,0.0
12860,12,전남광주통합특별시,860,진도군,0.02010091378514762,0.06158918728930601,0.04084505053722681,0.03518520916236892,False,0.23809523809523808,0.14814814814814814,0.0
44250,44,충청남도,250,계룡시,0.0,0.08168978741967775,0.040844893709838875,0.0,False,0.22857142857142856,0.4166666666666667,0.0
30140,30,대전광역시,140,중구,0.0,0.07809530675395789,0.03904765337697894,0.0,False,0.3,0.275,0.0
12850,12,전남광주통합특별시,850,완도군,0.0315871502338034,0.04578592819417409,0.03868653921398875,0.038029554197538416,False,0.1111111111111111,0.11764705882352941,0.0
11440,11,서울특별시,440,마포구,0.016542683475430444,0.05700580729980975,0.0367742453876201,0.030708777677109438,False,0.1696113074204947,0.18181818181818182,0.0
52720,52,전북특별자치도,720,진안군,0.0,0.07347283298006137,0.036736416490030684,0.0,False,0.30303030303030304,0.21212121212121213,0.0
11380,11,서울특별시,380,은평구,0.0,0.06662888787041757,0.033314443935208785,0.0,False,0.21,0.25,0.0
52740,52,전북특별자치도,740,장수군,0.0,0.06511343572702759,0.032556717863513794,0.0,False,0.24390243902439024,0.18518518518518517,0.0
12780,12,전남광주통합특별시,780,강진군,0.0,0.06265901944739066,0.03132950972369533,0.0,False,0.25925925925925924,0.13333333333333333,0.0
41171,41,경기도,171,안양시 만안구,0.0021536693341229593,0.05970911426519761,0.030931391799660285,0.011339915712235245,False,0.1568627450980392,0.23333333333333334,0.0
44770,44,충청남도,770,서천군,0.0,0.06172154552029088,0.03086077276014544,0.0,False,0.23684210526315788,0.15151515151515152,0.0
44710,44,충청남도,710,금산군,0.0,0.060630123229224474,0.030315061614612237,0.0,False,0.24324324324324326,0.12903225806451613,0.0
52730,52,전북특별자치도,730,무주군,0.0,0.05820090612867414,0.02910045306433707,0.0,False,0.26666666666666666,0.06666666666666667,0.0
11410,11,서울특별시,410,서대문구,0.0,0.056344471899901064,0.028172235949950532,0.0,False,0.11258278145695365,0.25,0.0
43750,43,충청북도,750,진천군,0.0014357795560819727,0.05178440976463619,0.02661009466035908,0.008622702410719989,False,0.11504424778761062,0.18867924528301888,0.0
41670,41,경기도,670,여주시,0.0,0.05201024898101762,0.02600512449050881,0.0,False,0.10091743119266056,0.21052631578947367,0.0
43745,43,충청북도,745,증평군,0.0,0.05078635726777048,0.02539317863388524,0.0,False,0.15,0.12903225806451613,0.0
12190,12,전남광주통합특별시,190,광양시,0.0,0.05052047694212819,0.025260238471064095,0.0,False,0.1267605633802817,0.1568627450980392,0.0
28200,28,인천광역시,200,남동구,0.0,0.04716500923428274,0.02358250461714137,0.0,False,0.03879310344827586,0.23232323232323232,0.0
28177,28,인천광역시,177,미추홀구,0.0,0.03502344435781582,0.01751172217890791,0.0,False,-0.015625,0.1509433962264151,0.0
41597,41,경기도,597,화성시 동탄구,0.0,0.03262862813901279,0.016314314069506394,0.0,False,0.07407407407407407,0.0,0.0
28125,28,인천광역시,125,제물포구,0.0,0.024808567149773968,0.012404283574886984,0.0,False,0.0,0.0,0.0
41591,41,경기도,591,화성시 만세구,0.0,0.024808567149773968,0.012404283574886984,0.0,False,0.0,0.0,0.0
41595,41,경기도,595,화성시 병점구,0.0,0.024808567149773968,0.012404283574886984,0.0,False,0.0,0.0,0.0
41194,41,경기도,194,부천시 소사구,0.0,0.024808567149773968,0.012404283574886984,0.0,False,0.0,0.0,0.0
28720,28,인천광역시,720,옹진군,0.0,0.024808567149773968,0.012404283574886984,0.0,False,0.0,0.0,0.0
41593,41,경기도,593,화성시 효행구,0.0,0.024808567149773968,0.012404283574886984,0.0,False,0.0,0.0,0.0
28185,28,인천광역시,185,연수구,0.0,0.01657157580809093,0.008285787904045465,0.0,False,-0.10204081632653061,0.03225806451612903,0.0
26110,26,부산광역시,110,중구,,0.04251126687293784,,,True,0.1,0.09090909090909091,0.0
26140,26,부산광역시,140,서구,,0.04022121773656528,,,True,0.10344827586206896,0.05714285714285714,0.0
26170,26,부산광역시,170,동구,,0.17240945071833352,,,True,0.14432989690721648,0.10204081632653061,0.1
26200,26,부산광역시,200,영도구,,0.04434290589027603,,,True,0.10526315789473684,0.10714285714285714,0.0
26230,26,부산광역시,230,부산진구,,0.17850726594813812,,,True,0.1320754716981132,0.19607843137254902,0.1
26260,26,부산광역시,260,동래구,,0.2199815192921004,,,True,0.10204081632653061,0.2826086956521739,0.13043478260869565
26290,26,부산광역시,290,남구,,0.4838582844806843,,,True,0.2153846153846154,0.2777777777777778,0.3333333333333333
26320,26,부산광역시,320,북구,,0.22184445641299338,,,True,0.1506849315068493,0.1951219512195122,0.13333333333333333
26350,26,부산광역시,350,해운대구,,0.2943713663506633,,,True,0.15337423312883436,0.3472222222222222,0.18181818181818182
26380,26,부산광역시,380,사하구,,0.04526498826033648,,,True,0.09900990099009901,0.12727272727272726,0.0
26410,26,부산광역시,410,금정구,,0.21301995986693636,,,True,0.16161616161616163,0.2,0.125
26440,26,부산광역시,440,강서구,,0.277245655482976,,,True,0.19791666666666666,0.12087912087912088,0.17857142857142858
26470,26,부산광역시,470,연제구,,0.2967101091553874,,,True,0.13157894736842105,0.40625,0.18181818181818182
26500,26,부산광역시,500,수영구,,0.2741822588835567,,,True,0.13793103448275862,0.1111111111111111,0.18181818181818182
26530,26,부산광역시,530,사상구,,0.16588057569504322,,,True,0.043478260869565216,0.2982456140350877,0.09090909090909091
26710,26,부산광역시,710,기장군,,0.23937740851973116,,,True,0.39473684210526316,0.2222222222222222,0.125
27110,27,대구광역시,110,중구,,0.066333961176565,,,True,0.14516129032258066,0.3333333333333333,0.0
27140,27,대구광역시,140,동구,,0.43268790114056205,,,True,0.21511627906976744,0.3804347826086957,0.2857142857142857
27170,27,대구광역시,170,서구,,0.07098009621674072,,,True,0.13953488372093023,0.4,0.0
27200,27,대구광역시,200,남구,,0.08704077380074429,,,True,0.2916666666666667,0.4,0.0
27230,27,대구광역시,230,북구,,0.06571800345352027,,,True,0.16296296296296298,0.30158730158730157,0.0
27260,27,대구광역시,260,수성구,,0.06114615659432549,,,True,0.14736842105263157,0.26436781609195403,0.0
27290,27,대구광역시,290,달서구,,0.25282760993258113,,,True,0.13068181818181818,0.2916666666666667,0.15384615384615385
27710,27,대구광역시,710,달성군,,0.23878876921313585,,,True,0.1650485436893204,0.24074074074074073,0.14285714285714285
27720,27,대구광역시,720,군위군,,0.7893195462349183,,,True,0.4074074074074074,0.13953488372093023,0.5714285714285714
31110,31,울산광역시,110,중구,,0.5547522823394647,,,True,0.13333333333333333,0.23529411764705882,0.4
31140,31,울산광역시,140,남구,,0.31590676723493477,,,True,0.00909090909090909,0.17582417582417584,0.2222222222222222
31170,31,울산광역시,170,동구,,0.09237250512328199,,,True,0.2777777777777778,0.4864864864864865,0.0
31200,31,울산광역시,200,북구,,0.08622222728676093,,,True,0.23809523809523808,0.46153846153846156,0.0
31710,31,울산광역시,710,울주군,,0.4166167328544785,,,True,0.10759493670886076,0.21014492753623187,0.2926829268292683
47111,47,경상북도,111,포항시 남구,,0.6796196593820143,,,True,0.13829787234042554,0.23529411764705882,0.5
47113,47,경상북도,113,포항시 북구,,0.04437651538146796,,,True,0.11235955056179775,0.09803921568627451,0.0
47130,47,경상북도,130,경주시,,0.22592981802224832,,,True,0.21637426900584794,0.29069767441860467,0.125
47150,47,경상북도,150,김천시,,0.06206070705462484,,,True,0.08695652173913043,0.35714285714285715,0.0
47170,47,경상북도,170,안동시,,0.4789197915041864,,,True,0.2727272727272727,0.13793103448275862,0.3333333333333333
47190,47,경상북도,190,구미시,,0.4335841855793359,,,True,0.175,0.09803921568627451,0.3076923076923077
47210,47,경상북도,210,영주시,,0.4712109095685596,,,True,0.14285714285714285,0.21428571428571427,0.3333333333333333
47230,47,경상북도,230,영천시,,0.4311936855889493,,,True,0.24444444444444444,0.3220338983050847,0.2857142857142857
47250,47,경상북도,250,상주시,,0.6310001539532893,,,True,0.3132530120481928,0.2,0.4482758620689655
47280,47,경상북도,280,문경시,,0.5026928054221441,,,True,0.48148148148148145,0.16,0.3333333333333333
47290,47,경상북도,290,경산시,,0.41297393378147307,,,True,0.16981132075471697,0.19047619047619047,0.2857142857142857
47730,47,경상북도,730,의성군,,0.7957876815867059,,,True,0.39622641509433965,0.23684210526315788,0.5714285714285714
47750,47,경상북도,750,청송군,,0.43928612238975484,,,True,0.0,0.0,0.3333333333333333
47760,47,경상북도,760,영양군,,0.4772916187974555,,,True,0.36,0.0,0.3333333333333333
47770,47,경상북도,770,영덕군,,0.6855583795447878,,,True,0.3076923076923077,0.08333333333333333,0.5
47820,47,경상북도,820,청도군,,0.09069974647529533,,,True,0.2857142857142857,0.45454545454545453,0.0
47830,47,경상북도,830,고령군,,0.36328239587264977,,,True,0.11267605633802817,0.2,0.25
47840,47,경상북도,840,성주군,,0.0723218059101208,,,True,0.21739130434782608,0.3125,0.0
47850,47,경상북도,850,칠곡군,,0.051879189264890525,,,True,0.11594202898550725,0.18867924528301888,0.0
47900,47,경상북도,900,예천군,,0.5021734671289193,,,True,0.2978723404255319,0.4,0.3333333333333333
47920,47,경상북도,920,봉화군,,0.4919562688168295,,,True,0.35,0.2,0.3333333333333333
47930,47,경상북도,930,울진군,,0.4678685919405207,,,True,0.0,0.36363636363636365,0.3333333333333333
47940,47,경상북도,940,울릉군,,0.024808567149773968,,,True,0.0,0.0,0.0
48121,48,경상남도,121,창원시 의창구,,0.1519154420342952,,,True,0.17880794701986755,0.32231404958677684,0.06666666666666667
48123,48,경상남도,123,창원시 성산구,,0.1320936172094732,,,True,0.17518248175182483,0.297029702970297,0.05263157894736842
48125,48,경상남도,125,창원시 마산합포구,,0.13215723959955095,,,True,0.02857142857142857,0.2727272727272727,0.06666666666666667
48127,48,경상남도,127,창원시 마산회원구,,0.16645382091717648,,,True,0.25316455696202533,0.4074074074074074,0.06666666666666667
48129,48,경상남도,129,창원시 진해구,,0.2527528507555653,,,True,0.2111111111111111,0.11864406779661017,0.15789473684210525
48170,48,경상남도,170,진주시,,0.07452056532238963,,,True,0.16666666666666666,0.40860215053763443,0.0
48220,48,경상남도,220,통영시,,0.07276001520686352,,,True,0.18181818181818182,0.36585365853658536,0.0
48240,48,경상남도,240,사천시,,0.14706144971610538,,,True,0.2028985507246377,0.29411764705882354,0.0625
48250,48,경상남도,250,김해시,,0.2983995593636489,,,True,0.19047619047619047,0.4,0.17857142857142858
48270,48,경상남도,270,밀양시,,0.07698120252106025,,,True,0.2708333333333333,0.3,0.0
48310,48,경상남도,310,거제시,,0.06342926110323767,,,True,0.11764705882352941,0.3333333333333333,0.0
48330,48,경상남도,330,양산시,,0.22212973652484325,,,True,0.0859375,0.2857142857142857,0.13333333333333333
48720,48,경상남도,720,의령군,,0.07373300700757181,,,True,0.125,0.45454545454545453,0.0
48730,48,경상남도,730,함안군,,0.05802457763293521,,,True,0.10869565217391304,0.2765957446808511,0.0
48740,48,경상남도,740,창녕군,,0.05114731636092707,,,True,0.08196721311475409,0.225,0.0
48820,48,경상남도,820,고성군,,0.15333274188925972,,,True,0.14285714285714285,0.45454545454545453,0.0625
48840,48,경상남도,840,남해군,,0.07325105769903206,,,True,0.2727272727272727,0.25,0.0
48850,48,경상남도,850,하동군,,0.06065458567606475,,,True,0.225,0.15384615384615385,0.0
48860,48,경상남도,860,산청군,,0.09961220039579609,,,True,0.3611111111111111,0.4666666666666667,0.0
48870,48,경상남도,870,함양군,,0.07373300700757181,,,True,0.125,0.45454545454545453,0.0
48880,48,경상남도,880,거창군,,0.06903017617002284,,,True,0.07142857142857142,0.4666666666666667,0.0
48890,48,경상남도,890,합천군,,0.08872055917132157,,,True,0.2727272727272727,0.44680851063829785,0.0
50110,50,제주특별자치도,110,제주시,,0.05700010454477631,,,True,0.224,0.10869565217391304,0.0
50130,50,제주특별자치도,130,서귀포시,,0.05026633555553348,,,True,0.20125786163522014,0.05357142857142857,0.0
