시도코드,시도,시군구코드,시군구,읍면동코드,변전소,변전소코드,차단기_22.9kV_전체대수,차단기_22.9kV_사용중,차단기_22.9kV_사용예정,차단기_22.9kV_여유대수,차단기_154kV_전체대수,차단기_154kV_사용중,차단기_154kV_사용예정,차단기_154kV_여유대수
51,강원특별자치도,150,강릉시,136,북강릉,D338,26,10,1,15,8,4,1,3
51,강원특별자치도,150,강릉시,350,북평,4363,24,15,8,1,11,7,0,4
51,강원특별자치도,150,강릉시,340,영동T/P,S408,11,9,0,2,4,4,0,0
51,강원특별자치도,150,강릉시,360,주문진,S423,28,11,0,17,8,5,3,0
51,강원특별자치도,150,강릉시,320,횡계,2821,28,16,5,7,8,6,1,1
51,강원특별자치도,820,고성군,330,속초,2447,27,18,1,8,8,4,4,0
51,강원특별자치도,820,고성군,250,신양양,D440,0,0,0,0,10,8,0,2
51,강원특별자치도,170,동해시,132,북평,4363,24,15,8,1,11,7,0,4
51,강원특별자치도,230,삼척시,350,도계,S440,13,10,2,1,11,8,3,0
51,강원특별자치도,230,삼척시,107,삼척,S418,24,12,2,10,11,4,2,5
51,강원특별자치도,230,삼척시,116,태백,2510,27,14,6,7,11,9,2,0
51,강원특별자치도,210,속초시,110,속초,2447,27,18,1,8,8,4,4,0
51,강원특별자치도,210,속초시,101,신양양,D440,0,0,0,0,10,8,0,2
51,강원특별자치도,800,양구군,250,신양양,D440,0,0,0,0,10,8,0,2
51,강원특별자치도,800,양구군,340,양구,S428,22,9,0,13,6,4,2,0
51,강원특별자치도,830,양양군,250,신양양,D440,0,0,0,0,10,8,0,2
51,강원특별자치도,830,양양군,350,양양,S401,28,14,2,12,8,4,3,1
51,강원특별자치도,750,영월군,253,동영월,S442,28,7,6,15,10,2,5,3
51,강원특별자치도,750,영월군,250,신제천,2507,0,0,0,0,20,18,2,0
51,강원특별자치도,750,영월군,340,영월,S410,28,14,3,11,11,9,2,0
51,강원특별자치도,130,원주시,105,남원주,2820,28,24,0,4,7,6,1,0
51,강원특별자치도,130,원주시,117,동원주,D345,28,11,0,17,8,2,4,2
51,강원특별자치도,130,원주시,250,문막,2667,24,13,0,11,11,9,0,2
51,강원특별자치도,130,원주시,118,북원주,S435,28,20,3,5,10,6,3,1
51,강원특별자치도,130,원주시,330,서원주,D464,26,11,0,15,8,4,2,2
51,강원특별자치도,130,원주시,101,신제천,2507,0,0,0,0,20,18,2,0
51,강원특별자치도,810,인제군,250,신양양,D440,0,0,0,0,10,8,0,2
51,강원특별자치도,810,인제군,330,인제,S421,28,13,0,15,8,8,0,0
51,강원특별자치도,770,정선군,253,고한,S432,25,9,5,11,6,0,4,0
51,강원특별자치도,770,정선군,310,동영월,S442,28,7,6,15,10,2,5,3
51,강원특별자치도,770,정선군,250,신제천,2507,0,0,0,0,20,18,2,0
51,강원특별자치도,770,정선군,370,정선,S424,16,11,5,0,11,7,3,1
51,강원특별자치도,780,철원군,250,신양양,D440,0,0,0,0,10,8,0,2
51,강원특별자치도,780,철원군,256,철원,2525,25,19,0,6,9,7,0,2
51,강원특별자치도,110,춘천시,390,남춘천,2784,29,26,0,3,8,6,2,0
51,강원특별자치도,110,춘천시,380,북춘천,S436,30,17,2,11,12,4,4,4
51,강원특별자치도,110,춘천시,340,서홍천,D337,26,9,0,17,12,2,2,8
51,강원특별자치도,110,춘천시,101,신양양,D440,0,0,0,0,10,8,0,2
51,강원특별자치도,110,춘천시,110,춘천,4299,28,26,0,2,10,4,2,4
51,강원특별자치도,190,태백시,103,태백,2510,27,14,6,7,11,9,2,0
51,강원특별자치도,760,평창군,380,영월,S410,28,14,3,11,11,9,2,0
51,강원특별자치도,760,평창군,250,정선,S424,16,11,5,0,11,7,3,1
51,강원특별자치도,760,평창군,330,주진,S434,26,10,0,16,6,6,0,0
51,강원특별자치도,760,평창군,340,평창,2553,27,16,4,7,7,7,0,0
51,강원특별자치도,760,평창군,380,횡계,2821,28,16,5,7,8,6,1,1
51,강원특별자치도,720,홍천군,390,상남,2554,23,10,2,11,8,6,0,2
51,강원특별자치도,720,홍천군,310,서홍천,D337,26,9,0,17,12,2,2,8
51,강원특별자치도,720,홍천군,250,신양양,D440,0,0,0,0,10,8,0,2
51,강원특별자치도,720,홍천군,340,홍천,4257,26,20,0,6,8,8,0,0
51,강원특별자치도,790,화천군,250,신양양,D440,0,0,0,0,10,8,0,2
51,강원특별자치도,790,화천군,310,화천,S430,23,10,0,13,6,4,2,0
51,강원특별자치도,730,횡성군,330,둔내,D339,26,7,1,18,12,4,4,4
51,강원특별자치도,730,횡성군,250,신제천,2507,0,0,0,0,20,18,2,0
41,경기도,820,가평군,250,가평,2668,21,13,0,8,8,5,2,1
41,경기도,820,가평군,330,내촌,D283,28,16,0,12,12,4,0,8
41,경기도,820,가평군,310,서종,D290,21,11,0,10,8,4,0,4
41,경기도,820,가평군,310,서홍천,D337,26,9,0,17,12,2,2,8
41,경기도,281,고양시덕양구,118,고양,D543,26,18,6,2,8,4,4,0
41,경기도,281,고양시덕양구,124,능곡,S103,30,23,0,7,8,6,2,0
41,경기도,281,고양시덕양구,101,신덕은,S124,25,22,0,3,16,10,0,6
41,경기도,281,고양시덕양구,132,신파주,S136,23,23,0,0,16,6,8,2
41,경기도,281,고양시덕양구,115,원흥,D294,25,15,1,9,8,6,2,0
41,경기도,281,고양시덕양구,116,일산,2567,33,33,0,0,16,16,0,0
41,경기도,281,고양시덕양구,106,지도,2635,28,26,0,2,8,4,0,4
41,경기도,281,고양시덕양구,116,지축,E382,26,17,3,6,8,6,0,2
41,경기도,285,고양시일산동구,112,고양,D543,26,18,6,2,8,4,4,0
41,경기도,285,고양시일산동구,111,송포,2636,30,28,0,2,8,4,4,0
41,경기도,285,고양시일산동구,101,신덕은,S124,25,22,0,3,16,10,0,6
41,경기도,285,고양시일산동구,102,신파주,S136,23,23,0,0,16,6,8,2
41,경기도,285,고양시일산동구,106,일산,2567,33,33,0,0,16,16,0,0
41,경기도,287,고양시일산서구,101,고양,D543,26,18,6,2,8,4,4,0
41,경기도,287,고양시일산서구,106,덕이,D289,24,13,3,8,12,4,0,8
41,경기도,287,고양시일산서구,104,송포,2636,30,28,0,2,8,4,4,0
41,경기도,287,고양시일산서구,101,신덕은,S124,25,22,0,3,16,10,0,6
41,경기도,287,고양시일산서구,103,신파주,S136,23,23,0,0,16,6,8,2
41,경기도,287,고양시일산서구,108,일산,2567,33,33,0,0,16,16,0,0
41,경기도,287,고양시일산서구,108,호수,D553,26,20,6,0,12,6,0,6
41,경기도,290,과천시,103,과천,2190,29,27,2,0,8,6,2,0
41,경기도,210,광명시,101,광명,2550,26,24,2,0,6,5,0,1
41,경기도,210,광명시,105,시흥,2999,27,23,1,3,5,5,0,0
41,경기도,210,광명시,101,신광명,2194,10,10,0,0,19,12,0,7
41,경기도,210,광명시,108,천왕,S205,29,14,4,11,9,9,0,0
41,경기도,610,광주시,101,곤지암,S226,22,22,0,0,12,10,0,2
41,경기도,610,광주시,106,성현,2561,32,32,0,0,15,13,0,2
41,경기도,610,광주시,330,오천,D308,26,10,0,16,8,4,2,2
41,경기도,610,광주시,113,오포,D305,26,16,10,0,12,4,0,8
41,경기도,610,광주시,259,초월,S202,30,26,0,4,7,4,2,1
41,경기도,310,구리시,101,별내,D546,28,24,0,4,12,6,0,6
41,경기도,310,구리시,102,진건,D300,24,20,4,0,8,4,0,4
41,경기도,410,군포시,111,남군포,D333,26,8,5,13,10,9,1,0
41,경기도,410,군포시,105,산본,2665,26,24,2,0,8,6,2,0
41,경기도,410,군포시,101,서서울,2192,0,0,0,0,11,10,1,0
41,경기도,410,군포시,106,서서울#2,D280,0,0,0,0,10,6,4,0
41,경기도,410,군포시,102,의왕,2637,27,27,0,0,11,9,0,2
41,경기도,570,김포시,107,계양,S305,28,26,1,1,8,6,0,2
41,경기도,570,김포시,105,김포,SB06,24,23,0,1,8,4,3,1
41,경기도,570,김포시,109,소래,2569,21,21,0,0,8,4,0,4
41,경기도,570,김포시,109,신김포,D450,24,24,0,0,16,8,5,3
41,경기도,570,김포시,256,양곡,2170,28,23,2,3,7,6,1,0
41,경기도,570,김포시,340,양촌,SB09,26,26,0,0,9,8,0,1
41,경기도,570,김포시,103,장기,D318,27,27,0,0,6,4,2,0
41,경기도,570,김포시,340,통진,SB10,25,25,0,0,12,3,7,2
41,경기도,360,남양주시,330,내촌,D283,28,16,0,12,12,4,0,8
41,경기도,360,남양주시,250,덕소(SA),E381,28,17,0,11,10,10,0,0
41,경기도,360,남양주시,340,마석,S119,25,23,1,1,8,6,2,0
41,경기도,360,남양주시,106,미금(SA),E378,24,22,1,1,12,7,0,5
41,경기도,360,남양주시,111,별내,D546,28,24,0,4,12,6,0,6
41,경기도,360,남양주시,250,양정,2696,21,21,0,0,8,6,1,1
41,경기도,360,남양주시,112,진건,D300,24,20,4,0,8,4,0,4
41,경기도,360,남양주시,262,진접,S111,27,22,0,5,8,2,2,4
41,경기도,250,동두천시,105,동두천,2431,29,26,0,3,8,4,2,2
41,경기도,250,동두천시,101,신포천,D272,0,0,0,0,12,10,2,0
41,경기도,190,부천시,121,고강,SB07,21,16,0,5,8,5,3,0
41,경기도,190,부천시,104,도당,E004,14,11,3,0,8,5,3,0
41,경기도,190,부천시,107,부개,2535,23,23,0,0,8,6,0,2
41,경기도,190,부천시,122,부천,2176,28,28,0,0,11,11,1,-1
41,경기도,190,부천시,113,역곡,SB01,28,23,0,5,8,2,5,1
41,경기도,190,부천시,109,원미,S318,23,23,0,0,8,5,3,0
41,경기도,190,부천시,122,중동,2568,32,32,0,0,14,14,0,0
41,경기도,190,부천시,108,천왕,S205,29,14,4,11,9,9,0,0
41,경기도,194,부천시소사구,101,갈산,D278,8,8,0,0,11,7,4,0
41,경기도,196,부천시오정구,102,갈산,D278,8,8,0,0,11,7,4,0
41,경기도,196,부천시오정구,101,신부평,S321,27,25,0,2,18,10,2,6
41,경기도,192,부천시원미구,101,갈산,D278,8,8,0,0,11,7,4,0
41,경기도,192,부천시원미구,104,부천,2176,28,28,0,0,11,11,1,-1
41,경기도,135,성남시분당구,110,동판교,S231,30,21,5,4,12,9,0,3
41,경기도,135,성남시분당구,101,분당,2562,34,34,0,0,14,14,-6,6
41,경기도,135,성남시분당구,122,서판교,S232,26,16,0,10,8,6,1,1
41,경기도,135,성남시분당구,117,신성남,2750,0,0,0,0,11,11,0,0
41,경기도,135,성남시분당구,107,야탑,2814,36,36,0,0,7,4,0,3
41,경기도,135,성남시분당구,112,정자,S223,26,24,2,0,8,7,1,0
41,경기도,135,성남시분당구,113,죽전,S336,26,25,1,0,8,4,2,2
41,경기도,131,성남시수정구,116,동판교,S231,30,21,5,4,12,9,0,3
41,경기도,131,성남시수정구,107,산성,2155,30,30,0,0,8,6,0,2
41,경기도,131,성남시수정구,112,중원,S220,26,19,0,7,8,4,0,4
41,경기도,133,성남시중원구,104,산성,2155,30,30,0,0,8,6,0,2
41,경기도,133,성남시중원구,103,성현,2561,32,32,0,0,15,13,0,2
41,경기도,133,성남시중원구,107,야탑,2814,36,36,0,0,7,4,0,3
41,경기도,133,성남시중원구,108,중원,S220,26,19,0,7,8,4,0,4
41,경기도,113,수원시권선구,136,154kV 동수원(SA),E206,26,20,0,6,8,8,0,0
41,경기도,113,수원시권선구,310,봉담,D334,26,9,9,8,8,4,0,4
41,경기도,113,수원시권선구,126,서서울#2,D280,0,0,0,0,10,6,4,0
41,경기도,113,수원시권선구,132,서수원,2178,27,23,4,0,9,8,1,0
41,경기도,113,수원시권선구,128,호매실,D330,26,21,2,3,7,2,4,1
41,경기도,117,수원시영통구,101,154kV 동수원(SA),E206,26,20,0,6,8,8,0,0
41,경기도,117,수원시영통구,107,농서,S348,24,10,3,11,12,8,1,3
41,경기도,117,수원시영통구,103,이의,D322,30,26,4,0,12,9,1,2
41,경기도,111,수원시장안구,129,서서울#2,D280,0,0,0,0,10,6,4,0
41,경기도,111,수원시장안구,138,우만,2781,26,23,0,3,8,4,0,4
41,경기도,111,수원시장안구,135,율전,S308,26,21,1,4,9,9,0,0
41,경기도,111,수원시장안구,104,의왕,2637,27,27,0,0,11,9,0,2
41,경기도,115,수원시팔달구,141,154kV 동수원(SA),E206,26,20,0,6,8,8,0,0
41,경기도,115,수원시팔달구,134,서서울#2,D280,0,0,0,0,10,6,4,0
41,경기도,115,수원시팔달구,128,우만,2781,26,23,0,3,8,4,0,4
41,경기도,115,수원시팔달구,112,율전,S308,26,21,1,4,9,9,0,0
41,경기도,390,시흥시,132,남시화,S319,25,25,0,0,8,5,1,2
41,경기도,390,시흥시,132,남정왕,D325,18,11,2,5,8,8,0,0
41,경기도,390,시흥시,109,도림,D312,26,20,4,2,12,6,0,6
41,경기도,390,시흥시,132,동시화,S340,48,30,10,8,8,4,0,4
41,경기도,390,시흥시,110,북안산,D331,26,5,5,16,8,4,0,4
41,경기도,390,시흥시,124,서서울#2,D280,0,0,0,0,10,6,4,0
41,경기도,390,시흥시,132,서시화,E430,26,26,0,0,7,7,0,0
41,경기도,390,시흥시,125,서안양,S329,26,19,0,7,8,4,3,1
41,경기도,390,시흥시,116,소래,2569,21,21,0,0,8,4,0,4
41,경기도,390,시흥시,132,시화,2666,27,27,0,0,8,8,0,0
41,경기도,390,시흥시,112,시흥,2999,27,23,1,3,5,5,0,0
41,경기도,390,시흥시,101,신광명,2194,10,10,0,0,19,12,0,7
41,경기도,390,시흥시,103,신시흥#1,2720,0,0,0,0,4,4,0,0
41,경기도,390,시흥시,127,원곡,S339,27,17,0,10,12,4,0,8
41,경기도,390,시흥시,131,정왕,D477,20,15,1,4,8,2,4,2
41,경기도,390,시흥시,132,중시화,S331,29,26,0,3,8,4,4,0
41,경기도,273,안산시단원구,106,목내,K419,26,25,0,1,8,7,1,0
41,경기도,273,안산시단원구,103,반월,2193,29,29,0,0,10,8,0,2
41,경기도,273,안산시단원구,102,북안산,D331,26,5,5,16,8,4,0,4
41,경기도,273,안산시단원구,112,사강,2817,29,20,1,8,8,5,2,1
41,경기도,273,안산시단원구,104,성곡,S345,28,28,0,0,8,4,4,0
41,경기도,273,안산시단원구,101,성포,S309,26,26,0,0,8,5,2,1
41,경기도,273,안산시단원구,104,신시화,D453,26,10,8,8,10,5,3,2
41,경기도,273,안산시단원구,101,신안산,S328,0,0,0,0,8,7,1,0
41,경기도,273,안산시단원구,107,안산,2575,29,29,0,0,9,8,1,0
41,경기도,273,안산시단원구,109,원곡,S339,27,17,0,10,12,4,0,8
41,경기도,271,안산시상록구,112,남군포,D333,26,8,5,13,10,9,1,0
41,경기도,271,안산시상록구,103,남안산,S325,26,24,2,0,8,4,1,3
41,경기도,271,안산시상록구,110,북안산,D331,26,5,5,16,8,4,0,4
41,경기도,271,안산시상록구,111,서서울#2,D280,0,0,0,0,10,6,4,0
41,경기도,271,안산시상록구,102,성포,S309,26,26,0,0,8,5,2,1
41,경기도,271,안산시상록구,101,신안산,S328,0,0,0,0,8,7,1,0
41,경기도,271,안산시상록구,111,일동,2590,24,21,0,3,8,8,0,0
41,경기도,550,안성시,126,남안성,D504,26,18,2,6,6,2,0,4
41,경기도,550,안성시,410,삼죽,S349,28,21,1,6,12,3,2,7
41,경기도,550,안성시,360,서안성,D273,0,7,0,-7,11,4,2,5
41,경기도,550,안성시,250,소사벌,D321,26,19,0,7,8,2,2,4
41,경기도,550,안성시,420,안성,2486,33,32,0,1,8,8,0,0
41,경기도,173,안양시동안구,102,관양,D486,27,20,5,2,8,6,0,2
41,경기도,173,안양시동안구,103,동안양,2438,28,28,0,0,7,7,0,0
41,경기도,173,안양시동안구,101,서서울,2192,0,0,0,0,11,10,1,0
41,경기도,171,안양시만안구,101,서서울#2,D280,0,0,0,0,10,6,4,0
41,경기도,171,안양시만안구,103,서안양,S329,26,19,0,7,8,4,3,1
41,경기도,171,안양시만안구,101,안양,2196,25,21,3,1,12,4,2,6
41,경기도,630,양주시,340,남면,D288,28,14,3,11,12,4,0,8
41,경기도,630,양주시,106,녹양,2810,28,21,0,7,6,4,0,2
41,경기도,630,양주시,116,덕계,S104,25,25,0,0,6,4,2,0
41,경기도,630,양주시,111,동두천,2431,29,26,0,3,8,4,2,2
41,경기도,630,양주시,330,백석,S132,25,20,2,3,6,6,0,0
41,경기도,630,양주시,250,송우,S110,28,19,0,9,4,4,0,0
41,경기도,630,양주시,108,신의정부,D487,0,0,0,0,12,8,4,0
41,경기도,630,양주시,101,신포천,D272,0,0,0,0,12,10,2,0
41,경기도,630,양주시,340,양주(SA),E383,5,5,0,0,14,12,0,2
41,경기도,630,양주시,115,옥정,D473,28,14,5,9,8,6,0,2
41,경기도,830,양평군,250,곤지암,S226,22,22,0,0,12,10,0,2
41,경기도,830,양평군,350,동서울,2197,19,7,0,12,13,9,0,4
41,경기도,830,양평군,350,서종,D290,21,11,0,10,8,4,0,4
41,경기도,830,양평군,310,용문(SA),S101,30,22,0,8,4,4,0,0
41,경기도,830,양평군,410,지제,S125,27,14,6,7,8,6,0,2
41,경기도,670,여주시,250,가남,S234,26,12,3,11,8,4,0,4
41,경기도,670,여주시,101,곤지암,S226,22,22,0,0,12,10,0,2
41,경기도,670,여주시,110,여주,2658,28,28,0,0,7,5,0,2
41,경기도,670,여주시,330,이천,2421,33,33,0,0,11,11,0,0
41,경기도,800,연천군,340,백학,D292,25,10,2,13,12,4,0,8
41,경기도,800,연천군,250,신포천,D272,0,0,0,0,12,10,2,0
41,경기도,800,연천군,310,전곡,S107,31,18,4,9,11,4,1,6
41,경기도,370,오산시,102,동탄,D335,26,20,4,2,8,4,0,4
41,경기도,370,오산시,118,병점,S330,32,32,0,0,12,6,1,5
41,경기도,370,오산시,138,삼미,S337,32,32,0,0,12,9,0,3
41,경기도,370,오산시,107,세교,S351,26,14,11,1,8,4,2,2
41,경기도,370,오산시,106,오산,2180,30,29,0,1,8,8,0,0
41,경기도,370,오산시,124,진위,S347,26,19,5,2,12,5,0,7
41,경기도,463,용인시기흥구,107,기흥,S342,24,12,1,11,7,4,2,1
41,경기도,463,용인시기흥구,109,농서,S348,24,10,3,11,12,8,1,3
41,경기도,463,용인시기흥구,115,동백,S334,26,23,3,0,8,5,0,3
41,경기도,463,용인시기흥구,102,마북,D323,26,11,1,14,12,6,4,2
41,경기도,463,용인시기흥구,108,북동탄,D503,26,19,4,3,8,8,0,0
41,경기도,463,용인시기흥구,106,신용인,2818,14,11,0,3,14,14,0,0
41,경기도,463,용인시기흥구,118,죽전,S336,26,25,1,0,8,4,2,2
41,경기도,463,용인시기흥구,111,흥덕,S344,29,21,0,8,12,2,3,7
41,경기도,465,용인시수지구,107,수지,S303,29,26,0,3,8,4,0,4
41,경기도,465,용인시수지구,104,신봉,D320,26,6,1,19,12,6,0,6
41,경기도,465,용인시수지구,102,죽전,S336,26,25,1,0,8,4,2,2
41,경기도,461,용인시처인구,101,곤지암,S226,22,22,0,0,12,10,0,2
41,경기도,461,용인시처인구,259,남사,S327,30,25,2,3,12,6,0,6
41,경기도,461,용인시처인구,256,덕성,D502,26,6,18,2,8,4,2,2
41,경기도,461,용인시처인구,103,동백,S334,26,23,3,0,8,5,0,3
41,경기도,461,용인시처인구,253,모현,S341,26,10,1,15,8,6,0,2
41,경기도,461,용인시처인구,350,삼죽,S349,28,21,1,6,12,3,2,7
41,경기도,461,용인시처인구,360,오천,D308,26,10,0,16,8,4,2,2
41,경기도,461,용인시처인구,106,용인,2050,30,30,0,0,8,8,0,0
41,경기도,430,의왕시,111,남군포,D333,26,8,5,13,10,9,1,0
41,경기도,430,의왕시,107,동안양,2438,28,28,0,0,7,7,0,0
41,경기도,430,의왕시,101,서서울,2192,0,0,0,0,11,10,1,0
41,경기도,430,의왕시,110,서수원,2178,27,23,4,0,9,8,1,0
41,경기도,430,의왕시,101,의왕,2637,27,27,0,0,11,9,0,2
41,경기도,150,의정부시,109,금오,S105,29,19,2,8,11,6,1,4
41,경기도,150,의정부시,110,녹양,2810,28,21,0,7,6,4,0,2
41,경기도,150,의정부시,101,신의정부,D487,0,0,0,0,12,8,4,0
41,경기도,150,의정부시,108,신포천,D272,0,0,0,0,12,10,2,0
41,경기도,150,의정부시,114,용현,D488,22,14,8,0,12,6,1,5
41,경기도,500,이천시,250,가남,S234,26,12,3,11,8,4,0,4
41,경기도,500,이천시,253,곤지암,S226,22,22,0,0,12,10,0,2
41,경기도,500,이천시,350,삼죽,S349,28,21,1,6,12,3,2,7
41,경기도,500,이천시,340,오천,D308,26,10,0,16,8,4,2,2
41,경기도,500,이천시,114,율현,S218,31,31,0,0,12,8,0,4
41,경기도,500,이천시,108,이천,2421,33,33,0,0,11,11,0,0
41,경기도,480,파주시,370,남면,D288,28,14,3,11,12,4,0,8
41,경기도,480,파주시,104,문발,S122,27,22,4,1,8,8,0,0
41,경기도,480,파주시,250,문산,2061,33,22,0,11,8,8,0,0
41,경기도,480,파주시,330,백석,S132,25,20,2,3,6,6,0,0
41,경기도,480,파주시,256,선유,S130,25,12,7,6,8,2,3,3
41,경기도,480,파주시,101,신덕은,S124,25,22,0,3,16,10,0,6
41,경기도,480,파주시,109,신파주,S136,23,23,0,0,16,6,8,2
41,경기도,480,파주시,380,용정,D474,21,13,4,4,8,4,0,4
41,경기도,480,파주시,410,월롱,D484,26,3,7,16,12,8,3,1
41,경기도,220,평택시,330,고덕,D279,0,0,0,0,15,11,0,4
41,경기도,220,평택시,112,동평택(SA),D517,26,13,12,1,8,2,2,4
41,경기도,220,평택시,450,만호,S350,26,18,0,8,12,6,0,6
41,경기도,220,평택시,114,소사벌,D321,26,19,0,7,8,2,2,4
41,경기도,220,평택시,320,오산,2180,30,29,0,1,8,8,0,0
41,경기도,220,평택시,256,원정,S302,26,21,2,3,12,5,0,7
41,경기도,220,평택시,111,진위,S347,26,19,5,2,12,5,0,7
41,경기도,220,평택시,340,청북,S338,26,26,0,0,11,8,2,1
41,경기도,220,평택시,115,추팔,S317,29,25,0,4,8,8,0,0
41,경기도,220,평택시,250,팽성,D982,40,40,0,0,12,2,2,8
41,경기도,220,평택시,330,평택,2182,26,20,5,1,12,12,0,0
41,경기도,220,평택시,370,포승,2579,29,18,0,11,8,6,0,2
41,경기도,650,포천시,330,내촌,D283,28,16,0,12,12,4,0,8
41,경기도,650,포천시,330,송우,S110,28,19,0,9,4,4,0,0
41,경기도,650,포천시,101,신포천,D272,0,0,0,0,12,10,2,0
41,경기도,650,포천시,380,용정,D474,21,13,4,4,8,4,0,4
41,경기도,650,포천시,400,운천,S108,28,17,0,11,8,6,0,2
41,경기도,450,하남시,115,가락,S206,28,24,0,4,7,7,0,0
41,경기도,450,하남시,104,강동,2654,35,34,0,1,9,8,0,1
41,경기도,450,하남시,101,동서울,2197,19,7,0,12,13,9,0,4
41,경기도,450,하남시,110,상일,D301,30,30,0,0,11,6,0,5
41,경기도,450,하남시,114,송파,2653,27,27,0,0,8,8,0,0
41,경기도,450,하남시,117,신장,2647,30,26,0,4,8,7,0,1
41,경기도,450,하남시,113,위례,D433,28,15,7,6,8,6,1,1
41,경기도,590,화성시,121,154kV 동수원(SA),E206,26,20,0,6,8,8,0,0
41,경기도,590,화성시,400,구문천,D326,26,23,0,3,12,5,0,7
41,경기도,590,화성시,320,남양,D329,26,25,1,0,12,4,0,8
41,경기도,590,화성시,111,동탄,D335,26,20,4,2,8,4,0,4
41,경기도,590,화성시,330,마도,E050,25,13,4,8,8,4,0,4
41,경기도,590,화성시,400,발안,S310,23,21,0,2,8,8,0,0
41,경기도,590,화성시,119,병점,S330,32,32,0,0,12,6,1,5
41,경기도,590,화성시,310,봉담,D334,26,9,9,8,8,4,0,4
41,경기도,590,화성시,131,북동탄,D503,26,19,4,3,8,8,0,0
41,경기도,590,화성시,350,사강,2817,29,20,1,8,8,5,2,1
41,경기도,590,화성시,103,삼미,S337,32,32,0,0,12,9,0,3
41,경기도,590,화성시,123,서서울#2,D280,0,0,0,0,10,6,4,0
41,경기도,590,화성시,256,수촌,D332,26,17,2,7,8,4,0,4
41,경기도,590,화성시,360,장덕,S332,30,30,0,0,7,5,2,0
41,경기도,590,화성시,410,향남,D467,26,19,2,5,8,4,0,4
41,경기도,590,화성시,140,화성,2780,16,16,0,0,10,10,0,0
41,경기도,597,화성시동탄구,103,신수원,S323,27,25,0,2,17,17,0,0
41,경기도,591,화성시만세구,340,화성,2780,16,16,0,0,10,10,0,0
48,경상남도,310,거제시,360,거제,2413,31,27,0,4,12,10,0,2
48,경상남도,310,거제시,101,신고성,2797,0,0,0,0,25,14,0,11
48,경상남도,310,거제시,103,아주(SA),S912,20,16,2,2,8,4,2,2
48,경상남도,880,거창군,410,거창,2798,20,19,0,1,8,4,0,4
48,경상남도,880,거창군,250,의령,S903,8,7,0,1,22,12,0,10
48,경상남도,820,고성군,380,고성,2992,21,18,0,3,8,4,0,4
48,경상남도,820,고성군,250,신고성,2797,0,0,0,0,25,14,0,11
48,경상남도,250,김해시,250,동읍,S915,31,27,0,4,12,6,0,6
48,경상남도,250,김해시,101,신김해,2360,21,11,0,10,26,20,0,6
48,경상남도,250,김해시,130,장유(SA),S909,27,20,0,7,8,4,0,4
48,경상남도,250,김해시,127,주촌(SA),D432,26,24,0,2,8,4,0,4
48,경상남도,250,김해시,330,진례(SA),E150,14,8,0,6,8,4,0,4
48,경상남도,250,김해시,250,진영,S910,26,26,0,0,11,9,0,2
48,경상남도,250,김해시,340,한림정,D496,23,18,2,3,12,4,0,8
48,경상남도,840,남해군,250,광양,2429,13,10,3,0,18,8,6,4
48,경상남도,840,남해군,370,남해,2379,20,9,2,9,6,2,2,2
48,경상남도,270,밀양시,310,밀양(SA),2737,26,23,0,3,8,4,0,4
48,경상남도,270,밀양시,250,수산,E065,16,8,0,8,12,4,0,8
48,경상남도,270,밀양시,253,신김해,2360,21,11,0,10,26,20,0,6
48,경상남도,270,밀양시,101,신마산,2054,11,11,0,0,26,20,0,6
48,경상남도,270,밀양시,370,초동,2843,22,17,0,5,8,8,0,0
48,경상남도,240,사천시,310,사남(SA),S916,14,13,0,1,10,3,3,4
48,경상남도,240,사천시,350,사천(SA),2591,28,24,0,4,8,8,0,0
48,경상남도,240,사천시,101,신고성,2797,0,0,0,0,25,14,0,11
48,경상남도,240,사천시,360,하동(SA),2753,27,18,0,9,8,8,0,0
48,경상남도,860,산청군,340,산청,S913,28,14,2,12,8,2,2,4
48,경상남도,860,산청군,250,의령,S903,8,7,0,1,22,12,0,10
48,경상남도,330,양산시,110,물금,S824,26,26,0,0,8,6,0,2
48,경상남도,330,양산시,101,북부산,2393,17,11,0,6,17,9,2,6
48,경상남도,330,양산시,116,산막,2584,24,19,4,1,9,7,1,1
48,경상남도,330,양산시,116,서창,2467,24,23,0,1,11,5,1,5
48,경상남도,330,양산시,340,언양,2391,18,18,0,0,10,8,0,2
48,경상남도,330,양산시,320,호포,2792,19,15,1,3,8,5,1,2
48,경상남도,720,의령군,250,의령,S903,8,7,0,1,22,12,0,10
48,경상남도,170,진주시,320,개양(SA),2991,31,28,0,3,12,9,0,3
48,경상남도,170,진주시,410,동진주,E011,21,14,0,7,8,4,0,4
48,경상남도,170,진주시,380,사봉,D406,21,17,0,4,10,4,0,6
48,경상남도,170,진주시,102,신고성,2797,0,0,0,0,25,14,0,11
48,경상남도,170,진주시,101,의령,S903,8,7,0,1,22,12,0,10
48,경상남도,170,진주시,130,이현,S902,21,19,0,2,8,2,2,4
48,경상남도,170,진주시,400,진주,2376,30,25,0,5,8,5,3,0
48,경상남도,740,창녕군,420,신마산,2054,11,11,0,0,26,20,0,6
48,경상남도,740,창녕군,330,유가,2832,27,27,0,0,8,5,0,3
48,경상남도,740,창녕군,370,창녕,2441,23,18,0,5,6,6,0,0
48,경상남도,125,창원시마산합포구,135,서마산,2488,24,23,0,1,7,2,2,3
48,경상남도,125,창원시마산합포구,108,신마산,2054,11,11,0,0,26,20,0,6
48,경상남도,127,창원시마산회원구,101,마산,2355,31,26,0,5,9,4,0,5
48,경상남도,127,창원시마산회원구,103,수출,S904,22,12,0,10,8,4,0,4
48,경상남도,127,창원시마산회원구,101,신마산,2054,11,11,0,0,26,20,0,6
48,경상남도,127,창원시마산회원구,250,중리,S905,15,10,0,5,11,4,0,7
48,경상남도,123,창원시성산구,101,신김해,2360,21,11,0,10,26,20,0,6
48,경상남도,123,창원시성산구,130,신월,2740,23,23,0,0,7,4,0,3
48,경상남도,123,창원시성산구,131,안민,S914,25,22,0,3,12,6,0,6
48,경상남도,123,창원시성산구,114,완암,2546,25,21,0,4,8,8,0,0
48,경상남도,123,창원시성산구,120,월림,2777,19,14,0,5,12,7,2,3
48,경상남도,123,창원시성산구,122,창공,2749,24,22,0,2,12,8,0,4
48,경상남도,123,창원시성산구,103,창원,D281,0,0,0,0,24,15,1,8
48,경상남도,121,창원시의창구,330,동읍,S915,31,27,0,4,12,6,0,6
48,경상남도,121,창원시의창구,109,신김해,2360,21,11,0,10,26,20,0,6
48,경상남도,121,창원시의창구,101,신마산,2054,11,11,0,0,26,20,0,6
48,경상남도,121,창원시의창구,125,신월,2740,23,23,0,0,7,4,0,3
48,경상남도,121,창원시의창구,105,의창(SA),D409,14,5,0,9,8,4,0,4
48,경상남도,121,창원시의창구,106,차룡,S901,27,25,0,2,6,4,0,2
48,경상남도,121,창원시의창구,122,창공,2749,24,22,0,2,12,8,0,4
48,경상남도,121,창원시의창구,110,창원,D281,0,0,0,0,24,15,1,8
48,경상남도,129,창원시진해구,165,녹공,S822,29,25,4,0,9,6,3,0
48,경상남도,129,창원시진해구,152,마천(SA),2529,26,16,1,9,6,6,0,0
48,경상남도,129,창원시진해구,140,신김해,2360,21,11,0,10,26,20,0,6
48,경상남도,129,창원시진해구,150,신녹산,D274,0,0,0,0,10,10,0,0
48,경상남도,129,창원시진해구,139,진해(SA),2179,14,14,0,0,8,7,0,1
48,경상남도,220,통영시,360,신고성,2797,0,0,0,0,25,14,0,11
48,경상남도,220,통영시,340,안정,S908,13,11,0,2,8,8,0,0
48,경상남도,220,통영시,117,통영,2449,31,25,0,6,8,4,0,4
48,경상남도,850,하동군,250,광양,2429,13,10,3,0,18,8,6,4
48,경상남도,850,하동군,390,하동(SA),2753,27,18,0,9,8,8,0,0
48,경상남도,730,함안군,320,가야(SA),2552,20,16,4,0,10,8,2,0
48,경상남도,730,함안군,250,신마산,2054,11,11,0,0,26,20,0,6
48,경상남도,730,함안군,380,중리,S905,15,10,0,5,11,4,0,7
48,경상남도,870,함양군,250,의령,S903,8,7,0,1,22,12,0,10
48,경상남도,890,합천군,440,산청,S913,28,14,2,12,8,2,2,4
48,경상남도,890,합천군,380,쌍림,S729,15,15,0,0,9,4,0,5
48,경상남도,890,합천군,250,의령,S903,8,7,0,1,22,12,0,10
48,경상남도,890,합천군,330,합천,2385,15,10,0,5,8,6,0,2
47,경상북도,290,경산시,127,경산,D994,14,10,1,3,8,5,0,3
47,경상북도,290,경산시,101,신경산,2809,33,28,0,5,11,11,0,0
47,경상북도,290,경산시,310,와촌E/C,E217,12,8,2,2,8,4,0,4
47,경상북도,290,경산시,128,자인,S732,22,16,1,5,7,4,2,1
47,경상북도,290,경산시,256,진량,5389,25,22,0,3,8,3,5,0
47,경상북도,130,경주시,256,건천,D383,18,11,2,5,12,7,0,5
47,경상북도,130,경주시,105,경주(SA),E454,28,26,0,2,8,3,0,5
47,경상북도,130,경주시,104,신영일,S726,0,0,0,0,13,8,5,0
47,경상북도,130,경주시,310,아화,S721,21,12,2,7,8,6,1,1
47,경상북도,130,경주시,250,양북,S737,14,10,3,1,12,2,2,8
47,경상북도,130,경주시,340,왕신,E055,14,7,2,5,10,4,6,0
47,경상북도,130,경주시,259,외동,S702,25,18,0,7,8,4,1,3
47,경상북도,130,경주시,315,입실,D385,21,11,2,8,7,4,0,3
47,경상북도,130,경주시,380,천북SA,E418,30,26,2,2,8,8,0,0
47,경상북도,830,고령군,360,고령,S709,10,9,0,1,18,13,4,1
47,경상북도,830,고령군,340,다산,2644,32,29,0,3,5,4,0,1
47,경상북도,830,고령군,360,서구지SA,E390,14,10,0,4,8,6,1,1
47,경상북도,830,고령군,350,쌍림,S729,15,15,0,0,9,4,0,5
47,경상북도,190,구미시,330,고아,S707,23,16,1,6,8,6,0,2
47,경상북도,190,구미시,113,광평,S724,18,14,2,2,11,10,1,0
47,경상북도,190,구미시,253,구미,5427,32,27,3,2,14,12,2,0
47,경상북도,190,구미시,130,금전,S725,23,18,0,5,14,8,6,0
47,경상북도,190,구미시,113,남구미,5461,27,27,0,0,12,11,1,0
47,경상북도,190,구미시,256,도중,D997,14,5,6,3,8,5,1,2
47,경상북도,190,구미시,370,산동,D381,23,13,0,10,11,5,4,2
47,경상북도,190,구미시,115,선산,2735,0,0,0,0,24,16,4,4
47,경상북도,150,김천시,390,금릉,S723,14,12,0,2,8,6,2,0
47,경상북도,150,김천시,340,농소,D388,13,12,0,1,8,4,0,4
47,경상북도,150,김천시,350,어모,D539,19,15,3,1,12,6,0,6
47,경상북도,280,문경시,253,문경,S734,24,6,0,18,10,2,8,0
47,경상북도,280,문경시,370,예천,2732,26,14,1,11,8,4,0,4
47,경상북도,280,문경시,109,점촌,2565,31,19,2,10,7,7,0,0
47,경상북도,920,봉화군,370,봉화,S718,32,14,1,17,8,6,1,1
47,경상북도,920,봉화군,250,영주(SA),E204,28,23,1,4,12,9,0,3
47,경상북도,250,상주시,106,상주,2726,27,23,1,3,12,6,4,2
47,경상북도,250,상주시,101,선산,2735,0,0,0,0,24,16,4,4
47,경상북도,250,상주시,310,점촌,2565,31,19,2,10,7,7,0,0
47,경상북도,250,상주시,118,청리,S736,25,12,0,13,12,5,2,5
47,경상북도,840,성주군,340,성주,2731,25,22,0,3,8,4,0,4
47,경상북도,840,성주군,320,아화,S721,21,12,2,7,8,6,1,1
47,경상북도,170,안동시,390,동안동,S715,20,12,5,3,6,5,0,1
47,경상북도,170,안동시,430,봉화,S718,32,14,1,17,8,6,1,1
47,경상북도,170,안동시,360,안동,5406,26,19,3,4,8,7,1,0
47,경상북도,170,안동시,360,풍산,D384,21,18,0,3,7,4,1,2
47,경상북도,770,영덕군,310,영덕,2747,26,16,2,8,12,7,4,1
47,경상북도,760,영양군,340,진보SA,E498,25,16,0,9,8,7,1,0
47,경상북도,210,영주시,340,신영주,2521,13,12,1,0,13,11,2,0
47,경상북도,210,영주시,105,쌍림,S729,15,15,0,0,9,4,0,5
47,경상북도,210,영주시,109,아화,S721,21,12,2,7,8,6,1,1
47,경상북도,210,영주시,380,영주(SA),E204,28,23,1,4,12,9,0,3
47,경상북도,230,영천시,119,금호,E032,16,7,0,9,12,4,0,8
47,경상북도,230,영천시,101,신경산,2809,33,28,0,5,11,11,0,0
47,경상북도,230,영천시,390,아화,S721,21,12,2,7,8,6,1,1
47,경상북도,230,영천시,380,영천(SA),E371,32,25,0,7,11,6,0,5
47,경상북도,230,영천시,310,와촌E/C,E217,12,8,2,2,8,4,0,4
47,경상북도,230,영천시,310,청통,S728,21,18,0,3,9,8,0,1
47,경상북도,900,예천군,390,예천,2732,26,14,1,11,8,4,0,4
47,경상북도,900,예천군,350,풍산,D384,21,18,0,3,7,4,1,2
47,경상북도,930,울진군,320,울진,2733,17,13,4,0,11,6,1,4
47,경상북도,730,의성군,320,동안동,S715,20,12,5,3,6,5,0,1
47,경상북도,730,의성군,250,선산,2735,0,0,0,0,24,16,4,4
47,경상북도,730,의성군,400,안계,S735,33,13,2,18,8,4,0,4
47,경상북도,820,청도군,250,대구,S743,0,0,0,0,18,8,0,10
47,경상북도,820,청도군,310,청도,2831,21,15,0,6,4,4,0,0
47,경상북도,850,칠곡군,360,남구미,5461,27,27,0,0,12,11,1,0
47,경상북도,850,칠곡군,250,북대구,S733,0,0,0,0,12,10,0,2
47,경상북도,850,칠곡군,250,서대구,5418,0,0,0,0,12,10,1,1
47,경상북도,850,칠곡군,250,왜관,D392,14,9,0,5,8,4,0,4
47,경상북도,850,칠곡군,330,칠곡,2694,28,25,0,3,9,5,1,3
47,경상북도,111,포항시남구,253,남포항,S717,24,16,4,4,6,4,0,2
47,경상북도,111,포항시남구,310,대송,S730,14,10,0,4,13,4,1,8
47,경상북도,111,포항시남구,250,상정,S705,20,11,4,5,8,5,2,1
47,경상북도,111,포항시남구,101,신포항,5217,0,0,0,0,16,9,6,1
47,경상북도,111,포항시남구,310,영일,2695,18,18,0,0,10,7,0,3
47,경상북도,111,포항시남구,250,흥해,D386,18,16,2,0,15,11,3,1
47,경상북도,113,포항시북구,114,남포항,S717,24,16,4,4,6,4,0,2
47,경상북도,113,포항시북구,102,북포항,2564,26,23,0,3,7,5,0,2
47,경상북도,113,포항시북구,101,신영일,S726,0,0,0,0,13,8,5,0
47,경상북도,113,포항시북구,340,청하,S710,21,14,4,3,10,6,4,0
47,경상북도,113,포항시북구,330,흥해,D386,18,16,2,0,15,11,3,1
27,대구광역시,720,군위군,370,군위,S704,31,18,1,12,8,4,4,0
27,대구광역시,720,군위군,310,산동,D381,23,13,0,10,11,5,4,2
27,대구광역시,720,군위군,250,선산,2735,0,0,0,0,24,16,4,4
27,대구광역시,200,남구,101,대구,S743,0,0,0,0,18,8,0,10
27,대구광역시,200,남구,103,봉덕,5245,24,17,0,7,7,6,1,0
27,대구광역시,290,달서구,125,강창,S706,31,31,0,0,8,8,0,0
27,대구광역시,290,달서구,104,고령,S709,10,9,0,1,18,13,4,1
27,대구광역시,290,달서구,256,다사,S738,22,16,0,6,12,5,0,7
27,대구광역시,290,달서구,250,달성,2520,33,28,0,5,8,8,0,0
27,대구광역시,290,달서구,101,대구,S743,0,0,0,0,18,8,0,10
27,대구광역시,290,달서구,102,두류,S727,9,8,0,1,8,4,1,3
27,대구광역시,290,달서구,116,상인(SA),2645,28,19,1,8,8,4,2,2
27,대구광역시,290,달서구,126,성서,2551,24,24,0,0,8,7,0,1
27,대구광역시,290,달서구,124,월배,D382,19,16,1,2,8,4,0,4
27,대구광역시,710,달성군,250,고령,S709,10,9,0,1,18,13,4,1
27,대구광역시,710,달성군,380,구지,S742,29,20,0,9,8,7,1,0
27,대구광역시,710,달성군,253,논공,2444,31,31,0,0,12,7,5,0
27,대구광역시,710,달성군,256,다사,S738,22,16,0,6,12,5,0,7
27,대구광역시,710,달성군,262,달성,2520,33,28,0,5,8,8,0,0
27,대구광역시,710,달성군,310,대구,S743,0,0,0,0,18,8,0,10
27,대구광역시,710,달성군,310,범물(SA),E488,26,21,2,3,8,6,2,0
27,대구광역시,710,달성군,380,서구지SA,E390,14,10,0,4,8,6,1,1
27,대구광역시,710,달성군,259,유가,2832,27,27,0,0,8,5,0,3
27,대구광역시,710,달성군,265,현풍(SA),D457,14,8,0,6,8,4,0,4
27,대구광역시,140,동구,101,공평,S716,19,10,0,9,10,4,0,6
27,대구광역시,140,동구,116,구암,S701,21,17,0,4,8,8,0,0
27,대구광역시,140,동구,102,대구,S743,0,0,0,0,18,8,0,10
27,대구광역시,140,동구,123,반야월,2445,25,25,0,0,11,4,4,3
27,대구광역시,140,동구,122,봉무,S744,24,10,0,14,12,4,0,8
27,대구광역시,140,동구,109,산격,2769,21,19,1,1,6,4,0,2
27,대구광역시,140,동구,142,신경산,2809,33,28,0,5,11,11,0,0
27,대구광역시,140,동구,112,안심,S708,17,15,0,2,8,6,0,2
27,대구광역시,140,동구,310,와촌E/C,E217,12,8,2,2,8,4,0,4
27,대구광역시,230,북구,113,검단,5295,20,15,0,5,8,4,0,4
27,대구광역시,230,북구,125,관음,2744,21,19,0,2,8,5,0,3
27,대구광역시,230,북구,101,구암,S701,21,17,0,4,8,8,0,0
27,대구광역시,230,북구,101,대구,S743,0,0,0,0,18,8,0,10
27,대구광역시,230,북구,111,산격,2769,21,19,1,1,6,4,0,2
27,대구광역시,230,북구,109,서침산,S722,19,14,0,5,4,2,2,0
27,대구광역시,230,북구,131,신경산,2809,33,28,0,5,11,11,0,0
27,대구광역시,170,서구,101,내당,5428,21,19,0,2,8,6,0,2
27,대구광역시,170,서구,101,대구,S743,0,0,0,0,18,8,0,10
27,대구광역시,170,서구,133,와룡,2833,22,18,0,4,4,4,0,0
27,대구광역시,260,수성구,126,남대구,5385,27,25,0,2,8,4,2,2
27,대구광역시,260,수성구,115,노변,2745,24,24,0,0,8,6,0,2
27,대구광역시,260,수성구,101,대구,S743,0,0,0,0,18,8,0,10
27,대구광역시,260,수성구,116,반야월,2445,25,25,0,0,11,4,4,3
27,대구광역시,260,수성구,127,범물(SA),E488,26,21,2,3,8,6,2,0
27,대구광역시,260,수성구,109,봉덕,5245,24,17,0,7,7,6,1,0
27,대구광역시,260,수성구,120,시지(SA),D456,14,3,2,9,8,4,0,4
27,대구광역시,260,수성구,125,신경산,2809,33,28,0,5,11,11,0,0
27,대구광역시,260,수성구,125,안심,S708,17,15,0,2,8,6,0,2
27,대구광역시,110,중구,106,내당,5428,21,19,0,2,8,6,0,2
27,대구광역시,110,중구,131,대구,S743,0,0,0,0,18,8,0,10
27,대구광역시,110,중구,157,동인,2540,22,20,0,2,6,6,0,0
27,대구광역시,110,중구,105,서침산,S722,19,14,0,5,4,2,2,0
30,대전광역시,230,대덕구,104,대화,2680,26,18,1,7,8,8,0,0
30,대전광역시,230,대덕구,111,세종,D452,26,12,10,4,18,10,0,8
30,대전광역시,230,대덕구,101,신옥천,2243,0,0,0,0,16,16,0,0
30,대전광역시,230,대덕구,122,신일,2743,24,22,0,2,8,8,-1,1
30,대전광역시,230,대덕구,121,신탄진,2205,24,17,1,6,10,6,2,2
30,대전광역시,230,대덕구,118,청양,2437,11,6,0,5,12,6,0,6
30,대전광역시,110,동구,105,남대전SA,E542,26,19,0,7,8,7,0,1
30,대전광역시,110,동구,133,동대전,2672,27,23,0,4,8,7,0,1
30,대전광역시,110,동구,124,신계룡,S519,9,0,6,3,16,10,0,6
30,대전광역시,110,동구,101,신옥천,2243,0,0,0,0,16,16,0,0
30,대전광역시,110,동구,115,신흥,S505,26,11,0,15,8,6,0,2
30,대전광역시,110,동구,114,용운,S529,23,4,0,19,8,4,0,4
30,대전광역시,170,서구,114,가수원,S502,27,24,0,3,8,5,0,3
30,대전광역시,170,서구,112,둔산,2673,27,27,-1,1,8,5,0,3
30,대전광역시,170,서구,111,둔지,S524,25,18,5,2,8,3,0,5
30,대전광역시,170,서구,122,서대전,2203,28,20,1,7,8,5,0,3
30,대전광역시,170,서구,121,세종,D452,26,12,10,4,18,10,0,8
30,대전광역시,170,서구,114,신계룡,S519,9,0,6,3,16,10,0,6
30,대전광역시,170,서구,101,신옥천,2243,0,0,0,0,16,16,0,0
30,대전광역시,170,서구,113,청양,2437,11,6,0,5,12,6,0,6
30,대전광역시,200,유성구,126,대덕,2207,26,26,0,0,8,6,0,2
30,대전광역시,200,유성구,146,덕진,2671,28,24,1,3,12,10,0,2
30,대전광역시,200,유성구,153,둔곡,E227,26,3,8,15,8,5,0,3
30,대전광역시,200,유성구,143,세종,D452,26,12,10,4,18,10,0,8
30,대전광역시,200,유성구,150,송강,S525,27,16,3,8,8,4,3,1
30,대전광역시,200,유성구,108,신계룡,S519,9,0,6,3,16,10,0,6
30,대전광역시,200,유성구,149,신옥천,2243,0,0,0,0,16,16,0,0
30,대전광역시,200,유성구,118,유성,S504,27,25,1,1,8,5,0,3
30,대전광역시,200,유성구,111,청양,2437,11,6,0,5,12,6,0,6
30,대전광역시,140,중구,114,신계룡,S519,9,0,6,3,16,10,0,6
30,대전광역시,140,중구,112,신옥천,2243,0,0,0,0,16,16,0,0
30,대전광역시,140,중구,105,유천(SA),E395,21,15,0,6,8,3,0,5
26,부산광역시,440,강서구,114,녹공,S822,29,25,4,0,9,6,3,0
26,부산광역시,440,강서구,111,녹산,2803,31,26,3,2,9,8,2,-1
26,부산광역시,440,강서구,102,대저,E468,14,5,1,8,8,4,2,2
26,부산광역시,440,강서구,104,명지,D395,19,14,3,2,7,5,0,2
26,부산광역시,440,강서구,113,미음,E000,28,20,2,6,8,8,0,0
26,부산광역시,440,강서구,112,세산,E062,13,3,3,7,8,4,4,0
26,부산광역시,440,강서구,104,순아,E467,14,3,6,5,8,4,2,2
26,부산광역시,440,강서구,109,신녹산,D274,0,0,0,0,10,10,0,0
26,부산광역시,440,강서구,120,용원,D402,20,9,6,5,12,5,4,3
26,부산광역시,440,강서구,114,지사,S825,24,19,2,3,12,4,5,3
26,부산광역시,410,금정구,107,구서,2730,26,21,1,4,6,6,0,0
26,부산광역시,410,금정구,107,노포,D393,14,7,2,5,12,7,2,3
26,부산광역시,410,금정구,111,명장(SA),2336,26,22,1,3,8,6,0,2
26,부산광역시,410,금정구,112,명지,D395,19,14,3,2,7,5,0,2
26,부산광역시,410,금정구,111,신양산,2435,14,8,4,2,12,10,0,2
26,부산광역시,710,기장군,253,명례,E016,14,9,2,3,8,7,0,1
26,부산광역시,710,기장군,250,시랑,E060,14,4,0,10,5,4,0,1
26,부산광역시,710,기장군,250,신양산,2435,14,8,4,2,12,10,0,2
26,부산광역시,710,기장군,259,장안,E063,14,7,0,7,8,5,3,0
26,부산광역시,710,기장군,256,정관,S827,20,12,0,8,12,6,0,6
26,부산광역시,290,남구,106,대연,2341,24,18,0,6,8,8,0,0
26,부산광역시,290,남구,109,범일,S819,21,10,3,8,8,4,1,3
26,부산광역시,290,남구,106,신대연,D520,0,0,0,0,12,7,0,5
26,부산광역시,290,남구,111,용호,S804,20,19,1,0,8,5,1,2
26,부산광역시,170,동구,104,범일,S819,21,10,3,8,8,4,1,3
26,부산광역시,170,동구,103,부민,2748,17,13,0,4,5,4,1,0
26,부산광역시,170,동구,107,부산,2345,21,19,2,0,8,7,1,0
26,부산광역시,170,동구,101,서부산,2845,20,17,1,2,22,15,5,2
26,부산광역시,170,동구,116,수정,2996,18,16,2,0,6,6,0,0
26,부산광역시,260,동래구,106,동래,2697,20,20,0,0,6,4,1,1
26,부산광역시,260,동래구,101,명장(SA),2336,26,22,1,3,8,6,0,2
26,부산광역시,260,동래구,121,미남,2344,19,18,0,1,8,8,0,0
26,부산광역시,260,동래구,101,신양산,2435,14,8,4,2,12,10,0,2
26,부산광역시,260,동래구,102,연산,S826,19,13,2,4,12,4,0,8
26,부산광역시,230,부산진구,110,개금,2806,19,15,0,4,8,6,1,1
26,부산광역시,230,부산진구,107,미남,2344,19,18,0,1,8,8,0,0
26,부산광역시,230,부산진구,102,범일,S819,21,10,3,8,8,4,1,3
26,부산광역시,230,부산진구,105,서면,2997,26,23,2,1,7,7,0,0
26,부산광역시,230,부산진구,101,신대연,D520,0,0,0,0,12,7,0,5
26,부산광역시,230,부산진구,113,양정,2696,21,21,0,0,8,6,1,1
26,부산광역시,320,북구,105,구포,2793,18,17,0,1,8,7,1,0
26,부산광역시,320,북구,107,미남,2344,19,18,0,1,8,8,0,0
26,부산광역시,320,북구,101,북부산,2393,17,11,0,6,17,9,2,6
26,부산광역시,320,북구,103,호포,2792,19,15,1,3,8,5,1,2
26,부산광역시,530,사상구,106,개금,2806,19,15,0,4,8,6,1,1
26,부산광역시,530,사상구,105,덕포,S806,12,9,4,-1,8,4,0,4
26,부산광역시,530,사상구,102,모라,2347,21,21,0,0,8,4,0,4
26,부산광역시,530,사상구,101,북부산,2393,17,11,0,6,17,9,2,6
26,부산광역시,530,사상구,108,엄궁,239A,20,20,4,-4,8,6,1,1
26,부산광역시,530,사상구,105,학장,2335,26,21,5,0,8,5,2,1
26,부산광역시,380,사하구,120,다대,2795,20,17,3,0,8,5,2,1
26,부산광역시,380,사하구,108,부민,2748,17,13,0,4,5,4,1,0
26,부산광역시,380,사하구,101,서부산,2845,20,17,1,2,22,15,5,2
26,부산광역시,380,사하구,108,신평,2426,24,24,0,0,12,6,3,3
26,부산광역시,380,사하구,120,장림,S818,20,13,3,4,8,4,3,1
26,부산광역시,140,서구,106,부민,2748,17,13,0,4,5,4,1,0
26,부산광역시,140,서구,123,부산,2345,21,19,2,0,8,7,1,0
26,부산광역시,140,서구,101,서부산,2845,20,17,1,2,22,15,5,2
26,부산광역시,500,수영구,104,대연,2341,24,18,0,6,8,8,0,0
26,부산광역시,500,수영구,101,신양산,2435,14,8,4,2,12,10,0,2
26,부산광역시,500,수영구,105,우동,S802,20,19,1,0,7,5,1,1
26,부산광역시,470,연제구,101,미남,2344,19,18,0,1,8,8,0,0
26,부산광역시,470,연제구,101,신대연,D520,0,0,0,0,12,7,0,5
26,부산광역시,470,연제구,155,연산,S826,19,13,2,4,12,4,0,8
26,부산광역시,200,영도구,101,서부산,2845,20,17,1,2,22,15,5,2
26,부산광역시,200,영도구,121,영도,2333,18,16,0,2,6,3,2,1
26,부산광역시,110,중구,112,서부산,2845,20,17,1,2,22,15,5,2
26,부산광역시,350,해운대구,127,명장(SA),2336,26,22,1,3,8,6,0,2
26,부산광역시,350,해운대구,105,수영,2698,26,22,0,4,8,5,1,2
26,부산광역시,350,해운대구,114,시랑,E060,14,4,0,10,5,4,0,1
26,부산광역시,350,해운대구,101,신양산,2435,14,8,4,2,12,10,0,2
26,부산광역시,350,해운대구,102,연산,S826,19,13,2,4,12,4,0,8
26,부산광역시,350,해운대구,105,우동,S802,20,19,1,0,7,5,1,1
26,부산광역시,350,해운대구,105,정보,S821,18,17,1,0,12,3,0,9
26,부산광역시,350,해운대구,107,좌동(SA),2796,26,21,3,2,8,4,4,0
11,서울특별시,680,강남구,108,논현,S215,22,13,0,9,6,6,0,0
11,서울특별시,680,강남구,106,대치,2650,26,25,0,1,4,4,0,0
11,서울특별시,680,강남구,118,도곡,S217,29,12,1,16,8,2,2,4
11,서울특별시,680,강남구,111,동서울,2197,19,7,0,12,13,9,0,4
11,서울특별시,680,강남구,104,선릉,S201,34,25,0,9,11,6,0,5
11,서울특별시,680,강남구,111,수서,2779,27,25,2,0,8,8,0,0
11,서울특별시,680,강남구,107,신사(SA),2813,32,26,0,6,8,7,0,1
11,서울특별시,680,강남구,101,역삼,S207,26,25,0,1,6,5,0,1
11,서울특별시,680,강남구,118,탄천,D434,35,17,0,18,10,6,2,2
11,서울특별시,740,강동구,110,강동,2654,35,34,0,1,9,8,0,1
11,서울특별시,740,강동구,101,동서울,2197,19,7,0,12,13,9,0,4
11,서울특별시,740,강동구,109,천호,S221,29,22,0,7,8,4,0,4
11,서울특별시,305,강북구,102,노원,2633,20,16,1,3,6,5,0,1
11,서울특별시,305,강북구,101,미아,2634,25,23,0,2,8,4,0,4
11,서울특별시,305,강북구,103,수유,D293,30,5,0,25,8,2,2,4
11,서울특별시,305,강북구,101,신의정부,D487,0,0,0,0,12,8,4,0
11,서울특별시,500,강서구,105,가양,2657,25,20,1,4,6,6,0,0
11,서울특별시,500,강서구,105,마곡,D303,26,26,0,0,8,5,2,1
11,서울특별시,500,강서구,101,신부평,S321,27,25,0,2,18,10,2,6
11,서울특별시,500,강서구,106,화곡,2171,29,29,0,0,11,8,3,0
11,서울특별시,620,관악구,101,봉천,S213,20,13,0,7,6,5,1,0
11,서울특별시,620,관악구,103,사당,2430,30,25,0,5,7,7,0,0
11,서울특별시,620,관악구,102,신길,2659,34,25,0,9,6,4,0,2
11,서울특별시,620,관악구,102,신림,S211,32,15,3,14,8,2,1,5
11,서울특별시,620,관악구,101,신문래,S216,0,0,0,0,18,9,2,7
11,서울특별시,215,광진구,104,광장,2049,23,21,0,2,6,6,0,0
11,서울특별시,215,광진구,111,구의,2799,29,15,0,14,8,4,0,4
11,서울특별시,215,광진구,105,동서울,2197,19,7,0,12,13,9,0,4
11,서울특별시,215,광진구,107,성동,2071,0,0,0,0,18,14,0,4
11,서울특별시,215,광진구,101,화양,2072,30,28,0,2,8,8,0,0
11,서울특별시,530,구로구,101,구로,2544,28,28,0,0,8,5,0,3
11,서울특별시,530,구로구,101,신광명,2194,10,10,0,0,19,12,0,7
11,서울특별시,530,구로구,109,신문래,S216,0,0,0,0,18,9,2,7
11,서울특별시,530,구로구,107,오류,2148,31,15,3,13,8,3,0,5
11,서울특별시,530,구로구,110,온수,2639,22,16,4,2,8,4,3,1
11,서울특별시,530,구로구,111,천왕,S205,29,14,4,11,9,9,0,0
11,서울특별시,545,금천구,101,가산,D437,18,14,4,0,0,0,0,0
11,서울특별시,545,금천구,101,구공,2159,25,25,0,0,11,11,0,0
11,서울특별시,545,금천구,102,대방,2157,28,16,4,8,8,4,0,4
11,서울특별시,545,금천구,102,독산,S214,26,21,0,5,6,6,0,0
11,서울특별시,545,금천구,115,시흥,2999,27,23,1,3,5,5,0,0
11,서울특별시,545,금천구,101,신광명,2194,10,10,0,0,19,12,0,7
11,서울특별시,350,노원구,103,노원,2633,20,16,1,3,6,5,0,1
11,서울특별시,350,노원구,105,상계,2632,31,28,0,3,8,7,0,1
11,서울특별시,350,노원구,102,신의정부,D487,0,0,0,0,12,8,4,0
11,서울특별시,350,노원구,106,중계,S121,23,13,0,10,8,2,1,5
11,서울특별시,320,도봉구,108,방학,D285,28,5,0,23,8,4,0,4
11,서울특별시,320,도봉구,105,신의정부,D487,0,0,0,0,12,8,4,0
11,서울특별시,320,도봉구,105,쌍문,2631,31,26,0,5,8,6,0,2
11,서울특별시,320,도봉구,106,창동,2778,28,22,0,6,8,7,0,1
11,서울특별시,230,동대문구,110,성동,2071,0,0,0,0,18,14,0,4
11,서울특별시,230,동대문구,101,신의정부,D487,0,0,0,0,12,8,4,0
11,서울특별시,230,동대문구,105,용두,D284,30,8,1,21,8,4,0,4
11,서울특별시,230,동대문구,107,종암,2064,18,18,0,0,4,3,0,1
11,서울특별시,230,동대문구,110,휘경,2641,29,25,0,4,8,6,0,2
11,서울특별시,590,동작구,101,노량진,2154,22,22,0,0,4,3,0,1
11,서울특별시,590,동작구,106,사당,2430,30,25,0,5,7,7,0,0
11,서울특별시,590,동작구,109,신광명,2194,10,10,0,0,19,12,0,7
11,서울특별시,590,동작구,117,신길,2659,34,25,0,9,6,4,0,2
11,서울특별시,590,동작구,101,신문래,S216,0,0,0,0,18,9,2,7
11,서울특별시,440,마포구,114,가양,2657,25,20,1,4,6,6,0,0
11,서울특별시,440,마포구,123,당인리,2022,28,16,0,12,6,6,0,0
11,서울특별시,440,마포구,102,등촌,S224,28,17,4,7,8,4,0,4
11,서울특별시,440,마포구,105,마곡,D303,26,26,0,0,8,5,2,1
11,서울특별시,440,마포구,104,마포,2040,23,20,0,3,7,3,3,1
11,서울특별시,440,마포구,127,상암,S114,30,25,3,2,8,8,0,0
11,서울특별시,440,마포구,133,신촌,2059,28,25,0,3,4,4,0,0
11,서울특별시,440,마포구,102,아현,S116,22,9,3,10,4,2,2,0
11,서울특별시,440,마포구,124,연대,S113,30,25,0,5,8,2,5,1
11,서울특별시,440,마포구,101,중부,2560,14,12,0,2,18,10,-1,9
11,서울특별시,440,마포구,108,화곡,2171,29,29,0,0,11,8,3,0
11,서울특별시,410,서대문구,119,서대문,S118,23,22,0,1,6,6,0,0
11,서울특별시,410,서대문구,119,수색,2036,25,25,0,0,8,6,0,2
11,서울특별시,410,서대문구,115,신촌,2059,28,25,0,3,4,4,0,0
11,서울특별시,410,서대문구,109,연대,S113,30,25,0,5,8,2,5,1
11,서울특별시,410,서대문구,118,은평SA,E376,31,25,0,6,8,7,0,1
11,서울특별시,410,서대문구,101,중부,2560,14,12,0,2,18,10,-1,9
11,서울특별시,650,서초구,102,개포,2656,30,26,0,4,8,7,0,1
11,서울특별시,650,서초구,108,교대,S209,27,17,0,10,8,5,0,3
11,서울특별시,650,서초구,107,논일,D302,21,15,2,4,8,6,0,2
11,서울특별시,650,서초구,106,반포,2652,21,21,0,0,5,4,0,1
11,서울특별시,650,서초구,101,사당,2430,30,25,0,5,7,7,0,0
11,서울특별시,650,서초구,108,서초,S219,25,20,2,3,7,3,0,4
11,서울특별시,650,서초구,116,수서,2779,27,25,2,0,8,8,0,0
11,서울특별시,650,서초구,103,신림,S211,32,15,3,14,8,2,1,5
11,서울특별시,650,서초구,108,신양재,S204,0,0,0,0,18,15,0,3
11,서울특별시,650,서초구,102,양지(SA),E407,32,30,0,2,6,2,4,0
11,서울특별시,650,서초구,116,염곡,S210,26,24,2,0,7,6,1,0
11,서울특별시,650,서초구,107,이수,S229,22,16,3,3,5,3,0,2
11,서울특별시,200,성동구,114,뚝도,2088,34,29,0,5,8,4,0,4
11,서울특별시,200,성동구,101,성동,2071,0,0,0,0,18,14,0,4
11,서울특별시,200,성동구,114,성수,S133,29,12,4,13,6,4,0,2
11,서울특별시,200,성동구,109,왕십리,S135,30,23,0,7,8,3,4,1
11,서울특별시,200,성동구,113,한남,S109,30,20,0,10,8,2,2,4
11,서울특별시,290,성북구,103,돈암,S117,28,14,0,14,8,3,0,5
11,서울특별시,290,성북구,134,미아,2634,25,23,0,2,8,4,0,4
11,서울특별시,290,성북구,121,성동,2071,0,0,0,0,18,14,0,4
11,서울특별시,290,성북구,101,신의정부,D487,0,0,0,0,12,8,4,0
11,서울특별시,290,성북구,125,안암,2812,31,21,0,10,8,8,0,0
11,서울특별시,290,성북구,135,종암,2064,18,18,0,0,4,3,0,1
11,서울특별시,710,송파구,107,가락,S206,28,24,0,4,7,7,0,0
11,서울특별시,710,송파구,102,강동,2654,35,34,0,1,9,8,0,1
11,서울특별시,710,송파구,111,동남,S228,30,16,6,8,9,4,1,4
11,서울특별시,710,송파구,101,동서울,2197,19,7,0,12,13,9,0,4
11,서울특별시,710,송파구,105,석촌,S227,36,22,0,14,9,4,0,5
11,서울특별시,710,송파구,113,송파,2653,27,27,0,0,8,8,0,0
11,서울특별시,710,송파구,106,수서,2779,27,25,2,0,8,8,0,0
11,서울특별시,710,송파구,106,잠실,2655,32,32,0,0,8,8,0,0
11,서울특별시,710,송파구,103,풍납,2638,34,31,0,3,6,4,0,2
11,서울특별시,470,양천구,113,목동,2487,30,30,0,0,9,9,0,0
11,서울특별시,470,양천구,101,신문래,S216,0,0,0,0,18,9,2,7
11,서울특별시,470,양천구,117,신정,S230,27,9,8,10,8,4,2,2
11,서울특별시,470,양천구,123,양천,S212,28,25,0,3,6,4,0,2
11,서울특별시,560,영등포구,103,노들,S203,17,17,0,0,6,2,2,2
11,서울특별시,560,영등포구,128,대림,S225,29,17,3,9,4,3,0,1
11,서울특별시,560,영등포구,113,목동,2487,30,30,0,0,9,9,0,0
11,서울특별시,560,영등포구,122,문래,2152,27,24,3,0,0,0,0,0
11,서울특별시,560,영등포구,134,신광명,2194,10,10,0,0,19,12,0,7
11,서울특별시,560,영등포구,101,신문래,S216,0,0,0,0,18,9,2,7
11,서울특별시,560,영등포구,131,양천,S212,28,25,0,3,6,4,0,2
11,서울특별시,560,영등포구,114,양평,2150,28,21,1,6,8,4,3,1
11,서울특별시,560,영등포구,110,여의,2158,36,35,0,1,6,4,0,2
11,서울특별시,560,영등포구,103,영오,S222,21,13,6,2,4,4,0,0
11,서울특별시,560,영등포구,117,의사당,S208,19,19,0,0,8,4,0,4
11,서울특별시,170,용산구,133,동빙고,2011,16,14,2,0,8,5,0,3
11,서울특별시,170,용산구,104,마포,2040,23,20,0,3,7,3,3,1
11,서울특별시,170,용산구,101,성동,2071,0,0,0,0,18,14,0,4
11,서울특별시,170,용산구,110,아현,S116,22,9,3,10,4,2,2,0
11,서울특별시,170,용산구,112,용산,2020,31,28,0,3,7,5,1,1
11,서울특별시,170,용산구,104,중부,2560,14,12,0,2,18,10,-1,9
11,서울특별시,170,용산구,130,한남,S109,30,20,0,10,8,2,2,4
11,서울특별시,380,은평구,107,녹번,S112,30,17,0,13,6,4,4,-2
11,서울특별시,380,은평구,101,수색,2036,25,25,0,0,8,6,0,2
11,서울특별시,380,은평구,103,은평SA,E376,31,25,0,6,8,7,0,1
11,서울특별시,380,은평구,109,중부,2560,14,12,0,2,18,10,-1,9
11,서울특별시,110,종로구,133,미아,2634,25,23,0,2,8,4,0,4
11,서울특별시,110,종로구,174,성동,2071,0,0,0,0,18,14,0,4
11,서울특별시,110,종로구,119,세종로,2029,32,28,0,4,5,5,0,0
11,서울특별시,110,종로구,182,옥인,2052,15,13,0,2,8,6,-3,5
11,서울특별시,110,종로구,110,운니,2621,16,14,0,2,5,5,-1,1
11,서울특별시,110,종로구,168,원남,2643,27,25,0,2,6,6,0,0
11,서울특별시,110,종로구,182,은평SA,E376,31,25,0,6,8,7,0,1
11,서울특별시,110,종로구,150,종로,S123,23,21,0,2,4,3,0,1
11,서울특별시,110,종로구,175,중부,2560,14,12,0,2,18,10,-1,9
11,서울특별시,110,종로구,174,흥인,2023,16,14,0,2,4,2,0,2
11,서울특별시,140,중구,148,방산,D291,28,10,1,17,8,4,0,4
11,서울특별시,140,중구,119,서소문,2622,29,24,1,4,8,7,0,1
11,서울특별시,140,중구,161,성동,2071,0,0,0,0,18,14,0,4
11,서울특별시,140,중구,171,순화,2755,30,24,0,6,7,4,1,2
11,서울특별시,140,중구,155,종로,S123,23,21,0,2,4,3,0,1
11,서울특별시,140,중구,173,중부,2560,14,12,0,2,18,10,-1,9
11,서울특별시,140,중구,142,중앙(SA),2642,20,20,0,0,3,3,0,0
11,서울특별시,260,중랑구,105,상봉,D286,27,10,0,17,8,7,0,1
11,서울특별시,260,중랑구,105,신내,S102,30,28,0,2,8,6,1,1
36,세종특별자치시,110,세종시,330,부강,S419,20,17,0,3,8,6,0,2
36,세종특별자치시,110,세종시,105,서세종,D455,26,23,3,0,8,6,2,0
36,세종특별자치시,110,세종시,103,세종,D452,26,12,10,4,18,10,0,8
36,세종특별자치시,110,세종시,310,월산,S517,26,25,1,0,8,6,0,2
36,세종특별자치시,110,세종시,390,전의,S501,24,22,1,1,8,7,0,1
36,세종특별자치시,110,세종시,360,조치원,2209,24,19,3,2,12,7,0,5
31,울산광역시,140,남구,113,남울산,E432,0,0,0,0,12,8,0,4
31,울산광역시,140,남구,103,두왕,E064,13,13,1,-1,8,4,0,4
31,울산광역시,140,남구,105,매암,S817,25,20,5,0,8,7,1,0
31,울산광역시,140,남구,101,신울산,2388,0,0,0,0,27,23,0,4
31,울산광역시,140,남구,117,옥동,2646,24,23,0,1,10,4,2,4
31,울산광역시,140,남구,112,용연,2578,22,21,0,1,11,11,0,0
31,울산광역시,140,남구,119,울산,S814,26,26,0,0,15,15,0,0
31,울산광역시,170,동구,101,동울산,D277,0,0,0,0,21,6,1,14
31,울산광역시,170,동구,101,방어진,2587,22,22,0,0,8,8,0,0
31,울산광역시,170,동구,106,산하,D509,14,3,1,10,8,4,0,4
31,울산광역시,200,북구,101,동울산,D277,0,0,0,0,21,6,1,14
31,울산광역시,200,북구,109,매곡,D448,19,9,2,8,12,4,0,8
31,울산광역시,200,북구,127,방어진,2587,22,22,0,0,8,8,0,0
31,울산광역시,200,북구,104,북울산,S815,25,20,0,5,8,4,1,3
31,울산광역시,200,북구,112,산하,D509,14,3,1,10,8,4,0,4
31,울산광역시,200,북구,120,효문,2840,25,23,0,2,8,4,3,1
31,울산광역시,710,울주군,250,당월,D397,14,13,1,0,8,5,2,1
31,울산광역시,710,울주군,262,두왕,E064,13,13,1,-1,8,4,0,4
31,울산광역시,710,울주군,310,명례,E016,14,9,2,3,8,7,0,1
31,울산광역시,710,울주군,265,반천,E001,12,7,4,1,8,5,0,3
31,울산광역시,710,울주군,250,신온산,S803,0,0,0,0,18,16,0,2
31,울산광역시,710,울주군,262,신울산,2388,0,0,0,0,27,23,0,4
31,울산광역시,710,울주군,265,언양,2391,18,18,0,0,10,8,0,2
31,울산광역시,710,울주군,250,온산,2392,25,25,1,-1,9,9,0,0
31,울산광역시,710,울주군,253,울주,S801,11,5,1,5,15,12,0,3
31,울산광역시,710,울주군,340,웅촌,S816,18,14,3,1,11,6,0,5
31,울산광역시,710,울주군,310,장안,E063,14,7,0,7,8,5,3,0
31,울산광역시,710,울주군,370,직동,S805,19,17,0,2,8,4,0,4
31,울산광역시,110,중구,115,북울산,S815,25,20,0,5,8,4,1,3
31,울산광역시,110,중구,101,신울산,2388,0,0,0,0,27,23,0,4
31,울산광역시,110,중구,112,태화,D398,10,7,2,1,8,4,0,4
31,울산광역시,110,중구,118,효문,2840,25,23,0,2,8,4,3,1
28,인천광역시,710,강화군,250,강화,S322,20,18,0,2,6,4,2,0
28,인천광역시,710,강화군,400,서강화,D317,12,6,1,5,8,2,2,4
28,인천광역시,710,강화군,250,신경서,S307,0,0,0,0,13,12,1,0
28,인천광역시,245,계양구,120,계양,S305,28,26,1,1,8,6,0,2
28,인천광역시,245,계양구,101,신부평,S321,27,25,0,2,18,10,2,6
28,인천광역시,245,계양구,104,중동,2568,32,32,0,0,14,14,0,0
28,인천광역시,245,계양구,101,청천,SB08,10,10,0,0,5,4,1,0
28,인천광역시,200,남동구,101,고잔,D444,19,12,0,7,8,4,0,4
28,인천광역시,200,남동구,101,관교,S306,27,27,0,0,8,5,2,1
28,인천광역시,200,남동구,107,남동,2574,22,22,0,0,9,9,0,0
28,인천광역시,200,남동구,108,도림,D312,26,20,4,2,12,6,0,6
28,인천광역시,200,남동구,111,동춘,2819,26,26,0,0,8,6,2,0
28,인천광역시,200,남동구,101,만수,S324,26,26,0,0,8,7,0,1
28,인천광역시,200,남동구,126,소래,2569,21,21,0,0,8,4,0,4
28,인천광역시,200,남동구,101,신가좌,2167,15,15,0,0,14,12,2,0
28,인천광역시,200,남동구,105,신시흥#1,2720,0,0,0,0,4,4,0,0
28,인천광역시,200,남동구,108,오봉,SB04,28,28,0,0,12,8,0,4
28,인천광역시,200,남동구,102,주안,SB05,22,22,0,0,8,5,0,3
28,인천광역시,177,미추홀구,106,관교,S306,27,27,0,0,8,5,2,1
28,인천광역시,177,미추홀구,101,신가좌,2167,15,15,0,0,14,12,2,0
28,인천광역시,177,미추홀구,104,신현,2594,27,27,0,0,8,7,1,0
28,인천광역시,177,미추홀구,101,인천,2172,20,18,2,0,7,5,2,0
28,인천광역시,177,미추홀구,105,주안,SB05,22,22,0,0,8,5,0,3
28,인천광역시,177,미추홀구,105,학익,S301,17,17,2,-2,8,4,0,4
28,인천광역시,237,부평구,101,갈산,D278,8,8,0,0,11,7,4,0
28,인천광역시,237,부평구,107,부개,2535,23,23,0,0,8,6,0,2
28,인천광역시,237,부평구,101,부흥,S320,20,20,0,0,8,6,0,2
28,인천광역시,237,부평구,102,신가좌,2167,15,15,0,0,14,12,2,0
28,인천광역시,237,부평구,104,신부평,S321,27,25,0,2,18,10,2,6
28,인천광역시,237,부평구,102,주안,SB05,22,22,0,0,8,5,0,3
28,인천광역시,237,부평구,104,청천,SB08,10,10,0,0,5,4,1,0
28,인천광역시,275,서해구,110,신가좌,2167,15,15,0,0,14,12,2,0
28,인천광역시,275,서해구,111,신경서,S307,0,0,0,0,13,12,1,0
28,인천광역시,185,연수구,102,남동,2574,22,22,0,0,9,9,0,0
28,인천광역시,185,연수구,104,동송도,D980,26,16,10,0,10,6,4,0
28,인천광역시,185,연수구,104,북송도,D309,30,45,0,-15,8,4,2,2
28,인천광역시,185,연수구,104,송도,SB02,28,28,0,0,9,8,1,0
28,인천광역시,185,연수구,101,신가좌,2167,15,15,0,0,14,12,2,0
28,인천광역시,185,연수구,102,신시흥#1,2720,0,0,0,0,4,4,0,0
28,인천광역시,185,연수구,105,연수,2618,26,23,3,0,8,6,2,0
28,인천광역시,155,영종구,106,영종,S304,19,19,0,0,9,8,1,0
28,인천광역시,155,영종구,107,을왕,E514,13,7,2,4,8,3,3,2
28,인천광역시,155,영종구,102,중산,D311,14,14,0,0,8,2,3,3
28,인천광역시,720,옹진군,310,신경서,S307,0,0,0,0,13,12,1,0
12,전남광주통합특별시,780,강진군,250,강진SA,E212,27,20,0,7,12,9,3,0
12,전남광주통합특별시,780,강진군,250,신강진,5028,0,0,0,0,18,7,7,4
12,전남광주통합특별시,740,고흥군,370,고옥,E527,16,7,0,9,6,4,2,0
12,전남광주통합특별시,740,고흥군,350,고흥,S601,26,21,0,5,8,6,2,0
12,전남광주통합특별시,740,고흥군,250,광양,2429,13,10,3,0,18,8,6,4
12,전남광주통합특별시,740,고흥군,380,벌교,2739,21,14,1,6,8,6,2,0
12,전남광주통합특별시,720,곡성군,390,곡성,2690,25,14,1,10,12,8,4,0
12,전남광주통합특별시,720,곡성군,370,순창,E230,14,8,0,6,8,4,0,4
12,전남광주통합특별시,720,곡성군,340,승주,S623,16,11,0,5,9,8,1,0
12,전남광주통합특별시,720,곡성군,250,신광주,2483,0,0,0,0,18,11,1,6
12,전남광주통합특별시,720,곡성군,320,신화순,S616,0,0,0,0,20,10,10,0
12,전남광주통합특별시,330,광산구,117,154kV 비아SA,E296,27,26,1,0,8,7,0,1
12,전남광주통합특별시,330,광산구,106,덕림,E157,25,12,0,13,8,4,4,0
12,전남광주통합특별시,330,광산구,106,북광주,5180,26,16,0,10,8,4,0,4
12,전남광주통합특별시,330,광산구,156,송정,S636,20,10,0,10,8,5,2,1
12,전남광주통합특별시,330,광산구,114,수완,E087,29,28,3,-2,8,5,2,1
12,전남광주통합특별시,330,광산구,101,신광주,2483,0,0,0,0,18,11,1,6
12,전남광주통합특별시,330,광산구,156,신화순,S616,0,0,0,0,20,10,10,0
12,전남광주통합특별시,330,광산구,156,평동SA,E439,26,23,2,1,12,9,1,2
12,전남광주통합특별시,330,광산구,131,하남,2681,29,29,0,0,14,11,3,0
12,전남광주통합특별시,330,광산구,102,흑석,S628,26,26,0,0,8,6,0,2
12,전남광주통합특별시,190,광양시,101,광양,2429,13,10,3,0,18,8,6,4
12,전남광주통합특별시,190,광양시,108,백운,S630,13,10,0,3,8,4,0,4
12,전남광주통합특별시,190,광양시,250,세풍,E051,0,3,0,-3,9,4,5,0
12,전남광주통합특별시,190,광양시,104,태금,2443,18,17,1,0,8,8,0,0
12,전남광주통합특별시,190,광양시,340,하동(SA),2753,27,18,0,9,8,8,0,0
12,전남광주통합특별시,730,구례군,320,구례,S605,13,10,0,3,8,2,1,5
12,전남광주통합특별시,730,구례군,250,신광주,2483,0,0,0,0,18,11,1,6
12,전남광주통합특별시,170,나주시,108,154KV 나주,E233,31,28,2,1,12,11,1,0
12,전남광주통합특별시,170,나주시,430,금천,D368,20,15,5,0,8,4,4,0
12,전남광주통합특별시,170,나주시,101,신화순,S616,0,0,0,0,20,10,10,0
12,전남광주통합특별시,170,나주시,400,엄다,2775,26,24,0,2,8,6,2,0
12,전남광주통합특별시,170,나주시,340,왕곡,E131,26,13,0,13,8,5,2,1
12,전남광주통합특별시,270,남구,116,금천,D368,20,15,5,0,8,4,4,0
12,전남광주통합특별시,270,남구,107,남광주,5057,26,21,0,5,8,6,2,0
12,전남광주통합특별시,270,남구,128,매월,S619,26,14,0,12,8,4,0,4
12,전남광주통합특별시,270,남구,114,소태,S618,14,9,0,5,8,2,6,0
12,전남광주통합특별시,270,남구,120,신화순,S616,0,0,0,0,20,10,10,0
12,전남광주통합특별시,270,남구,105,충장,2682,26,26,0,0,8,6,0,2
12,전남광주통합특별시,710,담양군,320,계림,5056,26,22,0,4,15,11,4,0
12,전남광주통합특별시,710,담양군,335,담양,2774,18,15,0,3,12,5,1,6
12,전남광주통합특별시,710,담양군,250,신광주,2483,0,0,0,0,18,11,1,6
12,전남광주통합특별시,210,동구,109,계림,5056,26,22,0,4,15,11,4,0
12,전남광주통합특별시,210,동구,125,소태,S618,14,9,0,5,8,2,6,0
12,전남광주통합특별시,210,동구,101,신광주,2483,0,0,0,0,18,11,1,6
12,전남광주통합특별시,210,동구,119,신화순,S616,0,0,0,0,20,10,10,0
12,전남광주통합특별시,210,동구,110,충장,2682,26,26,0,0,8,6,0,2
12,전남광주통합특별시,110,목포시,155,목포,S635,26,20,1,5,8,4,1,3
12,전남광주통합특별시,110,목포시,105,북항,S603,21,19,2,0,9,5,4,0
12,전남광주통합특별시,110,목포시,156,신강진,5028,0,0,0,0,18,7,7,4
12,전남광주통합특별시,110,목포시,101,신화순,S616,0,0,0,0,20,10,10,0
12,전남광주통합특별시,810,무안군,256,남악,S629,13,11,0,2,8,4,4,0
12,전남광주통합특별시,810,무안군,320,목포,S635,26,20,1,5,8,4,1,3
12,전남광주통합특별시,810,무안군,250,신화순,S616,0,0,0,0,20,10,10,0
12,전남광주통합특별시,810,무안군,320,엄다,2775,26,24,0,2,8,6,2,0
12,전남광주통합특별시,810,무안군,350,운남,S621,19,16,0,3,10,6,4,0
12,전남광주통합특별시,750,보성군,250,광양,2429,13,10,3,0,18,8,6,4
12,전남광주통합특별시,750,보성군,253,벌교,2739,21,14,1,6,8,6,2,0
12,전남광주통합특별시,750,보성군,310,보성,S626,26,13,3,10,8,3,5,0
12,전남광주통합특별시,300,북구,130,154kV 비아SA,E296,27,26,1,0,8,7,0,1
12,전남광주통합특별시,300,북구,113,계림,5056,26,22,0,4,15,11,4,0
12,전남광주통합특별시,300,북구,410,담양,2774,18,15,0,3,12,5,1,6
12,전남광주통합특별시,300,북구,106,북광주,5180,26,16,0,10,8,4,0,4
12,전남광주통합특별시,300,북구,124,신광주,2483,0,0,0,0,18,11,1,6
12,전남광주통합특별시,300,북구,104,신화순,S616,0,0,0,0,20,10,10,0
12,전남광주통합특별시,300,북구,121,일곡,S617,28,19,0,9,10,8,2,0
12,전남광주통합특별시,300,북구,310,장성,S602,19,14,0,5,8,6,2,0
12,전남광주통합특별시,300,북구,105,충장,2682,26,26,0,0,8,6,0,2
12,전남광주통합특별시,240,서구,121,농성,E406,26,24,0,2,8,6,2,0
12,전남광주통합특별시,240,서구,104,매월,S619,26,14,0,12,8,4,0,4
12,전남광주통합특별시,240,서구,116,북광주,5180,26,16,0,10,8,4,0,4
12,전남광주통합특별시,240,서구,104,신광주,2483,0,0,0,0,18,11,1,6
12,전남광주통합특별시,240,서구,125,신화순,S616,0,0,0,0,20,10,10,0
12,전남광주통합특별시,240,서구,161,충장,2682,26,26,0,0,8,6,0,2
12,전남광주통합특별시,240,서구,115,화정,S624,19,11,0,8,8,4,1,3
12,전남광주통합특별시,150,순천시,101,광양,2429,13,10,3,0,18,8,6,4
12,전남광주통합특별시,150,순천시,330,구례,S605,13,10,0,3,8,2,1,5
12,전남광주통합특별시,150,순천시,250,백운,S630,13,10,0,3,8,4,0,4
12,전남광주통합특별시,150,순천시,108,서순천,S604,22,19,4,-1,8,8,0,0
12,전남광주통합특별시,150,순천시,310,세풍,E051,0,3,0,-3,9,4,5,0
12,전남광주통합특별시,150,순천시,108,순천,5186,26,20,0,6,8,6,2,0
12,전남광주통합특별시,150,순천시,310,승주,S623,16,11,0,5,9,8,1,0
12,전남광주통합특별시,150,순천시,310,율촌,S606,14,14,0,0,16,15,1,0
12,전남광주통합특별시,870,신안군,253,북항,S603,21,19,2,0,9,5,4,0
12,전남광주통합특별시,870,신안군,253,신강진,5028,0,0,0,0,18,7,7,4
12,전남광주통합특별시,870,신안군,250,신화순,S616,0,0,0,0,20,10,10,0
12,전남광주통합특별시,870,신안군,340,안좌 (154KV),D372,20,14,0,6,10,8,2,0
12,전남광주통합특별시,870,신안군,320,운남,S621,19,16,0,3,10,6,4,0
12,전남광주통합특별시,130,여수시,340,소라,S625,21,17,3,1,8,5,0,3
12,전남광주통합특별시,130,여수시,127,여수,2684,29,29,0,0,8,4,1,3
12,전남광주통합특별시,130,여수시,139,여천,5055,17,15,2,0,20,20,0,0
12,전남광주통합특별시,130,여수시,148,용성,S620,26,25,0,1,16,14,2,0
12,전남광주통합특별시,130,여수시,320,율촌,S606,14,14,0,0,16,15,1,0
12,전남광주통합특별시,130,여수시,310,화치,S627,19,10,6,3,15,14,1,0
12,전남광주통합특별시,830,영광군,250,신광주,2483,0,0,0,0,18,11,1,6
12,전남광주통합특별시,830,영광군,310,영광,5181,26,21,1,4,10,8,2,0
12,전남광주통합특별시,830,영광군,370,홍농,S615,8,7,1,0,4,4,0,0
12,전남광주통합특별시,800,영암군,253,남악,S629,13,11,0,2,8,4,4,0
12,전남광주통합특별시,800,영암군,253,대불,2689,28,28,0,0,12,10,2,0
12,전남광주통합특별시,800,영암군,253,삼호,D491,13,3,8,2,8,6,2,0
12,전남광주통합특별시,800,영암군,250,신강진,5028,0,0,0,0,18,7,7,4
12,전남광주통합특별시,800,영암군,340,영암,2583,26,18,0,8,12,6,2,4
12,전남광주통합특별시,850,완도군,370,고흥,S601,26,21,0,5,8,6,2,0
12,전남광주통합특별시,850,완도군,250,신강진,5028,0,0,0,0,18,7,7,4
12,전남광주통합특별시,850,완도군,330,완도,S607,19,19,0,0,8,2,6,0
12,전남광주통합특별시,840,장성군,340,덕림,E157,25,12,0,13,8,4,4,0
12,전남광주통합특별시,840,장성군,250,신광주,2483,0,0,0,0,18,11,1,6
12,전남광주통합특별시,840,장성군,135,장성,S602,19,14,0,5,8,6,2,0
12,전남광주통합특별시,770,장흥군,310,보성,S626,26,13,3,10,8,3,5,0
12,전남광주통합특별시,770,장흥군,250,신강진,5028,0,0,0,0,18,7,7,4
12,전남광주통합특별시,770,장흥군,253,장흥SA,E440,26,17,0,9,12,6,4,2
12,전남광주통합특별시,860,진도군,350,신강진,5028,0,0,0,0,18,7,7,4
12,전남광주통합특별시,860,진도군,320,진도,S608,21,13,3,5,9,6,3,0
12,전남광주통합특별시,820,함평군,360,덕림,E157,25,12,0,13,8,4,4,0
12,전남광주통합특별시,820,함평군,250,신화순,S616,0,0,0,0,20,10,10,0
12,전남광주통합특별시,820,함평군,310,엄다,2775,26,24,0,2,8,6,2,0
12,전남광주통합특별시,790,해남군,380,남창,5029,19,17,0,2,13,6,7,0
12,전남광주통합특별시,790,해남군,310,신강진,5028,0,0,0,0,18,7,7,4
12,전남광주통합특별시,790,해남군,340,해남,2687,26,19,1,6,13,7,6,0
12,전남광주통합특별시,790,해남군,420,화원,S637,19,13,0,6,11,10,1,0
12,전남광주통합특별시,760,화순군,250,신화순,S616,0,0,0,0,20,10,10,0
12,전남광주통합특별시,760,화순군,340,화순,2683,26,20,0,6,12,6,5,1
52,전북특별자치도,790,고창군,320,고창,2678,26,20,1,5,6,6,4,-4
52,전북특별자치도,790,고창군,350,서고창,D264,9,9,0,0,7,6,3,-2
52,전북특별자치도,790,고창군,250,신김제,2788,15,11,0,4,15,12,2,1
52,전북특별자치도,130,군산시,250,군공,2463,32,29,1,2,12,11,1,0
52,전북특별자치도,130,군산시,330,군산,2766,12,9,1,2,13,11,2,0
52,전북특별자치도,130,군산시,148,군장,SC03,34,13,0,21,12,9,3,0
52,전북특별자치도,130,군산시,360,동군산,2674,31,22,3,6,9,8,0,1
52,전북특별자치도,130,군산시,410,백산,D364,28,20,1,7,8,4,3,1
52,전북특별자치도,130,군산시,148,비응,D510,28,19,8,1,8,6,4,-2
52,전북특별자치도,130,군산시,151,새만금,D494,0,0,0,0,15,5,7,3
52,전북특별자치도,130,군산시,320,서군산,2274,22,13,1,8,9,4,0,5
52,전북특별자치도,130,군산시,146,소룡,D498,0,0,0,0,12,12,0,0
52,전북특별자치도,130,군산시,350,이리,2252,32,21,5,6,12,10,2,0
52,전북특별자치도,210,김제시,111,김제,2440,28,27,1,0,8,6,0,2
52,전북특별자치도,210,김제시,380,백산,D364,28,20,1,7,8,4,3,1
52,전북특별자치도,210,김제시,124,신김제,2788,15,11,0,4,15,12,2,1
52,전북특별자치도,210,김제시,420,정주SA,E216,26,25,0,1,11,7,1,3
52,전북특별자치도,190,남원시,101,신남원,2053,26,15,0,11,11,11,0,0
52,전북특별자치도,730,무주군,250,신김제,2788,15,11,0,4,15,12,2,1
52,전북특별자치도,800,부안군,250,신김제,2788,15,11,0,4,15,12,2,1
52,전북특별자치도,770,순창군,400,순창,E230,14,8,0,6,8,4,0,4
52,전북특별자치도,770,순창군,250,신광주,2483,0,0,0,0,18,11,1,6
52,전북특별자치도,710,완주군,350,남전주,2491,28,27,0,1,7,5,2,0
52,전북특별자치도,710,완주군,410,봉동,D362,26,19,3,4,8,4,0,4
52,전북특별자치도,710,완주군,253,북전주,2677,31,28,1,2,9,8,0,1
52,전북특별자치도,710,완주군,320,임실,2303,26,21,0,5,5,5,0,0
52,전북특별자치도,140,익산시,370,낭산,D431,22,12,0,10,8,4,0,4
52,전북특별자치도,140,익산시,113,영등,2825,28,21,0,7,8,8,0,0
52,전북특별자치도,140,익산시,127,이리,2252,32,21,5,6,12,10,2,0
52,전북특별자치도,140,익산시,400,팔봉,2609,32,31,0,1,8,8,0,0
52,전북특별자치도,750,임실군,250,신남원,2053,26,15,0,11,11,11,0,0
52,전북특별자치도,750,임실군,350,임실,2303,26,21,0,5,5,5,0,0
52,전북특별자치도,740,장수군,250,신김제,2788,15,11,0,4,15,12,2,1
52,전북특별자치도,740,장수군,350,장수,D361,26,20,0,6,12,2,6,4
52,전북특별자치도,113,전주시덕진구,108,서곡,SC02,31,27,3,1,8,7,0,1
52,전북특별자치도,113,전주시덕진구,102,신김제,2788,15,11,0,4,15,12,2,1
52,전북특별자치도,113,전주시덕진구,135,전주,2269,31,31,0,0,11,6,4,1
52,전북특별자치도,113,전주시덕진구,130,탄소(SA),E337,14,6,0,8,8,4,0,4
52,전북특별자치도,113,전주시덕진구,102,태평(SA),S503,24,17,1,6,6,4,0,2
52,전북특별자치도,113,전주시덕진구,420,팔봉,2609,32,31,0,1,8,8,0,0
52,전북특별자치도,111,전주시완산구,130,남전주,2491,28,27,0,1,7,5,2,0
52,전북특별자치도,111,전주시완산구,101,신김제,2788,15,11,0,4,15,12,2,1
52,전북특별자치도,111,전주시완산구,108,전주,2269,31,31,0,0,11,6,4,1
52,전북특별자치도,111,전주시완산구,112,태평(SA),S503,24,17,1,6,6,4,0,2
52,전북특별자치도,180,정읍시,330,신김제,2788,15,11,0,4,15,12,2,1
52,전북특별자치도,180,정읍시,101,정주SA,E216,26,25,0,1,11,7,1,3
52,전북특별자치도,720,진안군,250,신김제,2788,15,11,0,4,15,12,2,1
52,전북특별자치도,720,진안군,350,장수,D361,26,20,0,6,12,2,6,4
52,전북특별자치도,720,진안군,330,진안,SC01,25,15,0,10,6,4,0,2
50,제주특별자치도,130,서귀포시,259,성산,SA01,31,19,1,11,6,5,1,0
50,제주특별자치도,130,서귀포시,101,신서귀,2842,20,16,0,4,4,4,0,0
50,제주특별자치도,130,서귀포시,112,안덕,5965,20,20,0,0,7,7,0,0
50,제주특별자치도,130,서귀포시,115,조천,SA06,24,16,1,7,12,4,8,0
50,제주특별자치도,130,서귀포시,119,표선,SA08,20,17,1,2,12,5,5,2
50,제주특별자치도,130,서귀포시,101,한라,5964,26,20,0,6,7,5,1,1
50,제주특별자치도,130,서귀포시,310,한림,SA07,18,15,1,2,8,7,1,0
50,제주특별자치도,110,제주시,101,산지,SA05,20,16,0,4,5,2,1,2
50,제주특별자치도,110,제주시,256,성산,SA01,31,19,1,11,6,5,1,0
50,제주특별자치도,110,제주시,250,안덕,5965,20,20,0,0,7,7,0,0
50,제주특별자치도,110,제주시,123,제주,E054,12,6,2,4,8,3,2,3
50,제주특별자치도,110,제주시,113,조천,SA06,24,16,1,7,12,4,8,0
50,제주특별자치도,110,제주시,122,한림,SA07,18,15,1,2,8,7,1,0
44,충청남도,250,계룡시,107,두마,2512,26,17,4,5,8,4,0,4
44,충청남도,250,계룡시,101,신계룡,S519,9,0,6,3,16,10,0,6
44,충청남도,150,공주시,124,공주,2462,28,26,0,2,9,4,0,5
44,충청남도,150,공주시,340,신풍,2823,27,7,0,20,8,4,0,4
44,충청남도,150,공주시,101,청양,2437,11,6,0,5,12,6,0,6
44,충청남도,710,금산군,250,금산,2490,22,18,0,4,7,5,2,0
44,충청남도,710,금산군,250,신옥천,2243,0,0,0,0,16,16,0,0
44,충청남도,710,금산군,320,추부,D353,15,7,3,5,8,4,0,4
44,충청남도,230,논산시,110,논산,S521,24,15,4,5,8,6,0,2
44,충청남도,230,논산시,101,신계룡,S519,9,0,6,3,16,10,0,6
44,충청남도,230,논산시,400,은진,2200,22,21,1,0,12,6,0,6
44,충청남도,270,당진시,360,당진,2229,23,18,5,0,12,5,2,5
44,충청남도,270,당진시,253,북당진,E012,0,0,0,0,8,0,1,7
44,충청남도,270,당진시,310,석문,D521,25,17,8,0,8,5,3,0
44,충청남도,270,당진시,340,송악,2826,26,22,3,1,11,8,3,0
44,충청남도,270,당진시,153,신당진,2787,14,8,1,5,18,5,2,11
44,충청남도,270,당진시,109,신송산,E154,26,4,6,16,18,0,5,13
44,충청남도,270,당진시,107,태안,2675,26,17,9,0,10,6,2,2
44,충청남도,270,당진시,370,합덕,D990,26,16,8,2,8,6,1,1
44,충청남도,180,보령시,310,관창,2822,26,19,2,5,8,6,0,2
44,충청남도,180,보령시,102,청양,2437,11,6,0,5,12,6,0,6
44,충청남도,760,부여군,350,부여,2439,24,16,3,5,12,4,0,8
44,충청남도,760,부여군,390,신옥천,2243,0,0,0,0,16,16,0,0
44,충청남도,760,부여군,410,옥산,2824,27,15,0,12,8,6,0,2
44,충청남도,210,서산시,250,대산,2765,23,21,0,2,16,16,0,0
44,충청남도,210,서산시,104,서산,2044,24,21,1,2,12,10,-4,6
44,충청남도,210,서산시,360,성연,S522,26,17,8,1,7,5,2,0
44,충청남도,210,서산시,109,신당진,2787,14,8,1,5,18,5,2,11
44,충청남도,210,서산시,310,태안,2675,26,17,9,0,10,6,2,2
44,충청남도,210,서산시,400,해미,S530,27,9,2,16,8,2,4,2
44,충청남도,770,서천군,370,서천,E389,12,6,0,6,5,4,1,0
44,충청남도,770,서천군,250,신옥천,2243,0,0,0,0,16,16,0,0
44,충청남도,770,서천군,370,장항,2319,26,17,6,3,12,5,2,5
44,충청남도,200,아산시,360,둔포,S506,22,16,2,4,8,6,2,0
44,충청남도,200,아산시,360,석곡,D352,25,18,5,2,8,4,0,4
44,충청남도,200,아산시,370,신온양,S526,13,12,1,0,12,4,3,5
44,충청남도,200,아산시,330,신탕정,D282,0,0,0,0,16,14,2,0
44,충청남도,200,아산시,310,아산,2670,13,13,0,0,18,8,0,10
44,충청남도,200,아산시,390,인주,2764,22,18,4,0,7,6,0,1
44,충청남도,200,아산시,330,탕정,S516,26,23,1,2,12,11,1,0
44,충청남도,810,예산군,330,예산,2051,23,19,0,4,12,8,0,4
44,충청남도,810,예산군,330,응봉,D355,23,19,2,2,8,4,0,4
44,충청남도,810,예산군,250,태안,2675,26,17,9,0,10,6,2,2
44,충청남도,131,천안시동남구,320,동천안,S520,22,17,2,3,8,4,0,4
44,충청남도,131,천안시동남구,103,신진천,S422,12,6,0,6,17,15,2,0
44,충청남도,131,천안시동남구,101,아산,2670,13,13,0,0,18,8,0,10
44,충청남도,131,천안시동남구,153,천안,2724,25,25,0,0,8,6,2,0
44,충청남도,131,천안시동남구,320,풍세,D360,25,18,6,1,7,4,3,0
44,충청남도,133,천안시서북구,250,둔포,S506,22,16,2,4,8,6,2,0
44,충청남도,133,천안시서북구,106,불당,S507,24,21,0,3,8,6,2,0
44,충청남도,133,천안시서북구,133,서천안,2676,27,27,0,0,12,11,0,1
44,충청남도,133,천안시서북구,253,성거,2610,24,24,0,0,12,4,2,6
44,충청남도,133,천안시서북구,105,신온양,S526,13,12,1,0,12,4,3,5
44,충청남도,133,천안시서북구,110,신진천,S422,12,6,0,6,17,15,2,0
44,충청남도,133,천안시서북구,101,아산,2670,13,13,0,0,18,8,0,10
44,충청남도,133,천안시서북구,117,장재,S528,25,23,0,2,8,8,0,0
44,충청남도,133,천안시서북구,250,직산(SA),E399,27,12,7,8,8,4,4,0
44,충청남도,133,천안시서북구,102,천안,2724,25,25,0,0,8,6,2,0
44,충청남도,133,천안시서북구,106,한샘,S527,24,24,0,0,12,8,2,2
44,충청남도,790,청양군,250,신옥천,2243,0,0,0,0,16,16,0,0
44,충청남도,790,청양군,390,청양,2437,11,6,0,5,12,6,0,6
44,충청남도,825,태안군,310,안면,S523,24,16,4,4,8,4,3,1
44,충청남도,825,태안군,330,태안,2675,26,17,9,0,10,6,2,2
44,충청남도,800,홍성군,360,은하,D354,27,14,3,10,8,4,1,3
44,충청남도,800,홍성군,250,태안,2675,26,17,9,0,10,6,2,2
44,충청남도,800,홍성군,380,홍성,2489,25,20,1,4,12,8,2,2
43,충청북도,760,괴산군,310,괴산,D347,14,5,0,9,6,2,1,3
43,충청북도,760,괴산군,350,사리,2536,27,21,0,6,11,7,0,4
43,충청북도,760,괴산군,250,신충주,D275,24,22,0,2,16,16,0,0
43,충청북도,760,괴산군,310,장연,2700,24,7,0,17,6,4,1,1
43,충청북도,800,단양군,350,단양,4597,17,14,0,3,13,12,1,0
43,충청북도,800,단양군,250,신제천,2507,0,0,0,0,20,18,2,0
43,충청북도,720,보은군,330,보은,2611,24,19,1,4,7,3,2,2
43,충청북도,720,보은군,250,신옥천,2243,0,0,0,0,16,16,0,0
43,충청북도,740,영동군,250,신옥천,2243,0,0,0,0,16,16,0,0
43,충청북도,740,영동군,340,영동,2244,21,15,0,6,6,3,2,1
43,충청북도,730,옥천군,250,신옥천,2243,0,0,0,0,16,16,0,0
43,충청북도,730,옥천군,320,옥천,2727,34,16,1,17,8,8,0,0
43,충청북도,770,음성군,400,감곡,2815,26,19,0,7,8,8,0,0
43,충청북도,770,음성군,340,광혜원,2729,30,28,0,2,8,8,-2,2
43,충청북도,770,음성군,253,금왕,S403,27,27,0,0,7,7,0,0
43,충청북도,770,음성군,330,남음성,D986,24,24,0,0,8,4,1,3
43,충청북도,770,음성군,330,신진천,S422,12,6,0,6,17,15,2,0
43,충청북도,770,음성군,250,신충주,D275,24,22,0,2,16,16,0,0
43,충청북도,770,음성군,310,음성,2563,24,15,0,9,10,9,0,1
43,충청북도,150,제천시,101,신제천,2507,0,0,0,0,20,18,2,0
43,충청북도,150,제천시,420,왕암,S427,26,17,1,8,12,8,3,1
43,충청북도,150,제천시,121,제천,4596,24,20,0,4,7,4,0,3
43,충청북도,745,증평군,250,남청주,2508,13,9,4,0,20,20,0,0
43,충청북도,745,증평군,310,사리,2536,27,21,0,6,11,7,0,4
43,충청북도,750,진천군,370,광혜원,2729,30,28,0,2,8,8,-2,2
43,충청북도,750,진천군,360,덕산,D342,17,17,0,0,12,5,2,5
43,충청북도,750,진천군,250,신진천,S422,12,6,0,6,17,15,2,0
43,충청북도,750,진천군,330,오창,S420,26,20,1,5,8,8,-1,1
43,충청북도,750,진천군,350,진천,2527,28,28,0,0,8,8,-2,2
43,충청북도,111,청주시상당구,101,남청주,2508,13,9,4,0,20,20,0,0
43,충청북도,111,청주시상당구,105,사직,S406,27,17,0,10,8,4,2,2
43,충청북도,111,청주시상당구,122,율량,D341,21,13,0,8,7,4,2,1
43,충청북도,111,청주시상당구,330,청주,2725,26,25,1,0,12,10,-1,3
43,충청북도,111,청주시상당구,320,초정,S429,31,31,0,0,7,4,2,1
43,충청북도,112,청주시서원구,102,남청주,2508,13,9,4,0,20,20,0,0
43,충청북도,112,청주시서원구,103,사직,S406,27,17,0,10,8,4,2,2
43,충청북도,112,청주시서원구,109,죽림,S404,26,21,0,5,8,8,0,0
43,충청북도,112,청주시서원구,106,청주,2725,26,25,1,0,12,10,-1,3
43,충청북도,114,청주시청원구,101,남청주,2508,13,9,4,0,20,20,0,0
43,충청북도,114,청주시청원구,137,북청주,S441,29,19,1,9,12,12,-3,3
43,충청북도,114,청주시청원구,253,신진천,S422,12,6,0,6,17,15,2,0
43,충청북도,114,청주시청원구,253,오창,S420,26,20,1,5,8,8,-1,1
43,충청북도,114,청주시청원구,124,율량,D341,21,13,0,8,7,4,2,1
43,충청북도,114,청주시청원구,250,초정,S429,31,31,0,0,7,4,2,1
43,충청북도,113,청주시흥덕구,330,국사,D348,25,22,0,3,12,7,0,5
43,충청북도,113,청주시흥덕구,104,남청주,2508,13,9,4,0,20,20,0,0
43,충청북도,113,청주시흥덕구,111,봉명(SA),E416,28,28,0,0,8,8,0,0
43,충청북도,113,청주시흥덕구,250,북오송,D988,28,7,4,17,8,4,0,4
43,충청북도,113,청주시흥덕구,114,북청주,S441,29,19,1,9,12,12,-3,3
43,충청북도,113,청주시흥덕구,113,서청주,4569,22,20,0,2,7,7,0,0
43,충청북도,113,청주시흥덕구,320,신진천,S422,12,6,0,6,17,15,2,0
43,충청북도,113,청주시흥덕구,250,오송,S433,32,31,0,1,12,7,3,2
43,충청북도,130,충주시,370,감곡,2815,26,19,0,7,8,8,0,0
43,충청북도,130,충주시,400,북충주,D344,23,10,0,13,12,4,3,5
43,충청북도,130,충주시,127,신충주,D275,24,22,0,2,16,16,0,0
43,충청북도,130,충주시,350,음성,2563,24,15,0,9,10,9,0,1
43,충청북도,130,충주시,310,장연,2700,24,7,0,17,6,4,1,1
43,충청북도,130,충주시,105,충주,2446,27,27,0,0,11,9,0,2
43,충청북도,130,충주시,165,풍동,S405,25,16,1,8,7,4,0,3
