원래코드,원래시군구명,읍면동코드,읍면동명,변전소,변전소ID,신코드,처리,블록
28110,중구,126,신흥동1가,남인천,2425,28125,재배정,sup229
28110,중구,138,북성동1가,송월,2485,28125,재배정,sup229
28110,중구,125,답동,신가좌,2167,28125,재배정,sup229
28140,동구,101,만석동,신가좌,2167,28125,재배정 + 중복제거,sup229
28140,동구,101,숭의동,인천,2172,,제외(매핑표 지정),sup229
28260,서구,103,검암동,경서,2599,28275,재배정,sup229
28260,서구,120,둑실동,계양,S305,28290,재배정,sup229
28260,서구,116,불로동,김포,SB06,28290,재배정,sup229
28260,서구,108,가정동,마전(건설중),E144,28275,재배정,sup229
28260,서구,126,가정동,북인천,2455,28275,재배정,sup229
28260,서구,114,당하동,불로,D313,28290,재배정,sup229
28260,서구,103,검암동,서청라(건설중),D315,28275,재배정,sup229
28260,서구,112,가좌동,신가좌,2167,28275,재배정,sup229
28260,서구,106,가좌동,신현,2594,28275,재배정,sup229
28260,서구,103,금곡동,양촌,SB09,,제외(매핑표 지정),sup229
28260,서구,113,오류동,왕길,D316,28290,재배정,sup229
28260,서구,110,석남동,원창,SB03,28275,재배정,sup229
28260,서구,123,대곡동,장기,D318,28290,재배정,sup229
28260,서구,122,청라동,청라,D310,28275,재배정,sup229
41190,부천시,121,고강동,고강,SB07,41196,재배정,sup229
41190,부천시,104,도당동,도당,E004,41192,재배정,sup229
41190,부천시,107,부개동,부개,2535,,제외(매핑표 지정),sup229
41190,부천시,122,내동,부천,2176,41196,재배정,sup229
41190,부천시,113,괴안동,역곡,SB01,41194,재배정,sup229
41190,부천시,109,상동,원미,S318,41192,재배정,sup229
41190,부천시,122,내동,중동,2568,41196,재배정,sup229
41190,부천시,108,옥길동,천왕,S205,41194,재배정,sup229
41590,화성시,121,반정동,154kV 동수원(SA),E206,41595,재배정,sup229
41590,화성시,400,양감면,구문천,D326,41591,재배정,sup229
41590,화성시,124,기안동,남수원,2722,41593,재배정,sup229
41590,화성시,320,비봉면,남양,D329,41593,재배정,sup229
41590,화성시,370,장안면,동송산,D516,41591,재배정,sup229
41590,화성시,111,장지동,동탄,D335,41597,재배정,sup229
41590,화성시,330,마도면,마도,E050,41591,재배정,sup229
41590,화성시,400,양감면,발안,S310,41591,재배정,sup229
41590,화성시,119,기산동,병점,S330,41595,재배정,sup229
41590,화성시,310,매송면,봉담,D334,41593,재배정,sup229
41590,화성시,131,영천동,북동탄,D503,41597,재배정,sup229
41590,화성시,350,서신면,사강,2817,41591,재배정,sup229
41590,화성시,103,금곡동,삼미,S337,41597,재배정,sup229
41590,화성시,256,우정읍,수촌,D332,41591,재배정,sup229
41590,화성시,310,매송면,양감(건설중),E329,41593,재배정,sup229
41590,화성시,360,팔탄면,장덕,S332,41591,재배정,sup229
41590,화성시,113,목동,중동탄,D468,41597,재배정,sup229
41590,화성시,410,정남면,향남,D467,41593,재배정,sup229
41590,화성시,140,새솔동,화성,2780,41591,재배정,sup229
28110,중구,126,신흥동1가,남인천,2425,28125,재배정,sup154
28110,중구,138,북성동1가,송월,2485,28125,재배정,sup154
28110,중구,125,답동,신가좌,2167,28125,재배정,sup154
28140,동구,101,만석동,신가좌,2167,28125,재배정 + 중복제거,sup154
28140,동구,101,숭의동,인천,2172,,제외(매핑표 지정),sup154
28260,서구,103,검암동,경서,2599,28275,재배정,sup154
28260,서구,120,둑실동,계양,S305,28290,재배정,sup154
28260,서구,116,불로동,김포,SB06,28290,재배정,sup154
28260,서구,108,가정동,마전(건설중),E144,28275,재배정,sup154
28260,서구,126,가정동,북인천,2455,28275,재배정,sup154
28260,서구,114,당하동,불로,D313,28290,재배정,sup154
28260,서구,103,검암동,서청라(건설중),D315,28275,재배정,sup154
28260,서구,112,가좌동,신가좌,2167,28275,재배정,sup154
28260,서구,106,가좌동,신현,2594,28275,재배정,sup154
28260,서구,103,금곡동,양촌,SB09,,제외(매핑표 지정),sup154
28260,서구,113,오류동,왕길,D316,28290,재배정,sup154
28260,서구,110,석남동,원창,SB03,28275,재배정,sup154
28260,서구,123,대곡동,장기,D318,28290,재배정,sup154
28260,서구,122,청라동,청라,D310,28275,재배정,sup154
41190,부천시,121,고강동,고강,SB07,41196,재배정,sup154
41190,부천시,104,도당동,도당,E004,41192,재배정,sup154
41190,부천시,107,부개동,부개,2535,,제외(매핑표 지정),sup154
41190,부천시,122,내동,부천,2176,41196,재배정,sup154
41190,부천시,113,괴안동,역곡,SB01,41194,재배정,sup154
41190,부천시,109,상동,원미,S318,41192,재배정,sup154
41190,부천시,122,내동,중동,2568,41196,재배정,sup154
41190,부천시,108,옥길동,천왕,S205,41194,재배정,sup154
41590,화성시,121,반정동,154kV 동수원(SA),E206,41595,재배정,sup154
41590,화성시,400,양감면,구문천,D326,41591,재배정,sup154
41590,화성시,124,기안동,남수원,2722,41593,재배정,sup154
41590,화성시,320,비봉면,남양,D329,41593,재배정,sup154
41590,화성시,370,장안면,동송산,D516,41591,재배정,sup154
41590,화성시,111,장지동,동탄,D335,41597,재배정,sup154
41590,화성시,330,마도면,마도,E050,41591,재배정,sup154
41590,화성시,400,양감면,발안,S310,41591,재배정,sup154
41590,화성시,119,기산동,병점,S330,41595,재배정,sup154
41590,화성시,310,매송면,봉담,D334,41593,재배정,sup154
41590,화성시,131,영천동,북동탄,D503,41597,재배정,sup154
41590,화성시,350,서신면,사강,2817,41591,재배정,sup154
41590,화성시,103,금곡동,삼미,S337,41597,재배정,sup154
41590,화성시,256,우정읍,수촌,D332,41591,재배정,sup154
41590,화성시,310,매송면,양감(건설중),E329,41593,재배정,sup154
41590,화성시,360,팔탄면,장덕,S332,41591,재배정,sup154
41590,화성시,113,목동,중동탄,D468,41597,재배정,sup154
41590,화성시,410,정남면,향남,D467,41593,재배정,sup154
41590,화성시,140,새솔동,화성,2780,41591,재배정,sup154
41190,부천시,121,고강동,고강,SB07,41196,재배정,renw
41190,부천시,104,도당동,도당,E004,41192,재배정,renw
41190,부천시,107,부개동,부개,2535,,제외(매핑표 지정),renw
41190,부천시,122,내동,부천,2176,41196,재배정,renw
41190,부천시,113,괴안동,역곡,SB01,41194,재배정,renw
41190,부천시,109,상동,원미,S318,41192,재배정,renw
41190,부천시,122,내동,중동,2568,41196,재배정,renw
41190,부천시,108,옥길동,천왕,S205,41194,재배정,renw
41590,화성시,121,반정동,154kV 동수원(SA),E206,41595,재배정,renw
41590,화성시,400,양감면,구문천,D326,41591,재배정,renw
41590,화성시,124,기안동,남수원,2722,41593,재배정,renw
41590,화성시,320,비봉면,남양,D329,41593,재배정,renw
41590,화성시,370,장안면,동송산,D516,41591,재배정 + 중복제거,renw
41590,화성시,111,장지동,동탄,D335,41597,재배정,renw
41590,화성시,330,마도면,마도,E050,41591,재배정,renw
41590,화성시,400,양감면,발안,S310,41591,재배정,renw
41590,화성시,119,기산동,병점,S330,41595,재배정,renw
41590,화성시,310,매송면,봉담,D334,41593,재배정,renw
41590,화성시,131,영천동,북동탄,D503,41597,재배정,renw
41590,화성시,350,서신면,사강,2817,41591,재배정,renw
41590,화성시,103,금곡동,삼미,S337,41597,재배정,renw
41590,화성시,123,배양동,서서울#2,D280,41593,재배정,renw
41590,화성시,256,우정읍,수촌,D332,41591,재배정,renw
41590,화성시,310,매송면,양감(건설중),E329,41593,재배정,renw
41590,화성시,360,팔탄면,장덕,S332,41591,재배정,renw
41590,화성시,113,목동,중동탄,D468,41597,재배정 + 중복제거,renw
41590,화성시,410,정남면,향남,D467,41593,재배정,renw
41590,화성시,140,새솔동,화성,2780,41591,재배정 + 중복제거,renw
41190,부천시,121,고강동,고강,SB07,41196,재배정,cbr
41190,부천시,104,도당동,도당,E004,41192,재배정,cbr
41190,부천시,107,부개동,부개,2535,,제외(매핑표 지정),cbr
41190,부천시,122,내동,부천,2176,41196,재배정,cbr
41190,부천시,113,괴안동,역곡,SB01,41194,재배정,cbr
41190,부천시,109,상동,원미,S318,41192,재배정,cbr
41190,부천시,122,내동,중동,2568,41196,재배정,cbr
41190,부천시,108,옥길동,천왕,S205,41194,재배정,cbr
41590,화성시,121,반정동,154kV 동수원(SA),E206,41595,재배정,cbr
41590,화성시,400,양감면,구문천,D326,41591,재배정,cbr
41590,화성시,320,비봉면,남양,D329,41593,재배정,cbr
41590,화성시,111,장지동,동탄,D335,41597,재배정,cbr
41590,화성시,330,마도면,마도,E050,41591,재배정,cbr
41590,화성시,400,양감면,발안,S310,41591,재배정,cbr
41590,화성시,119,기산동,병점,S330,41595,재배정,cbr
41590,화성시,310,매송면,봉담,D334,41593,재배정,cbr
41590,화성시,131,영천동,북동탄,D503,41597,재배정,cbr
41590,화성시,350,서신면,사강,2817,41591,재배정,cbr
41590,화성시,103,금곡동,삼미,S337,41597,재배정,cbr
41590,화성시,123,배양동,서서울#2,D280,41593,재배정,cbr
41590,화성시,256,우정읍,수촌,D332,41591,재배정,cbr
41590,화성시,360,팔탄면,장덕,S332,41591,재배정,cbr
41590,화성시,410,정남면,향남,D467,41593,재배정,cbr
41590,화성시,140,새솔동,화성,2780,41591,재배정 + 중복제거,cbr
,,,,신수원,,41591,345kV 상위지역 복제,c345
,,,,신수원,,41593,345kV 상위지역 복제,c345
,,,,신수원,,41595,345kV 상위지역 복제,c345
,,,,신수원,,41597,345kV 상위지역 복제,c345
,,,,화성,,41591,345kV 상위지역 복제,c345
,,,,화성,,41593,345kV 상위지역 복제,c345
,,,,화성,,41595,345kV 상위지역 복제,c345
,,,,화성,,41597,345kV 상위지역 복제,c345
,,,,신기흥,,41591,345kV 상위지역 복제,c345
,,,,신기흥,,41593,345kV 상위지역 복제,c345
,,,,신기흥,,41595,345kV 상위지역 복제,c345
,,,,신기흥,,41597,345kV 상위지역 복제,c345
,,,,서화성,,41591,345kV 상위지역 복제,c345
,,,,서화성,,41593,345kV 상위지역 복제,c345
,,,,서화성,,41595,345kV 상위지역 복제,c345
,,,,서화성,,41597,345kV 상위지역 복제,c345
,,,,신동탄,,41591,345kV 상위지역 복제,c345
,,,,신동탄,,41593,345kV 상위지역 복제,c345
,,,,신동탄,,41595,345kV 상위지역 복제,c345
,,,,신동탄,,41597,345kV 상위지역 복제,c345
