시군구코드,개편전코드,시도명,시도,시군구,시군구_공백제거,법정동명
11110,,서울특별시,서울,종로구,종로구,서울특별시 종로구
11140,,서울특별시,서울,중구,중구,서울특별시 중구
11170,,서울특별시,서울,용산구,용산구,서울특별시 용산구
11200,,서울특별시,서울,성동구,성동구,서울특별시 성동구
11215,,서울특별시,서울,광진구,광진구,서울특별시 광진구
11230,,서울특별시,서울,동대문구,동대문구,서울특별시 동대문구
11260,,서울특별시,서울,중랑구,중랑구,서울특별시 중랑구
11290,,서울특별시,서울,성북구,성북구,서울특별시 성북구
11305,,서울특별시,서울,강북구,강북구,서울특별시 강북구
11320,,서울특별시,서울,도봉구,도봉구,서울특별시 도봉구
11350,,서울특별시,서울,노원구,노원구,서울특별시 노원구
11380,,서울특별시,서울,은평구,은평구,서울특별시 은평구
11410,,서울특별시,서울,서대문구,서대문구,서울특별시 서대문구
11440,,서울특별시,서울,마포구,마포구,서울특별시 마포구
11470,,서울특별시,서울,양천구,양천구,서울특별시 양천구
11500,,서울특별시,서울,강서구,강서구,서울특별시 강서구
11530,,서울특별시,서울,구로구,구로구,서울특별시 구로구
11545,,서울특별시,서울,금천구,금천구,서울특별시 금천구
11560,,서울특별시,서울,영등포구,영등포구,서울특별시 영등포구
11590,,서울특별시,서울,동작구,동작구,서울특별시 동작구
11620,,서울특별시,서울,관악구,관악구,서울특별시 관악구
11650,,서울특별시,서울,서초구,서초구,서울특별시 서초구
11680,,서울특별시,서울,강남구,강남구,서울특별시 강남구
11710,,서울특별시,서울,송파구,송파구,서울특별시 송파구
11740,,서울특별시,서울,강동구,강동구,서울특별시 강동구
12110,46110,전남광주통합특별시,전남광주,목포시,목포시,전남광주통합특별시 목포시
12130,46130,전남광주통합특별시,전남광주,여수시,여수시,전남광주통합특별시 여수시
12150,46150,전남광주통합특별시,전남광주,순천시,순천시,전남광주통합특별시 순천시
12170,46170,전남광주통합특별시,전남광주,나주시,나주시,전남광주통합특별시 나주시
12190,46230,전남광주통합특별시,전남광주,광양시,광양시,전남광주통합특별시 광양시
12210,29110,전남광주통합특별시,전남광주,동구,동구,전남광주통합특별시 동구
12240,29140,전남광주통합특별시,전남광주,서구,서구,전남광주통합특별시 서구
12270,29155,전남광주통합특별시,전남광주,남구,남구,전남광주통합특별시 남구
12300,29170,전남광주통합특별시,전남광주,북구,북구,전남광주통합특별시 북구
12330,29200,전남광주통합특별시,전남광주,광산구,광산구,전남광주통합특별시 광산구
12710,46710,전남광주통합특별시,전남광주,담양군,담양군,전남광주통합특별시 담양군
12720,46720,전남광주통합특별시,전남광주,곡성군,곡성군,전남광주통합특별시 곡성군
12730,46730,전남광주통합특별시,전남광주,구례군,구례군,전남광주통합특별시 구례군
12740,46770,전남광주통합특별시,전남광주,고흥군,고흥군,전남광주통합특별시 고흥군
12750,46780,전남광주통합특별시,전남광주,보성군,보성군,전남광주통합특별시 보성군
12760,46790,전남광주통합특별시,전남광주,화순군,화순군,전남광주통합특별시 화순군
12770,46800,전남광주통합특별시,전남광주,장흥군,장흥군,전남광주통합특별시 장흥군
12780,46810,전남광주통합특별시,전남광주,강진군,강진군,전남광주통합특별시 강진군
12790,46820,전남광주통합특별시,전남광주,해남군,해남군,전남광주통합특별시 해남군
12800,46830,전남광주통합특별시,전남광주,영암군,영암군,전남광주통합특별시 영암군
12810,46840,전남광주통합특별시,전남광주,무안군,무안군,전남광주통합특별시 무안군
12820,46860,전남광주통합특별시,전남광주,함평군,함평군,전남광주통합특별시 함평군
12830,46870,전남광주통합특별시,전남광주,영광군,영광군,전남광주통합특별시 영광군
12840,46880,전남광주통합특별시,전남광주,장성군,장성군,전남광주통합특별시 장성군
12850,46890,전남광주통합특별시,전남광주,완도군,완도군,전남광주통합특별시 완도군
12860,46900,전남광주통합특별시,전남광주,진도군,진도군,전남광주통합특별시 진도군
12870,46910,전남광주통합특별시,전남광주,신안군,신안군,전남광주통합특별시 신안군
26110,,부산광역시,부산,중구,중구,부산광역시 중구
26140,,부산광역시,부산,서구,서구,부산광역시 서구
26170,,부산광역시,부산,동구,동구,부산광역시 동구
26200,,부산광역시,부산,영도구,영도구,부산광역시 영도구
26230,,부산광역시,부산,부산진구,부산진구,부산광역시 부산진구
26260,,부산광역시,부산,동래구,동래구,부산광역시 동래구
26290,,부산광역시,부산,남구,남구,부산광역시 남구
26320,,부산광역시,부산,북구,북구,부산광역시 북구
26350,,부산광역시,부산,해운대구,해운대구,부산광역시 해운대구
26380,,부산광역시,부산,사하구,사하구,부산광역시 사하구
26410,,부산광역시,부산,금정구,금정구,부산광역시 금정구
26440,,부산광역시,부산,강서구,강서구,부산광역시 강서구
26470,,부산광역시,부산,연제구,연제구,부산광역시 연제구
26500,,부산광역시,부산,수영구,수영구,부산광역시 수영구
26530,,부산광역시,부산,사상구,사상구,부산광역시 사상구
26710,,부산광역시,부산,기장군,기장군,부산광역시 기장군
27110,,대구광역시,대구,중구,중구,대구광역시 중구
27140,,대구광역시,대구,동구,동구,대구광역시 동구
27170,,대구광역시,대구,서구,서구,대구광역시 서구
27200,,대구광역시,대구,남구,남구,대구광역시 남구
27230,,대구광역시,대구,북구,북구,대구광역시 북구
27260,,대구광역시,대구,수성구,수성구,대구광역시 수성구
27290,,대구광역시,대구,달서구,달서구,대구광역시 달서구
27710,,대구광역시,대구,달성군,달성군,대구광역시 달성군
27720,47720,대구광역시,대구,군위군,군위군,대구광역시 군위군
28125,,인천광역시,인천,제물포구,제물포구,인천광역시 제물포구
28155,,인천광역시,인천,영종구,영종구,인천광역시 영종구
28177,,인천광역시,인천,미추홀구,미추홀구,인천광역시 미추홀구
28185,,인천광역시,인천,연수구,연수구,인천광역시 연수구
28200,,인천광역시,인천,남동구,남동구,인천광역시 남동구
28237,,인천광역시,인천,부평구,부평구,인천광역시 부평구
28245,,인천광역시,인천,계양구,계양구,인천광역시 계양구
28275,,인천광역시,인천,서해구,서해구,인천광역시 서해구
28290,,인천광역시,인천,검단구,검단구,인천광역시 검단구
28710,,인천광역시,인천,강화군,강화군,인천광역시 강화군
28720,,인천광역시,인천,옹진군,옹진군,인천광역시 옹진군
30110,,대전광역시,대전,동구,동구,대전광역시 동구
30140,,대전광역시,대전,중구,중구,대전광역시 중구
30170,,대전광역시,대전,서구,서구,대전광역시 서구
30200,,대전광역시,대전,유성구,유성구,대전광역시 유성구
30230,,대전광역시,대전,대덕구,대덕구,대전광역시 대덕구
31110,,울산광역시,울산,중구,중구,울산광역시 중구
31140,,울산광역시,울산,남구,남구,울산광역시 남구
31170,,울산광역시,울산,동구,동구,울산광역시 동구
31200,,울산광역시,울산,북구,북구,울산광역시 북구
31710,,울산광역시,울산,울주군,울주군,울산광역시 울주군
36110,,세종특별자치시,세종,세종특별자치시,세종특별자치시,세종특별자치시
41111,,경기도,경기,수원시 장안구,수원시장안구,경기도 수원시 장안구
41113,,경기도,경기,수원시 권선구,수원시권선구,경기도 수원시 권선구
41115,,경기도,경기,수원시 팔달구,수원시팔달구,경기도 수원시 팔달구
41117,,경기도,경기,수원시 영통구,수원시영통구,경기도 수원시 영통구
41131,,경기도,경기,성남시 수정구,성남시수정구,경기도 성남시 수정구
41133,,경기도,경기,성남시 중원구,성남시중원구,경기도 성남시 중원구
41135,,경기도,경기,성남시 분당구,성남시분당구,경기도 성남시 분당구
41150,,경기도,경기,의정부시,의정부시,경기도 의정부시
41171,,경기도,경기,안양시 만안구,안양시만안구,경기도 안양시 만안구
41173,,경기도,경기,안양시 동안구,안양시동안구,경기도 안양시 동안구
41192,,경기도,경기,부천시 원미구,부천시원미구,경기도 부천시 원미구 
41194,,경기도,경기,부천시 소사구,부천시소사구,경기도 부천시 소사구 
41196,,경기도,경기,부천시 오정구,부천시오정구,경기도 부천시 오정구 
41210,,경기도,경기,광명시,광명시,경기도 광명시
41220,,경기도,경기,평택시,평택시,경기도 평택시
41250,,경기도,경기,동두천시,동두천시,경기도 동두천시
41271,,경기도,경기,안산시 상록구,안산시상록구,경기도 안산시 상록구
41273,,경기도,경기,안산시 단원구,안산시단원구,경기도 안산시 단원구
41281,,경기도,경기,고양시 덕양구,고양시덕양구,경기도 고양시 덕양구
41285,,경기도,경기,고양시 일산동구,고양시일산동구,경기도 고양시 일산동구
41287,,경기도,경기,고양시 일산서구,고양시일산서구,경기도 고양시 일산서구
41290,,경기도,경기,과천시,과천시,경기도 과천시
41310,,경기도,경기,구리시,구리시,경기도 구리시
41360,,경기도,경기,남양주시,남양주시,경기도 남양주시
41370,,경기도,경기,오산시,오산시,경기도 오산시
41390,,경기도,경기,시흥시,시흥시,경기도 시흥시
41410,,경기도,경기,군포시,군포시,경기도 군포시
41430,,경기도,경기,의왕시,의왕시,경기도 의왕시
41450,,경기도,경기,하남시,하남시,경기도 하남시
41461,,경기도,경기,용인시 처인구,용인시처인구,경기도 용인시 처인구
41463,,경기도,경기,용인시 기흥구,용인시기흥구,경기도 용인시 기흥구
41465,,경기도,경기,용인시 수지구,용인시수지구,경기도 용인시 수지구
41480,,경기도,경기,파주시,파주시,경기도 파주시
41500,,경기도,경기,이천시,이천시,경기도 이천시
41550,,경기도,경기,안성시,안성시,경기도 안성시
41570,,경기도,경기,김포시,김포시,경기도 김포시
41591,,경기도,경기,화성시 만세구,화성시만세구,경기도 화성시 만세구
41593,,경기도,경기,화성시 효행구,화성시효행구,경기도 화성시 효행구
41595,,경기도,경기,화성시 병점구,화성시병점구,경기도 화성시 병점구
41597,,경기도,경기,화성시 동탄구,화성시동탄구,경기도 화성시 동탄구
41610,,경기도,경기,광주시,광주시,경기도 광주시
41630,,경기도,경기,양주시,양주시,경기도 양주시
41650,,경기도,경기,포천시,포천시,경기도 포천시
41670,,경기도,경기,여주시,여주시,경기도 여주시
41800,,경기도,경기,연천군,연천군,경기도 연천군
41820,,경기도,경기,가평군,가평군,경기도 가평군
41830,,경기도,경기,양평군,양평군,경기도 양평군
43111,,충청북도,충북,청주시 상당구,청주시상당구,충청북도 청주시 상당구
43112,,충청북도,충북,청주시 서원구,청주시서원구,충청북도 청주시 서원구
43113,,충청북도,충북,청주시 흥덕구,청주시흥덕구,충청북도 청주시 흥덕구
43114,,충청북도,충북,청주시 청원구,청주시청원구,충청북도 청주시 청원구
43130,,충청북도,충북,충주시,충주시,충청북도 충주시
43150,,충청북도,충북,제천시,제천시,충청북도 제천시
43720,,충청북도,충북,보은군,보은군,충청북도 보은군
43730,,충청북도,충북,옥천군,옥천군,충청북도 옥천군
43740,,충청북도,충북,영동군,영동군,충청북도 영동군
43745,,충청북도,충북,증평군,증평군,충청북도 증평군
43750,,충청북도,충북,진천군,진천군,충청북도 진천군
43760,,충청북도,충북,괴산군,괴산군,충청북도 괴산군
43770,,충청북도,충북,음성군,음성군,충청북도 음성군
43800,,충청북도,충북,단양군,단양군,충청북도 단양군
44131,,충청남도,충남,천안시 동남구,천안시동남구,충청남도 천안시 동남구
44133,,충청남도,충남,천안시 서북구,천안시서북구,충청남도 천안시 서북구
44150,,충청남도,충남,공주시,공주시,충청남도 공주시
44180,,충청남도,충남,보령시,보령시,충청남도 보령시
44200,,충청남도,충남,아산시,아산시,충청남도 아산시
44210,,충청남도,충남,서산시,서산시,충청남도 서산시
44230,,충청남도,충남,논산시,논산시,충청남도 논산시
44250,,충청남도,충남,계룡시,계룡시,충청남도 계룡시
44270,,충청남도,충남,당진시,당진시,충청남도 당진시
44710,,충청남도,충남,금산군,금산군,충청남도 금산군
44760,,충청남도,충남,부여군,부여군,충청남도 부여군
44770,,충청남도,충남,서천군,서천군,충청남도 서천군
44790,,충청남도,충남,청양군,청양군,충청남도 청양군
44800,,충청남도,충남,홍성군,홍성군,충청남도 홍성군
44810,,충청남도,충남,예산군,예산군,충청남도 예산군
44825,,충청남도,충남,태안군,태안군,충청남도 태안군
47111,,경상북도,경북,포항시 남구,포항시남구,경상북도 포항시 남구
47113,,경상북도,경북,포항시 북구,포항시북구,경상북도 포항시 북구
47130,,경상북도,경북,경주시,경주시,경상북도 경주시
47150,,경상북도,경북,김천시,김천시,경상북도 김천시
47170,,경상북도,경북,안동시,안동시,경상북도 안동시
47190,,경상북도,경북,구미시,구미시,경상북도 구미시
47210,,경상북도,경북,영주시,영주시,경상북도 영주시
47230,,경상북도,경북,영천시,영천시,경상북도 영천시
47250,,경상북도,경북,상주시,상주시,경상북도 상주시
47280,,경상북도,경북,문경시,문경시,경상북도 문경시
47290,,경상북도,경북,경산시,경산시,경상북도 경산시
47730,,경상북도,경북,의성군,의성군,경상북도 의성군
47750,,경상북도,경북,청송군,청송군,경상북도 청송군
47760,,경상북도,경북,영양군,영양군,경상북도 영양군
47770,,경상북도,경북,영덕군,영덕군,경상북도 영덕군
47820,,경상북도,경북,청도군,청도군,경상북도 청도군
47830,,경상북도,경북,고령군,고령군,경상북도 고령군
47840,,경상북도,경북,성주군,성주군,경상북도 성주군
47850,,경상북도,경북,칠곡군,칠곡군,경상북도 칠곡군
47900,,경상북도,경북,예천군,예천군,경상북도 예천군
47920,,경상북도,경북,봉화군,봉화군,경상북도 봉화군
47930,,경상북도,경북,울진군,울진군,경상북도 울진군
47940,,경상북도,경북,울릉군,울릉군,경상북도 울릉군
48121,,경상남도,경남,창원시 의창구,창원시의창구,경상남도 창원시 의창구
48123,,경상남도,경남,창원시 성산구,창원시성산구,경상남도 창원시 성산구
48125,,경상남도,경남,창원시 마산합포구,창원시마산합포구,경상남도 창원시 마산합포구
48127,,경상남도,경남,창원시 마산회원구,창원시마산회원구,경상남도 창원시 마산회원구
48129,,경상남도,경남,창원시 진해구,창원시진해구,경상남도 창원시 진해구
48170,,경상남도,경남,진주시,진주시,경상남도 진주시
48220,,경상남도,경남,통영시,통영시,경상남도 통영시
48240,,경상남도,경남,사천시,사천시,경상남도 사천시
48250,,경상남도,경남,김해시,김해시,경상남도 김해시
48270,,경상남도,경남,밀양시,밀양시,경상남도 밀양시
48310,,경상남도,경남,거제시,거제시,경상남도 거제시
48330,,경상남도,경남,양산시,양산시,경상남도 양산시
48720,,경상남도,경남,의령군,의령군,경상남도 의령군
48730,,경상남도,경남,함안군,함안군,경상남도 함안군
48740,,경상남도,경남,창녕군,창녕군,경상남도 창녕군
48820,,경상남도,경남,고성군,고성군,경상남도 고성군
48840,,경상남도,경남,남해군,남해군,경상남도 남해군
48850,,경상남도,경남,하동군,하동군,경상남도 하동군
48860,,경상남도,경남,산청군,산청군,경상남도 산청군
48870,,경상남도,경남,함양군,함양군,경상남도 함양군
48880,,경상남도,경남,거창군,거창군,경상남도 거창군
48890,,경상남도,경남,합천군,합천군,경상남도 합천군
50110,,제주특별자치도,제주,제주시,제주시,제주특별자치도 제주시
50130,,제주특별자치도,제주,서귀포시,서귀포시,제주특별자치도 서귀포시
51110,42110,강원특별자치도,강원,춘천시,춘천시,강원특별자치도 춘천시
51130,42130,강원특별자치도,강원,원주시,원주시,강원특별자치도 원주시
51150,42150,강원특별자치도,강원,강릉시,강릉시,강원특별자치도 강릉시
51170,42170,강원특별자치도,강원,동해시,동해시,강원특별자치도 동해시
51190,42190,강원특별자치도,강원,태백시,태백시,강원특별자치도 태백시
51210,42210,강원특별자치도,강원,속초시,속초시,강원특별자치도 속초시
51230,42230,강원특별자치도,강원,삼척시,삼척시,강원특별자치도 삼척시
51720,42720,강원특별자치도,강원,홍천군,홍천군,강원특별자치도 홍천군
51730,42730,강원특별자치도,강원,횡성군,횡성군,강원특별자치도 횡성군
51750,42750,강원특별자치도,강원,영월군,영월군,강원특별자치도 영월군
51760,42760,강원특별자치도,강원,평창군,평창군,강원특별자치도 평창군
51770,42770,강원특별자치도,강원,정선군,정선군,강원특별자치도 정선군
51780,42780,강원특별자치도,강원,철원군,철원군,강원특별자치도 철원군
51790,42790,강원특별자치도,강원,화천군,화천군,강원특별자치도 화천군
51800,42800,강원특별자치도,강원,양구군,양구군,강원특별자치도 양구군
51810,42810,강원특별자치도,강원,인제군,인제군,강원특별자치도 인제군
51820,42820,강원특별자치도,강원,고성군,고성군,강원특별자치도 고성군
51830,42830,강원특별자치도,강원,양양군,양양군,강원특별자치도 양양군
52111,45111,전북특별자치도,전북,전주시 완산구,전주시완산구,전북특별자치도 전주시 완산구
52113,45113,전북특별자치도,전북,전주시 덕진구,전주시덕진구,전북특별자치도 전주시 덕진구
52130,45130,전북특별자치도,전북,군산시,군산시,전북특별자치도 군산시
52140,45140,전북특별자치도,전북,익산시,익산시,전북특별자치도 익산시
52180,45180,전북특별자치도,전북,정읍시,정읍시,전북특별자치도 정읍시
52190,45190,전북특별자치도,전북,남원시,남원시,전북특별자치도 남원시
52210,45210,전북특별자치도,전북,김제시,김제시,전북특별자치도 김제시
52710,45710,전북특별자치도,전북,완주군,완주군,전북특별자치도 완주군
52720,45720,전북특별자치도,전북,진안군,진안군,전북특별자치도 진안군
52730,45730,전북특별자치도,전북,무주군,무주군,전북특별자치도 무주군
52740,45740,전북특별자치도,전북,장수군,장수군,전북특별자치도 장수군
52750,45750,전북특별자치도,전북,임실군,임실군,전북특별자치도 임실군
52770,45770,전북특별자치도,전북,순창군,순창군,전북특별자치도 순창군
52790,45790,전북특별자치도,전북,고창군,고창군,전북특별자치도 고창군
52800,45800,전북특별자치도,전북,부안군,부안군,전북특별자치도 부안군
