시군구코드,시도명,시군구명,B안 2029 (기준),A. 154kV 단독 (0:10),1:9 (기존 v3),3:7,B안 2028,B안 2030,B안 2032
12870,전남광주통합특별시,신안군,1,1,1,1,33,1,4
44210,충청남도,서산시,2,2,2,2,8,4,7
41271,경기도,안산시 상록구,3,3,4,9,1,27,14
41273,경기도,안산시 단원구,3,3,4,9,1,27,14
44760,충청남도,부여군,5,5,8,11,6,13,52
47230,경상북도,영천시,5,5,3,3,3,7,13
12720,전남광주통합특별시,곡성군,7,7,6,5,17,8,33
27140,대구광역시,대구광역시 동구,7,7,9,8,9,10,19
47290,경상북도,경산시,7,7,10,13,9,6,19
52770,전북특별자치도,순창군,7,7,6,5,17,8,33
44180,충청남도,보령시,11,11,11,16,7,32,48
27710,대구광역시,달성군,12,12,12,4,12,2,9
44230,충청남도,논산시,12,12,18,33,16,25,72
48740,경상남도,창녕군,12,12,19,42,15,2,9
41370,경기도,오산시,15,15,14,15,69,14,28
41597,경기도,화성시 동탄구,15,15,21,43,159,14,28
43150,충청북도,제천시,17,17,20,34,41,5,108
52130,전북특별자치도,군산시,18,18,13,7,13,14,24
12110,전남광주통합특별시,목포시,19,19,23,32,21,22,45
12810,전남광주통합특별시,무안군,19,19,16,18,21,22,45
43130,충청북도,충주시,21,21,17,19,11,22,39
51780,강원특별자치도,철원군,22,22,15,12,24,33,8
52180,전북특별자치도,정읍시,23,23,27,61,20,21,59
12800,전남광주통합특별시,영암군,24,24,22,14,23,29,3
47111,경상북도,포항시 남구,25,25,24,30,13,12,19
12750,전남광주통합특별시,보성군,27,27,25,17,27,35,5
12770,전남광주통합특별시,장흥군,27,27,29,23,27,35,5
44825,충청남도,태안군,34,34,37,45,37,18,31
51150,강원특별자치도,강릉시,35,35,30,20,38,47,59
36110,세종특별자치시,세종특별자치시,40,40,33,28,52,17,110
31710,울산광역시,울주군,44,44,34,27,62,71,11
44800,충청남도,홍성군,48,48,56,75,45,11,42
12170,전남광주통합특별시,나주시,52,52,52,52,47,58,1
52113,전북특별자치도,전주시 덕진구,53,53,44,24,17,39,37
12830,전남광주통합특별시,영광군,79,117,101,71,83,18,14
31170,울산광역시,울산광역시 동구,84,82,78,66,3,101,33
31200,울산광역시,울산광역시 북구,84,82,78,66,3,101,33
52790,전북특별자치도,고창군,118,117,123,111,116,18,14
52140,전북특별자치도,익산시,123,117,127,117,121,140,14
41650,경기도,포천시,157,117,157,157,164,168,12
47770,경상북도,영덕군,157,117,157,157,164,168,2
