지역코드,시도명,시군구명,154kV응답,22.9kV응답,차단기응답,345kV공급지역,시도_전력공급수집,변전소응답전무,분류,사유,22.9kV결측_분석대상
11110,서울특별시,종로구,True,True,True,True,True,False,분석대상,,False
11140,서울특별시,중구,True,True,True,False,True,False,분석대상,,False
11170,서울특별시,용산구,True,True,True,True,True,False,분석대상,,False
11200,서울특별시,성동구,True,True,True,True,True,False,분석대상,,False
11215,서울특별시,광진구,True,True,True,True,True,False,분석대상,,False
11230,서울특별시,동대문구,True,True,True,True,True,False,분석대상,,False
11260,서울특별시,중랑구,True,True,True,True,True,False,분석대상,,False
11290,서울특별시,성북구,True,True,True,True,True,False,분석대상,,False
11305,서울특별시,강북구,True,True,True,True,True,False,분석대상,,False
11320,서울특별시,도봉구,True,True,True,True,True,False,분석대상,,False
11350,서울특별시,노원구,True,True,True,True,True,False,분석대상,,False
11380,서울특별시,은평구,True,True,True,True,True,False,분석대상,,False
11410,서울특별시,서대문구,True,True,True,True,True,False,분석대상,,False
11440,서울특별시,마포구,True,True,True,True,True,False,분석대상,,False
11470,서울특별시,양천구,True,True,True,True,True,False,분석대상,,False
11500,서울특별시,강서구,True,True,True,True,True,False,분석대상,,False
11530,서울특별시,구로구,True,True,True,True,True,False,분석대상,,False
11545,서울특별시,금천구,True,True,True,True,True,False,분석대상,,False
11560,서울특별시,영등포구,True,True,True,True,True,False,분석대상,,False
11590,서울특별시,동작구,True,True,True,True,True,False,분석대상,,False
11620,서울특별시,관악구,True,True,True,True,True,False,분석대상,,False
11650,서울특별시,서초구,True,True,True,True,True,False,분석대상,,False
11680,서울특별시,강남구,True,True,True,True,True,False,분석대상,,False
11710,서울특별시,송파구,True,True,True,True,True,False,분석대상,,False
11740,서울특별시,강동구,True,True,True,True,True,False,분석대상,,False
12110,전남광주통합특별시,목포시,True,True,True,True,True,False,분석대상,,False
12130,전남광주통합특별시,여수시,True,True,True,True,True,False,분석대상,,False
12150,전남광주통합특별시,순천시,True,True,True,True,True,False,분석대상,,False
12170,전남광주통합특별시,나주시,True,True,True,True,True,False,분석대상,,False
12190,전남광주통합특별시,광양시,True,True,True,True,True,False,분석대상,,False
12210,전남광주통합특별시,동구,True,True,True,True,True,False,분석대상,,False
12240,전남광주통합특별시,서구,True,True,True,True,True,False,분석대상,,False
12270,전남광주통합특별시,남구,True,True,True,True,True,False,분석대상,,False
12300,전남광주통합특별시,북구,True,True,True,True,True,False,분석대상,,False
12330,전남광주통합특별시,광산구,True,True,True,True,True,False,분석대상,,False
12710,전남광주통합특별시,담양군,True,True,True,True,True,False,분석대상,,False
12720,전남광주통합특별시,곡성군,True,True,True,True,True,False,분석대상,,False
12730,전남광주통합특별시,구례군,True,True,True,True,True,False,분석대상,,False
12740,전남광주통합특별시,고흥군,True,True,True,True,True,False,분석대상,,False
12750,전남광주통합특별시,보성군,True,True,True,True,True,False,분석대상,,False
12760,전남광주통합특별시,화순군,True,True,True,True,True,False,분석대상,,False
12770,전남광주통합특별시,장흥군,True,True,True,True,True,False,분석대상,,False
12780,전남광주통합특별시,강진군,False,False,True,True,True,False,참고등급,R3 154kV 전력공급 무응답,False
12790,전남광주통합특별시,해남군,True,True,True,True,True,False,분석대상,,False
12800,전남광주통합특별시,영암군,True,True,True,True,True,False,분석대상,,False
12810,전남광주통합특별시,무안군,True,True,True,True,True,False,분석대상,,False
12820,전남광주통합특별시,함평군,True,True,True,True,True,False,분석대상,,False
12830,전남광주통합특별시,영광군,True,True,True,True,True,False,분석대상,,False
12840,전남광주통합특별시,장성군,True,True,True,True,True,False,분석대상,,False
12850,전남광주통합특별시,완도군,True,True,True,True,True,False,분석대상,,False
12860,전남광주통합특별시,진도군,True,True,True,True,True,False,분석대상,,False
12870,전남광주통합특별시,신안군,True,True,True,True,True,False,분석대상,,False
26110,부산광역시,중구,True,True,True,True,True,False,분석대상,,False
26140,부산광역시,서구,True,True,True,True,True,False,분석대상,,False
26170,부산광역시,동구,True,True,True,True,True,False,분석대상,,False
26200,부산광역시,영도구,True,True,True,True,True,False,분석대상,,False
26230,부산광역시,부산진구,True,True,True,True,True,False,분석대상,,False
26260,부산광역시,동래구,True,True,True,True,True,False,분석대상,,False
26290,부산광역시,남구,True,True,True,True,True,False,분석대상,,False
26320,부산광역시,북구,True,True,True,True,True,False,분석대상,,False
26350,부산광역시,해운대구,True,True,True,True,True,False,분석대상,,False
26380,부산광역시,사하구,True,True,True,True,True,False,분석대상,,False
26410,부산광역시,금정구,True,True,True,True,True,False,분석대상,,False
26440,부산광역시,강서구,True,True,True,True,True,False,분석대상,,False
26470,부산광역시,연제구,True,True,True,True,True,False,분석대상,,False
26500,부산광역시,수영구,True,True,True,True,True,False,분석대상,,False
26530,부산광역시,사상구,True,True,True,True,True,False,분석대상,,False
26710,부산광역시,기장군,True,True,True,True,True,False,분석대상,,False
27110,대구광역시,중구,True,True,True,True,True,False,분석대상,,False
27140,대구광역시,동구,True,True,True,True,True,False,분석대상,,False
27170,대구광역시,서구,True,True,True,True,True,False,분석대상,,False
27200,대구광역시,남구,True,True,True,True,True,False,분석대상,,False
27230,대구광역시,북구,True,True,True,True,True,False,분석대상,,False
27260,대구광역시,수성구,True,True,True,True,True,False,분석대상,,False
27290,대구광역시,달서구,True,True,True,True,True,False,분석대상,,False
27710,대구광역시,달성군,True,True,True,True,True,False,분석대상,,False
27720,대구광역시,군위군,True,True,True,True,True,False,분석대상,,False
28125,인천광역시,제물포구,True,True,False,True,True,False,분석대상,,False
28155,인천광역시,영종구,False,False,True,True,True,False,참고등급,R3 154kV 전력공급 무응답,False
28177,인천광역시,미추홀구,True,True,True,True,True,False,분석대상,,False
28185,인천광역시,연수구,True,True,True,True,True,False,분석대상,,False
28200,인천광역시,남동구,True,True,True,True,True,False,분석대상,,False
28237,인천광역시,부평구,True,True,True,True,True,False,분석대상,,False
28245,인천광역시,계양구,True,True,True,True,True,False,분석대상,,False
28275,인천광역시,서해구,True,True,True,True,True,False,분석대상,,False
28290,인천광역시,검단구,True,True,False,True,True,False,분석대상,,False
28710,인천광역시,강화군,True,True,True,True,True,False,분석대상,,False
28720,인천광역시,옹진군,False,False,True,False,True,False,참고등급,R3 154kV 전력공급 무응답,False
30110,대전광역시,동구,True,True,True,False,True,False,분석대상,,False
30140,대전광역시,중구,True,True,True,False,True,False,분석대상,,False
30170,대전광역시,서구,True,True,True,True,True,False,분석대상,,False
30200,대전광역시,유성구,True,True,True,True,True,False,분석대상,,False
30230,대전광역시,대덕구,True,True,True,False,True,False,분석대상,,False
31110,울산광역시,중구,True,True,True,True,True,False,분석대상,,False
31140,울산광역시,남구,True,True,True,True,True,False,분석대상,,False
31170,울산광역시,동구,True,True,True,True,True,False,분석대상,,False
31200,울산광역시,북구,True,True,True,True,True,False,분석대상,,False
31710,울산광역시,울주군,True,True,True,True,True,False,분석대상,,False
36110,세종특별자치시,세종특별자치시,True,True,True,False,True,False,분석대상,,False
41111,경기도,수원시 장안구,True,True,True,True,True,False,분석대상,,False
41113,경기도,수원시 권선구,True,True,True,True,True,False,분석대상,,False
41115,경기도,수원시 팔달구,True,True,True,True,True,False,분석대상,,False
41117,경기도,수원시 영통구,True,True,True,True,True,False,분석대상,,False
41131,경기도,성남시 수정구,True,True,True,True,True,False,분석대상,,False
41133,경기도,성남시 중원구,True,True,True,True,True,False,분석대상,,False
41135,경기도,성남시 분당구,True,True,True,True,True,False,분석대상,,False
41150,경기도,의정부시,True,True,True,True,True,False,분석대상,,False
41171,경기도,안양시 만안구,True,True,True,False,True,False,분석대상,,False
41173,경기도,안양시 동안구,True,True,True,False,True,False,분석대상,,False
41192,경기도,부천시 원미구,True,True,True,True,True,False,분석대상,,False
41194,경기도,부천시 소사구,True,True,True,True,True,False,분석대상,,False
41196,경기도,부천시 오정구,True,True,True,True,True,False,분석대상,,False
41210,경기도,광명시,True,True,True,True,True,False,분석대상,,False
41220,경기도,평택시,True,True,True,True,True,False,분석대상,,False
41250,경기도,동두천시,True,True,True,True,True,False,분석대상,,False
41271,경기도,안산시 상록구,True,True,True,True,True,False,분석대상,,False
41273,경기도,안산시 단원구,True,True,True,True,True,False,분석대상,,False
41281,경기도,고양시 덕양구,True,True,True,True,True,False,분석대상,,False
41285,경기도,고양시 일산동구,True,True,True,True,True,False,분석대상,,False
41287,경기도,고양시 일산서구,True,True,True,True,True,False,분석대상,,False
41290,경기도,과천시,True,True,True,True,True,False,분석대상,,False
41310,경기도,구리시,True,True,True,True,True,False,분석대상,,False
41360,경기도,남양주시,True,True,True,True,True,False,분석대상,,False
41370,경기도,오산시,True,True,True,True,True,False,분석대상,,False
41390,경기도,시흥시,True,True,True,True,True,False,분석대상,,False
41410,경기도,군포시,True,True,True,True,True,False,분석대상,,False
41430,경기도,의왕시,True,True,True,False,True,False,분석대상,,False
41450,경기도,하남시,True,True,True,True,True,False,분석대상,,False
41461,경기도,용인시 처인구,True,True,True,True,True,False,분석대상,,False
41463,경기도,용인시 기흥구,True,True,True,True,True,False,분석대상,,False
41465,경기도,용인시 수지구,True,True,True,True,True,False,분석대상,,False
41480,경기도,파주시,True,True,True,True,True,False,분석대상,,False
41500,경기도,이천시,True,True,True,True,True,False,분석대상,,False
41550,경기도,안성시,True,True,True,True,True,False,분석대상,,False
41570,경기도,김포시,True,True,True,True,True,False,분석대상,,False
41591,경기도,화성시 만세구,True,True,True,True,True,False,분석대상,,False
41593,경기도,화성시 효행구,True,True,True,True,True,False,분석대상,,False
41595,경기도,화성시 병점구,True,True,True,True,True,False,분석대상,,False
41597,경기도,화성시 동탄구,True,True,True,True,True,False,분석대상,,False
41610,경기도,광주시,True,True,True,True,True,False,분석대상,,False
41630,경기도,양주시,True,True,True,True,True,False,분석대상,,False
41650,경기도,포천시,True,True,True,True,True,False,분석대상,,False
41670,경기도,여주시,True,True,True,False,True,False,분석대상,,False
41800,경기도,연천군,True,True,True,True,True,False,분석대상,,False
41820,경기도,가평군,True,True,True,False,True,False,분석대상,,False
41830,경기도,양평군,True,True,True,False,True,False,분석대상,,False
43111,충청북도,청주시 상당구,True,True,True,True,True,False,분석대상,,False
43112,충청북도,청주시 서원구,True,True,True,True,True,False,분석대상,,False
43113,충청북도,청주시 흥덕구,True,True,True,True,True,False,분석대상,,False
43114,충청북도,청주시 청원구,True,True,True,True,True,False,분석대상,,False
43130,충청북도,충주시,True,True,True,True,True,False,분석대상,,False
43150,충청북도,제천시,True,True,True,True,True,False,분석대상,,False
43720,충청북도,보은군,True,True,True,True,True,False,분석대상,,False
43730,충청북도,옥천군,True,True,True,True,True,False,분석대상,,False
43740,충청북도,영동군,True,True,True,True,True,False,분석대상,,False
43745,충청북도,증평군,True,True,True,True,True,False,분석대상,,False
43750,충청북도,진천군,True,True,True,True,True,False,분석대상,,False
43760,충청북도,괴산군,True,True,True,True,True,False,분석대상,,False
43770,충청북도,음성군,True,True,True,True,True,False,분석대상,,False
43800,충청북도,단양군,True,True,True,True,True,False,분석대상,,False
44131,충청남도,천안시 동남구,True,True,True,True,True,False,분석대상,,False
44133,충청남도,천안시 서북구,True,True,True,True,True,False,분석대상,,False
44150,충청남도,공주시,True,True,True,False,True,False,분석대상,,False
44180,충청남도,보령시,True,True,True,False,True,False,분석대상,,False
44200,충청남도,아산시,True,True,True,True,True,False,분석대상,,False
44210,충청남도,서산시,True,True,True,True,True,False,분석대상,,False
44230,충청남도,논산시,True,True,True,True,True,False,분석대상,,False
44250,충청남도,계룡시,True,True,True,True,True,False,분석대상,,False
44270,충청남도,당진시,True,True,True,True,True,False,분석대상,,False
44710,충청남도,금산군,True,True,True,False,True,False,분석대상,,False
44760,충청남도,부여군,True,True,True,False,True,False,분석대상,,False
44770,충청남도,서천군,True,True,True,False,True,False,분석대상,,False
44790,충청남도,청양군,True,True,True,True,True,False,분석대상,,False
44800,충청남도,홍성군,True,True,True,False,True,False,분석대상,,False
44810,충청남도,예산군,True,True,True,False,True,False,분석대상,,False
44825,충청남도,태안군,True,True,True,False,True,False,분석대상,,False
47111,경상북도,포항시 남구,True,True,True,True,True,False,분석대상,,False
47113,경상북도,포항시 북구,True,True,True,True,True,False,분석대상,,False
47130,경상북도,경주시,True,True,True,True,True,False,분석대상,,False
47150,경상북도,김천시,True,True,True,True,True,False,분석대상,,False
47170,경상북도,안동시,True,True,True,True,True,False,분석대상,,False
47190,경상북도,구미시,True,True,True,True,True,False,분석대상,,False
47210,경상북도,영주시,True,True,True,True,True,False,분석대상,,False
47230,경상북도,영천시,True,True,True,True,True,False,분석대상,,False
47250,경상북도,상주시,True,True,True,True,True,False,분석대상,,False
47280,경상북도,문경시,True,True,True,True,True,False,분석대상,,False
47290,경상북도,경산시,True,True,True,True,True,False,분석대상,,False
47730,경상북도,의성군,True,True,True,True,True,False,분석대상,,False
47750,경상북도,청송군,True,True,False,True,True,False,분석대상,,False
47760,경상북도,영양군,True,True,True,True,True,False,분석대상,,False
47770,경상북도,영덕군,True,True,True,True,True,False,분석대상,,False
47820,경상북도,청도군,True,True,True,True,True,False,분석대상,,False
47830,경상북도,고령군,True,True,True,True,True,False,분석대상,,False
47840,경상북도,성주군,True,True,True,False,True,False,분석대상,,False
47850,경상북도,칠곡군,True,True,True,True,True,False,분석대상,,False
47900,경상북도,예천군,True,True,True,True,True,False,분석대상,,False
47920,경상북도,봉화군,True,True,True,True,True,False,분석대상,,False
47930,경상북도,울진군,True,True,True,True,True,False,분석대상,,False
47940,경상북도,울릉군,False,False,False,False,True,True,제외,R1 변전소 응답 전무,False
48121,경상남도,창원시 의창구,True,True,True,True,True,False,분석대상,,False
48123,경상남도,창원시 성산구,True,True,True,True,True,False,분석대상,,False
48125,경상남도,창원시 마산합포구,True,True,True,True,True,False,분석대상,,False
48127,경상남도,창원시 마산회원구,True,True,True,True,True,False,분석대상,,False
48129,경상남도,창원시 진해구,True,True,True,True,True,False,분석대상,,False
48170,경상남도,진주시,True,True,True,True,True,False,분석대상,,False
48220,경상남도,통영시,True,True,True,False,True,False,분석대상,,False
48240,경상남도,사천시,True,True,True,True,True,False,분석대상,,False
48250,경상남도,김해시,True,True,True,True,True,False,분석대상,,False
48270,경상남도,밀양시,True,True,True,False,True,False,분석대상,,False
48310,경상남도,거제시,True,True,True,False,True,False,분석대상,,False
48330,경상남도,양산시,True,True,True,True,True,False,분석대상,,False
48720,경상남도,의령군,True,True,True,True,True,False,분석대상,,False
48730,경상남도,함안군,True,True,True,True,True,False,분석대상,,False
48740,경상남도,창녕군,True,True,True,False,True,False,분석대상,,False
48820,경상남도,고성군,True,True,True,True,True,False,분석대상,,False
48840,경상남도,남해군,True,True,True,False,True,False,분석대상,,False
48850,경상남도,하동군,True,True,True,False,True,False,분석대상,,False
48860,경상남도,산청군,True,True,True,True,True,False,분석대상,,False
48870,경상남도,함양군,True,True,True,True,True,False,분석대상,,False
48880,경상남도,거창군,True,True,True,False,True,False,분석대상,,False
48890,경상남도,합천군,True,True,True,False,True,False,분석대상,,False
50110,제주특별자치도,제주시,False,False,True,False,False,False,참고등급,R2 시도 전력공급 미수집,False
50130,제주특별자치도,서귀포시,False,False,True,False,False,False,참고등급,R2 시도 전력공급 미수집,False
51110,강원특별자치도,춘천시,True,True,True,False,True,False,분석대상,,False
51130,강원특별자치도,원주시,True,True,True,False,True,False,분석대상,,False
51150,강원특별자치도,강릉시,True,True,True,True,True,False,분석대상,,False
51170,강원특별자치도,동해시,True,True,True,True,True,False,분석대상,,False
51190,강원특별자치도,태백시,True,True,True,False,True,False,분석대상,,False
51210,강원특별자치도,속초시,True,True,True,True,True,False,분석대상,,False
51230,강원특별자치도,삼척시,True,True,True,True,True,False,분석대상,,False
51720,강원특별자치도,홍천군,True,True,True,False,True,False,분석대상,,False
51730,강원특별자치도,횡성군,True,True,True,False,True,False,분석대상,,False
51750,강원특별자치도,영월군,True,True,True,False,True,False,분석대상,,False
51760,강원특별자치도,평창군,True,True,True,False,True,False,분석대상,,False
51770,강원특별자치도,정선군,True,True,True,False,True,False,분석대상,,False
51780,강원특별자치도,철원군,True,True,True,False,True,False,분석대상,,False
51790,강원특별자치도,화천군,True,True,True,False,True,False,분석대상,,False
51800,강원특별자치도,양구군,True,True,True,False,True,False,분석대상,,False
51810,강원특별자치도,인제군,True,True,True,True,True,False,분석대상,,False
51820,강원특별자치도,고성군,True,True,True,False,True,False,분석대상,,False
51830,강원특별자치도,양양군,True,True,True,True,True,False,분석대상,,False
52111,전북특별자치도,전주시 완산구,True,True,True,True,True,False,분석대상,,False
52113,전북특별자치도,전주시 덕진구,True,True,True,True,True,False,분석대상,,False
52130,전북특별자치도,군산시,True,True,True,True,True,False,분석대상,,False
52140,전북특별자치도,익산시,True,True,True,True,True,False,분석대상,,False
52180,전북특별자치도,정읍시,True,True,True,True,True,False,분석대상,,False
52190,전북특별자치도,남원시,True,True,True,True,True,False,분석대상,,False
52210,전북특별자치도,김제시,True,True,True,True,True,False,분석대상,,False
52710,전북특별자치도,완주군,True,True,True,True,True,False,분석대상,,False
52720,전북특별자치도,진안군,True,True,True,True,True,False,분석대상,,False
52730,전북특별자치도,무주군,True,True,True,True,True,False,분석대상,,False
52740,전북특별자치도,장수군,True,True,True,True,True,False,분석대상,,False
52750,전북특별자치도,임실군,True,True,True,True,True,False,분석대상,,False
52770,전북특별자치도,순창군,True,True,True,True,True,False,분석대상,,False
52790,전북특별자치도,고창군,True,True,True,True,True,False,분석대상,,False
52800,전북특별자치도,부안군,True,True,True,True,True,False,분석대상,,False
