시군구코드,지역코드,시도명,시군구명,분류,전력피쳐,전력순위,용량MW_2029,결정전압,수용가능_0.5GW,수용가능_1GW,345kV여유Bay,전력공급229kV_2029년_최대,전력공급154kV_2029년_최대,전력공급229kV_2032년_최대,전력공급154kV_2032년_최대,전력공급229kV_변전소수,전력공급154kV_변전소수,재생e연계_변전소수,차단기_변전소기준_변전소수,전력공급154kV_데이터있음
11110,11110,서울특별시,종로구,분석대상,0.078212,114.0,70.0,154kV,False,False,0,10.0,70.0,6.0,65.0,8,8,9,10,1
11140,11140,서울특별시,중구,분석대상,0.078212,114.0,70.0,154kV,False,False,0,60.0,70.0,5.0,0.0,8,8,9,7,1
11170,11170,서울특별시,용산구,분석대상,0.078212,114.0,70.0,154kV,False,False,0,1.0,70.0,5.0,0.0,7,7,8,7,1
11200,11200,서울특별시,성동구,분석대상,0.122905,94.0,110.0,154kV,False,False,0,71.0,110.0,69.0,240.0,7,7,8,5,1
11215,11215,서울특별시,광진구,분석대상,0.021229,137.0,19.0,22.9kV,False,False,0,19.0,0.0,10.0,240.0,5,5,6,5,1
11230,11230,서울특별시,동대문구,분석대상,0.078212,114.0,70.0,154kV,False,False,0,65.0,70.0,0.0,0.0,3,3,5,5,1
11260,11260,서울특별시,중랑구,분석대상,0.189944,78.0,170.0,154kV,False,False,0,91.0,170.0,90.0,260.0,3,3,3,2,1
11290,11290,서울특별시,성북구,분석대상,0.162011,82.0,145.0,154kV,False,False,0,80.0,145.0,61.0,240.0,6,6,8,6,1
11305,11305,서울특별시,강북구,분석대상,0.195531,77.0,175.0,154kV,False,False,0,153.0,175.0,152.0,155.0,3,3,4,4,1
11320,11320,서울특별시,도봉구,분석대상,0.458101,31.0,410.0,154kV,False,False,0,127.0,410.0,126.0,175.0,3,3,4,4,1
11350,11350,서울특별시,노원구,분석대상,0.251397,69.0,225.0,154kV,False,False,0,0.0,225.0,9.0,315.0,4,4,5,4,1
11380,11380,서울특별시,은평구,분석대상,0.0,157.0,0.0,없음,False,False,0,0.0,0.0,5.0,0.0,4,4,4,4,1
11410,11410,서울특별시,서대문구,분석대상,0.0,157.0,0.0,없음,False,False,0,0.0,0.0,5.0,0.0,5,5,5,6,1
11440,11440,서울특별시,마포구,분석대상,0.050279,126.0,45.0,154kV,False,False,0,9.0,45.0,5.0,45.0,11,11,11,11,1
11470,11470,서울특별시,양천구,분석대상,0.0,157.0,0.0,없음,False,False,2,0.0,0.0,0.0,0.0,4,4,5,4,1
11500,11500,서울특별시,강서구,분석대상,0.010056,142.0,9.0,22.9kV,False,False,2,9.0,0.0,0.0,40.0,4,4,4,4,1
11530,11530,서울특별시,구로구,분석대상,0.0,157.0,0.0,없음,False,False,1,0.0,0.0,0.0,0.0,6,6,7,6,1
11545,11545,서울특별시,금천구,분석대상,0.0,157.0,0.0,없음,False,False,1,0.0,0.0,0.0,0.0,6,6,6,6,1
11560,11560,서울특별시,영등포구,분석대상,0.0,157.0,0.0,없음,False,False,1,0.0,0.0,0.0,0.0,11,11,13,11,1
11590,11590,서울특별시,동작구,분석대상,0.02905,133.0,26.0,22.9kV,False,False,1,26.0,0.0,0.0,0.0,4,4,5,5,1
11620,11620,서울특별시,관악구,분석대상,0.02905,133.0,26.0,22.9kV,False,False,1,26.0,0.0,0.0,0.0,4,4,5,5,1
11650,11650,서울특별시,서초구,분석대상,0.02905,133.0,26.0,22.9kV,False,False,0,26.0,0.0,11.0,0.0,10,10,11,12,1
11680,11680,서울특별시,강남구,분석대상,0.044693,128.0,40.0,154kV,False,False,0,11.0,40.0,11.0,40.0,9,9,9,9,1
11710,11710,서울특별시,송파구,분석대상,0.012291,139.0,11.0,22.9kV,False,False,6,11.0,10.0,11.0,10.0,9,9,9,9,1
11740,11740,서울특별시,강동구,분석대상,0.0,157.0,0.0,없음,False,False,6,0.0,0.0,0.0,0.0,3,3,3,3,1
12110,12110,전남광주통합특별시,목포시,분석대상,0.631285,19.0,565.0,154kV,False,False,0,44.0,565.0,23.0,500.0,2,2,4,4,1
12130,12130,전남광주통합특별시,여수시,분석대상,0.185475,79.0,166.0,22.9kV,False,False,0,166.0,0.0,166.0,0.0,7,7,10,6,1
12150,12150,전남광주통합특별시,순천시,분석대상,0.201117,75.0,180.0,154kV,False,False,1,111.0,180.0,118.0,180.0,8,8,8,8,1
12170,12170,전남광주통합특별시,나주시,분석대상,0.374302,52.0,335.0,154kV,False,False,1,100.0,335.0,166.0,2785.0,4,4,5,5,1
12190,12190,전남광주통합특별시,광양시,분석대상,0.056983,124.0,51.0,22.9kV,False,False,0,51.0,0.0,10.0,0.0,5,5,6,5,1
12210,12210,전남광주통합특별시,동구,분석대상,0.134078,91.0,120.0,154kV,False,False,0,105.0,120.0,102.0,185.0,3,3,5,5,1
12240,12240,전남광주통합특별시,서구,분석대상,0.008939,143.0,8.0,22.9kV,False,False,1,8.0,0.0,1.0,185.0,4,4,6,7,1
12270,12270,전남광주통합특별시,남구,분석대상,0.134078,91.0,120.0,154kV,False,False,1,105.0,120.0,102.0,185.0,5,5,6,6,1
12300,12300,전남광주통합특별시,북구,분석대상,0.111732,98.0,100.0,154kV,False,False,1,74.0,100.0,69.0,185.0,7,7,9,9,1
12330,12330,전남광주통합특별시,광산구,분석대상,0.446927,35.0,400.0,154kV,False,False,0,85.0,400.0,82.0,415.0,7,7,9,10,1
12710,12710,전남광주통합특별시,담양군,분석대상,0.111732,98.0,100.0,154kV,False,False,0,74.0,100.0,69.0,105.0,2,2,3,3,1
12720,12720,전남광주통합특별시,곡성군,분석대상,0.77095,7.0,690.0,154kV,True,False,0,120.0,690.0,120.0,565.0,3,3,5,5,1
12730,12730,전남광주통합특별시,구례군,분석대상,0.201117,75.0,180.0,154kV,False,False,0,111.0,180.0,109.0,180.0,1,1,2,2,1
12740,12740,전남광주통합특별시,고흥군,분석대상,0.223464,71.0,200.0,154kV,False,False,0,166.0,200.0,166.0,200.0,6,6,6,4,1
12750,12750,전남광주통합특별시,보성군,분석대상,0.480447,27.0,430.0,154kV,False,False,1,166.0,430.0,166.0,910.0,4,4,4,3,1
12760,12760,전남광주통합특별시,화순군,분석대상,0.111732,98.0,100.0,154kV,False,False,1,82.0,100.0,78.0,100.0,1,1,2,2,1
12770,12770,전남광주통합특별시,장흥군,분석대상,0.480447,27.0,430.0,154kV,False,False,1,121.0,430.0,119.0,910.0,1,1,2,3,1
12780,12780,전남광주통합특별시,강진군,참고등급,,,,,,,0,0.0,0.0,0.0,0.0,0,0,1,2,1
12790,12790,전남광주통합특별시,해남군,분석대상,0.101676,103.0,91.0,22.9kV,False,False,0,91.0,0.0,87.0,0.0,3,3,4,4,1
12800,12800,전남광주통합특별시,영암군,분석대상,0.558659,24.0,500.0,154kV,False,False,1,166.0,500.0,166.0,1165.0,5,5,7,5,1
12810,12810,전남광주통합특별시,무안군,분석대상,0.631285,19.0,565.0,154kV,False,False,0,104.0,565.0,166.0,500.0,5,5,6,5,1
12820,12820,전남광주통합특별시,함평군,분석대상,0.446927,35.0,400.0,154kV,False,False,0,59.0,400.0,45.0,400.0,2,2,3,3,1
12830,12830,전남광주통합특별시,영광군,분석대상,0.185475,79.0,166.0,22.9kV,False,False,0,166.0,0.0,221.0,690.0,4,4,5,3,1
12840,12840,전남광주통합특별시,장성군,분석대상,0.446927,35.0,400.0,154kV,False,False,0,60.0,400.0,60.0,400.0,3,3,5,3,1
12850,12850,전남광주통합특별시,완도군,분석대상,0.049162,127.0,44.0,22.9kV,False,False,0,44.0,0.0,37.0,0.0,2,2,3,3,1
12860,12860,전남광주통합특별시,진도군,분석대상,0.031285,132.0,28.0,22.9kV,False,False,0,28.0,0.0,16.0,0.0,1,1,2,2,1
12870,12870,전남광주통합특별시,신안군,분석대상,1.0,1.0,895.0,154kV,True,False,0,166.0,895.0,166.0,1075.0,6,6,8,5,1
26110,26110,부산광역시,중구,분석대상,0.0,157.0,0.0,없음,False,False,0,0.0,0.0,0.0,0.0,1,1,1,1,1
26140,26140,부산광역시,서구,분석대상,0.0,157.0,0.0,없음,False,False,0,0.0,0.0,0.0,0.0,3,3,3,3,1
26170,26170,부산광역시,동구,분석대상,0.0,157.0,0.0,없음,False,False,1,0.0,0.0,166.0,220.0,6,6,6,5,1
26200,26200,부산광역시,영도구,분석대상,0.0,157.0,0.0,없음,False,False,0,0.0,0.0,0.0,0.0,2,2,2,2,1
26230,26230,부산광역시,부산진구,분석대상,0.0,157.0,0.0,없음,False,False,1,0.0,0.0,51.0,0.0,6,6,7,6,1
26260,26260,부산광역시,동래구,분석대상,0.0,157.0,0.0,없음,False,False,3,0.0,0.0,51.0,0.0,5,5,5,5,1
26290,26290,부산광역시,남구,분석대상,0.0,157.0,0.0,없음,False,False,1,0.0,0.0,0.0,0.0,3,3,4,4,1
26320,26320,부산광역시,북구,분석대상,0.005587,145.0,5.0,154kV,False,False,2,5.0,5.0,51.0,0.0,4,4,4,4,1
26350,26350,부산광역시,해운대구,분석대상,0.0,157.0,0.0,없음,False,False,2,0.0,0.0,0.0,0.0,9,9,9,8,1
26380,26380,부산광역시,사하구,분석대상,0.0,157.0,0.0,없음,False,False,0,0.0,0.0,0.0,0.0,5,5,5,5,1
26410,26410,부산광역시,금정구,분석대상,0.0,157.0,0.0,없음,False,False,1,0.0,0.0,0.0,0.0,5,5,5,5,1
26440,26440,부산광역시,강서구,분석대상,0.0,157.0,0.0,없음,False,False,5,0.0,0.0,0.0,0.0,7,7,13,10,1
26470,26470,부산광역시,연제구,분석대상,0.0,157.0,0.0,없음,False,False,2,0.0,0.0,51.0,0.0,2,2,3,3,1
26500,26500,부산광역시,수영구,분석대상,0.0,157.0,0.0,없음,False,False,2,0.0,0.0,0.0,0.0,3,3,3,3,1
26530,26530,부산광역시,사상구,분석대상,0.0,157.0,0.0,없음,False,False,2,0.0,0.0,0.0,0.0,6,6,6,6,1
26710,26710,부산광역시,기장군,분석대상,0.0,157.0,0.0,없음,False,False,1,0.0,0.0,0.0,0.0,6,6,6,5,1
27110,27110,대구광역시,중구,분석대상,0.0,157.0,0.0,없음,False,False,0,0.0,0.0,71.0,265.0,3,3,4,4,1
27140,27140,대구광역시,동구,분석대상,0.77095,7.0,690.0,154kV,True,False,4,118.0,690.0,113.0,685.0,10,10,11,9,1
27170,27170,대구광역시,서구,분석대상,0.011173,140.0,10.0,154kV,False,False,0,10.0,10.0,48.0,265.0,3,3,4,3,1
27200,27200,대구광역시,남구,분석대상,0.0,157.0,0.0,없음,False,False,0,0.0,0.0,52.0,0.0,1,1,2,2,1
27230,27230,대구광역시,북구,분석대상,0.03352,130.0,30.0,22.9kV,False,False,0,30.0,10.0,71.0,255.0,8,8,9,7,1
27260,27260,대구광역시,수성구,분석대상,0.50838,26.0,455.0,154kV,False,False,0,114.0,455.0,94.0,420.0,8,8,9,9,1
27290,27290,대구광역시,달서구,분석대상,0.251397,69.0,225.0,154kV,False,False,4,30.0,225.0,100.0,365.0,9,9,10,9,1
27710,27710,대구광역시,달성군,분석대상,0.675978,12.0,605.0,154kV,False,False,4,166.0,605.0,166.0,825.0,9,9,11,10,1
27720,27720,대구광역시,군위군,분석대상,0.122905,94.0,110.0,22.9kV,False,False,8,110.0,0.0,108.0,0.0,2,2,3,3,1
28125,28125,인천광역시,제물포구,분석대상,0.0,157.0,0.0,없음,False,False,0,0.0,0.0,0.0,0.0,3,3,0,0,1
28155,28155,인천광역시,영종구,참고등급,,,,,,,2,0.0,0.0,0.0,0.0,0,0,3,3,1
28177,28177,인천광역시,미추홀구,분석대상,0.0,157.0,0.0,없음,False,False,0,0.0,0.0,0.0,0.0,6,6,6,6,1
28185,28185,인천광역시,연수구,분석대상,0.0,157.0,0.0,없음,False,False,0,0.0,0.0,0.0,0.0,10,10,12,7,1
28200,28200,인천광역시,남동구,분석대상,0.0,157.0,0.0,없음,False,False,0,0.0,0.0,0.0,0.0,11,11,12,11,1
28237,28237,인천광역시,부평구,분석대상,0.0,157.0,0.0,없음,False,False,2,0.0,0.0,0.0,25.0,7,7,6,7,1
28245,28245,인천광역시,계양구,분석대상,0.0,157.0,0.0,없음,False,False,2,0.0,0.0,15.0,25.0,6,6,6,4,1
28275,28275,인천광역시,서해구,분석대상,0.0,157.0,0.0,없음,False,False,4,0.0,0.0,0.0,0.0,8,8,4,2,1
28290,28290,인천광역시,검단구,분석대상,0.0,157.0,0.0,없음,False,False,1,0.0,0.0,0.0,0.0,5,5,1,0,1
28710,28710,인천광역시,강화군,분석대상,0.0,157.0,0.0,없음,False,False,2,0.0,0.0,0.0,0.0,2,2,3,3,1
28720,28720,인천광역시,옹진군,참고등급,,,,,,,0,0.0,0.0,0.0,0.0,0,0,1,1,1
30110,30110,대전광역시,동구,분석대상,0.0,157.0,0.0,없음,False,False,0,0.0,0.0,0.0,0.0,5,5,6,6,1
30140,30140,대전광역시,중구,분석대상,0.0,157.0,0.0,없음,False,False,0,0.0,0.0,0.0,0.0,2,2,3,3,1
30170,30170,대전광역시,서구,분석대상,0.424581,40.0,380.0,154kV,False,False,0,55.0,380.0,0.0,0.0,7,7,8,8,1
30200,30200,대전광역시,유성구,분석대상,0.424581,40.0,380.0,154kV,False,False,0,110.0,380.0,0.0,0.0,9,9,10,9,1
30230,30230,대전광역시,대덕구,분석대상,0.424581,40.0,380.0,154kV,False,False,0,60.0,380.0,0.0,0.0,5,5,6,6,1
31110,31110,울산광역시,중구,분석대상,0.0,157.0,0.0,없음,False,False,6,0.0,0.0,0.0,0.0,3,3,4,4,1
31140,31140,울산광역시,남구,분석대상,0.044693,128.0,40.0,154kV,False,False,10,12.0,40.0,27.0,55.0,5,5,9,7,1
31170,31170,울산광역시,동구,분석대상,0.156425,84.0,140.0,154kV,False,False,0,139.0,140.0,138.0,565.0,2,2,3,3,1
31200,31200,울산광역시,북구,분석대상,0.156425,84.0,140.0,154kV,False,False,0,139.0,140.0,138.0,565.0,5,5,6,6,1
31710,31710,울산광역시,울주군,분석대상,0.413408,44.0,370.0,154kV,False,False,12,143.0,370.0,142.0,790.0,11,11,13,12,1
36110,36110,세종특별자치시,세종특별자치시,분석대상,0.424581,40.0,380.0,154kV,False,False,0,136.0,380.0,8.0,200.0,8,8,8,6,1
41111,41111,경기도,수원시 장안구,분석대상,0.008939,143.0,8.0,22.9kV,False,False,17,8.0,0.0,2.0,0.0,3,3,4,4,1
41113,41113,경기도,수원시 권선구,분석대상,0.100559,104.0,90.0,154kV,False,False,17,54.0,90.0,166.0,65.0,7,7,8,5,1
41115,41115,경기도,수원시 팔달구,분석대상,0.003352,148.0,3.0,22.9kV,False,False,17,3.0,0.0,0.0,0.0,3,3,4,4,1
41117,41117,경기도,수원시 영통구,분석대상,0.0,157.0,0.0,없음,False,False,17,0.0,0.0,0.0,0.0,5,5,5,3,1
41131,41131,경기도,성남시 수정구,분석대상,0.089385,110.0,80.0,154kV,False,False,2,0.0,80.0,7.0,115.0,2,2,3,3,1
41133,41133,경기도,성남시 중원구,분석대상,0.089385,110.0,80.0,154kV,False,False,2,0.0,80.0,7.0,115.0,3,3,4,4,1
41135,41135,경기도,성남시 분당구,분석대상,0.0,157.0,0.0,없음,False,False,2,0.0,0.0,0.0,0.0,6,6,8,7,1
41150,41150,경기도,의정부시,분석대상,0.0,157.0,0.0,없음,False,False,5,0.0,0.0,0.0,0.0,5,5,7,5,1
41171,41171,경기도,안양시 만안구,분석대상,0.003352,148.0,3.0,22.9kV,False,False,0,3.0,0.0,0.0,0.0,2,2,3,3,1
41173,41173,경기도,안양시 동안구,분석대상,0.26257,66.0,235.0,154kV,False,False,0,0.0,235.0,166.0,450.0,4,4,5,3,1
41192,41192,경기도,부천시 원미구,분석대상,0.0,157.0,0.0,없음,False,False,2,0.0,0.0,0.0,0.0,2,2,3,4,1
41194,41194,경기도,부천시 소사구,분석대상,0.0,157.0,0.0,없음,False,False,0,0.0,0.0,0.0,0.0,2,2,2,3,1
41196,41196,경기도,부천시 오정구,분석대상,0.0,157.0,0.0,없음,False,False,2,0.0,0.0,0.0,0.0,3,3,4,5,1
41210,41210,경기도,광명시,분석대상,0.0,157.0,0.0,없음,False,False,4,0.0,0.0,0.0,0.0,7,7,8,4,1
41220,41220,경기도,평택시,분석대상,0.001117,156.0,1.0,22.9kV,False,False,18,1.0,0.0,124.0,330.0,19,19,21,12,1
41250,41250,경기도,동두천시,분석대상,0.0,157.0,0.0,없음,False,False,4,0.0,0.0,0.0,0.0,1,1,2,2,1
41271,41271,경기도,안산시 상록구,분석대상,0.793296,3.0,710.0,154kV,True,False,0,109.0,710.0,109.0,690.0,5,5,7,7,1
41273,41273,경기도,안산시 단원구,분석대상,0.793296,3.0,710.0,154kV,True,False,0,109.0,710.0,109.0,690.0,9,9,10,10,1
41281,41281,경기도,고양시 덕양구,분석대상,0.0,157.0,0.0,없음,False,False,3,0.0,0.0,0.0,0.0,9,9,10,8,1
41285,41285,경기도,고양시 일산동구,분석대상,0.0,157.0,0.0,없음,False,False,3,0.0,0.0,0.0,0.0,6,6,7,5,1
41287,41287,경기도,고양시 일산서구,분석대상,0.0,157.0,0.0,없음,False,False,3,0.0,0.0,0.0,0.0,7,7,8,7,1
41290,41290,경기도,과천시,분석대상,0.003352,148.0,3.0,22.9kV,False,False,1,3.0,0.0,0.0,0.0,2,2,2,1,1
41310,41310,경기도,구리시,분석대상,0.0,157.0,0.0,없음,False,False,1,0.0,0.0,13.0,240.0,4,4,4,2,1
41360,41360,경기도,남양주시,분석대상,0.0,157.0,0.0,없음,False,False,5,0.0,0.0,72.0,310.0,12,12,12,8,1
41370,41370,경기도,오산시,분석대상,0.670391,15.0,600.0,154kV,False,False,1,118.0,600.0,113.0,600.0,9,9,9,6,1
41390,41390,경기도,시흥시,분석대상,0.402235,46.0,360.0,154kV,False,False,8,109.0,360.0,109.0,370.0,17,17,20,16,1
41410,41410,경기도,군포시,분석대상,0.052514,125.0,47.0,22.9kV,False,False,10,47.0,0.0,40.0,0.0,3,3,5,5,1
41430,41430,경기도,의왕시,분석대상,0.100559,104.0,90.0,154kV,False,False,0,47.0,90.0,166.0,450.0,6,6,7,5,1
41450,41450,경기도,하남시,분석대상,0.162011,82.0,145.0,154kV,False,False,6,44.0,145.0,30.0,145.0,8,8,9,7,1
41461,41461,경기도,용인시 처인구,분석대상,0.0,157.0,0.0,없음,False,False,28,0.0,0.0,0.0,0.0,10,10,10,8,1
41463,41463,경기도,용인시 기흥구,분석대상,0.011173,140.0,10.0,22.9kV,False,False,28,10.0,0.0,7.0,0.0,10,10,10,8,1
41465,41465,경기도,용인시 수지구,분석대상,0.0,157.0,0.0,없음,False,False,28,0.0,0.0,98.0,0.0,3,3,4,3,1
41480,41480,경기도,파주시,분석대상,0.0,157.0,0.0,없음,False,False,13,0.0,0.0,25.0,300.0,12,12,14,9,1
41500,41500,경기도,이천시,분석대상,0.0,157.0,0.0,없음,False,False,2,0.0,0.0,0.0,0.0,7,7,7,6,1
41550,41550,경기도,안성시,분석대상,0.0,157.0,0.0,없음,False,False,9,0.0,0.0,0.0,250.0,7,7,8,5,1
41570,41570,경기도,김포시,분석대상,0.0,157.0,0.0,없음,False,False,8,0.0,0.0,0.0,0.0,12,12,12,8,1
41591,41591,경기도,화성시 만세구,분석대상,0.0,157.0,0.0,없음,False,False,12,0.0,0.0,0.0,0.0,8,8,12,7,1
41593,41593,경기도,화성시 효행구,분석대상,0.089385,110.0,80.0,154kV,False,False,12,54.0,80.0,57.0,65.0,5,5,6,4,1
41595,41595,경기도,화성시 병점구,분석대상,0.0,157.0,0.0,없음,False,False,12,0.0,0.0,0.0,0.0,2,2,2,2,1
41597,41597,경기도,화성시 동탄구,분석대상,0.670391,15.0,600.0,154kV,False,False,12,0.0,600.0,0.0,600.0,4,4,5,4,1
41610,41610,경기도,광주시,분석대상,0.0,157.0,0.0,없음,False,False,6,0.0,0.0,0.0,0.0,7,7,8,5,1
41630,41630,경기도,양주시,분석대상,0.0,157.0,0.0,없음,False,False,15,0.0,0.0,10.0,280.0,11,11,14,10,1
41650,41650,경기도,포천시,분석대상,0.0,157.0,0.0,없음,False,False,2,0.0,0.0,55.0,710.0,7,7,8,5,1
41670,41670,경기도,여주시,분석대상,0.0,157.0,0.0,없음,False,False,0,0.0,0.0,0.0,0.0,6,6,6,4,1
41800,41800,경기도,연천군,분석대상,0.0,157.0,0.0,없음,False,False,0,0.0,0.0,8.0,600.0,2,2,3,3,1
41820,41820,경기도,가평군,분석대상,0.458101,31.0,410.0,154kV,False,False,0,72.0,410.0,72.0,410.0,5,5,5,4,1
41830,41830,경기도,양평군,분석대상,0.458101,31.0,410.0,154kV,False,False,0,72.0,410.0,72.0,625.0,5,5,5,5,1
43111,43111,충청북도,청주시 상당구,분석대상,0.0,157.0,0.0,없음,False,False,6,0.0,0.0,0.0,0.0,6,6,6,5,1
43112,43112,충청북도,청주시 서원구,분석대상,0.0,157.0,0.0,없음,False,False,6,0.0,0.0,0.0,0.0,4,4,4,4,1
43113,43113,충청북도,청주시 흥덕구,분석대상,0.002235,151.0,2.0,22.9kV,False,False,6,2.0,0.0,0.0,0.0,8,8,8,8,1
43114,43114,충청북도,청주시 청원구,분석대상,0.002235,151.0,2.0,22.9kV,False,False,6,2.0,0.0,0.0,0.0,7,7,7,6,1
43130,43130,충청북도,충주시,분석대상,0.625698,21.0,560.0,154kV,False,False,0,100.0,560.0,166.0,550.0,9,9,10,7,1
43150,43150,충청북도,제천시,분석대상,0.659218,17.0,590.0,154kV,False,False,2,25.0,590.0,17.0,210.0,2,2,3,3,1
43720,43720,충청북도,보은군,분석대상,0.0,157.0,0.0,없음,False,False,1,0.0,0.0,0.0,0.0,1,1,2,2,1
43730,43730,충청북도,옥천군,분석대상,0.0,157.0,0.0,없음,False,False,1,0.0,0.0,0.0,0.0,1,1,2,2,1
43740,43740,충청북도,영동군,분석대상,0.005587,145.0,5.0,22.9kV,False,False,1,5.0,0.0,0.0,0.0,1,1,2,2,1
43745,43745,충청북도,증평군,분석대상,0.0,157.0,0.0,없음,False,False,0,0.0,0.0,0.0,0.0,2,2,2,2,1
43750,43750,충청북도,진천군,분석대상,0.002235,151.0,2.0,22.9kV,False,False,0,2.0,0.0,0.0,0.0,6,6,6,5,1
43760,43760,충청북도,괴산군,분석대상,0.03352,130.0,30.0,154kV,False,False,0,30.0,30.0,30.0,30.0,5,5,5,4,1
43770,43770,충청북도,음성군,분석대상,0.111732,98.0,100.0,154kV,False,False,0,63.0,100.0,52.0,0.0,8,8,8,7,1
43800,43800,충청북도,단양군,분석대상,0.212291,73.0,190.0,154kV,False,False,2,25.0,190.0,19.0,235.0,1,1,2,2,1
44131,44131,충청남도,천안시 동남구,분석대상,0.002235,151.0,2.0,22.9kV,False,False,11,2.0,0.0,0.0,0.0,6,6,6,5,1
44133,44133,충청남도,천안시 서북구,분석대상,0.002235,151.0,2.0,22.9kV,False,False,11,2.0,0.0,0.0,0.0,11,11,11,11,1
44150,44150,충청남도,공주시,분석대상,0.206704,74.0,185.0,154kV,False,False,0,2.0,185.0,0.0,0.0,4,4,4,3,1
44180,44180,충청남도,보령시,분석대상,0.765363,11.0,685.0,154kV,True,False,0,76.0,685.0,64.0,455.0,3,3,5,2,1
44200,44200,충청남도,아산시,분석대상,0.0,157.0,0.0,없음,False,False,5,0.0,0.0,0.0,0.0,11,11,12,7,1
44210,44210,충청남도,서산시,분석대상,0.916201,2.0,820.0,154kV,True,False,18,112.0,820.0,109.0,875.0,8,8,8,6,1
44230,44230,충청남도,논산시,분석대상,0.675978,12.0,605.0,154kV,False,False,0,22.0,605.0,14.0,355.0,4,4,4,3,1
44250,44250,충청남도,계룡시,분석대상,0.0,157.0,0.0,없음,False,False,0,0.0,0.0,0.0,0.0,2,2,2,2,1
44270,44270,충청남도,당진시,분석대상,0.480447,27.0,430.0,154kV,False,False,11,147.0,430.0,141.0,515.0,7,7,10,8,1
44710,44710,충청남도,금산군,분석대상,0.0,157.0,0.0,없음,False,False,0,0.0,0.0,0.0,0.0,2,2,3,3,1
44760,44760,충청남도,부여군,분석대상,0.782123,5.0,700.0,154kV,True,False,0,102.0,700.0,97.0,450.0,2,2,3,3,1
44770,44770,충청남도,서천군,분석대상,0.0,157.0,0.0,없음,False,False,0,0.0,0.0,36.0,415.0,1,1,2,3,1
44790,44790,충청남도,청양군,분석대상,0.0,157.0,0.0,없음,False,False,0,0.0,0.0,0.0,0.0,1,1,2,2,1
44800,44800,충청남도,홍성군,분석대상,0.385475,48.0,345.0,154kV,False,False,0,8.0,345.0,3.0,515.0,3,3,3,3,1
44810,44810,충청남도,예산군,분석대상,0.385475,48.0,345.0,154kV,False,False,0,0.0,345.0,0.0,515.0,4,4,4,3,1
44825,44825,충청남도,태안군,분석대상,0.452514,34.0,405.0,154kV,False,False,0,80.0,405.0,75.0,595.0,2,2,3,2,1
47111,47111,경상북도,포항시 남구,분석대상,0.536313,25.0,480.0,154kV,False,False,6,90.0,480.0,121.0,685.0,7,7,8,6,1
47113,47113,경상북도,포항시 북구,분석대상,0.09162,109.0,82.0,22.9kV,False,False,0,82.0,50.0,103.0,605.0,5,5,6,5,1
47130,47130,경상북도,경주시,분석대상,0.379888,50.0,340.0,154kV,False,False,4,122.0,340.0,124.0,455.0,6,6,7,9,1
47150,47150,경상북도,김천시,분석대상,0.469274,30.0,420.0,154kV,False,False,0,118.0,420.0,115.0,375.0,4,4,4,3,1
47170,47170,경상북도,안동시,분석대상,0.273743,64.0,245.0,154kV,False,False,5,166.0,245.0,166.0,685.0,5,5,5,4,1
47190,47190,경상북도,구미시,분석대상,0.441341,39.0,395.0,154kV,False,False,8,80.0,395.0,75.0,390.0,9,9,10,8,1
47210,47210,경상북도,영주시,분석대상,0.379888,50.0,340.0,154kV,False,False,5,108.0,340.0,166.0,455.0,6,6,6,4,1
47230,47230,경상북도,영천시,분석대상,0.782123,5.0,700.0,154kV,True,False,4,128.0,700.0,126.0,695.0,6,6,6,6,1
47250,47250,경상북도,상주시,분석대상,0.0,157.0,0.0,없음,False,False,13,0.0,0.0,39.0,0.0,4,4,6,4,1
47280,47280,경상북도,문경시,분석대상,0.0,157.0,0.0,없음,False,False,5,0.0,0.0,0.0,0.0,3,3,3,3,1
47290,47290,경상북도,경산시,분석대상,0.77095,7.0,690.0,154kV,True,False,4,99.0,690.0,78.0,685.0,5,5,6,5,1
47730,47730,경상북도,의성군,분석대상,0.318436,58.0,285.0,154kV,False,False,8,166.0,285.0,166.0,685.0,3,3,4,3,1
47750,47750,경상북도,청송군,분석대상,0.0,157.0,0.0,없음,False,False,5,0.0,0.0,108.0,0.0,1,1,1,0,1
47760,47760,경상북도,영양군,분석대상,0.0,157.0,0.0,없음,False,False,5,0.0,0.0,166.0,210.0,2,2,2,1,1
47770,47770,경상북도,영덕군,분석대상,0.0,157.0,0.0,없음,False,False,6,0.0,0.0,91.0,1495.0,1,1,2,1,1
47820,47820,경상북도,청도군,분석대상,0.0,157.0,0.0,없음,False,False,0,0.0,0.0,74.0,0.0,1,1,2,2,1
47830,47830,경상북도,고령군,분석대상,0.324022,55.0,290.0,154kV,False,False,4,108.0,290.0,106.0,320.0,4,4,4,4,1
47840,47840,경상북도,성주군,분석대상,0.391061,47.0,350.0,154kV,False,False,0,86.0,350.0,84.0,455.0,3,3,3,2,1
47850,47850,경상북도,칠곡군,분석대상,0.290503,61.0,260.0,154kV,False,False,0,10.0,260.0,106.0,275.0,4,4,6,5,1
47900,47900,경상북도,예천군,분석대상,0.273743,64.0,245.0,154kV,False,False,5,166.0,245.0,166.0,380.0,3,3,3,2,1
47920,47920,경상북도,봉화군,분석대상,0.0,157.0,0.0,없음,False,False,5,0.0,0.0,166.0,295.0,3,3,4,2,1
47930,47930,경상북도,울진군,분석대상,0.0,157.0,0.0,없음,False,False,5,0.0,0.0,133.0,0.0,2,2,3,1,1
47940,47940,경상북도,울릉군,제외,,,,,,,0,0.0,0.0,0.0,0.0,0,0,0,0,1
48121,48121,경상남도,창원시 의창구,분석대상,0.0,157.0,0.0,없음,False,False,1,0.0,0.0,110.0,250.0,3,1,9,8,1
48123,48123,경상남도,창원시 성산구,분석대상,0.0,157.0,0.0,없음,False,False,1,0.0,0.0,0.0,0.0,2,1,9,7,1
48125,48125,경상남도,창원시 마산합포구,분석대상,0.111732,98.0,100.0,22.9kV,False,False,1,100.0,0.0,97.0,0.0,2,1,3,2,1
48127,48127,경상남도,창원시 마산회원구,분석대상,0.0,157.0,0.0,없음,False,False,1,0.0,0.0,0.0,0.0,1,1,4,4,1
48129,48129,경상남도,창원시 진해구,분석대상,0.0,157.0,0.0,없음,False,False,3,0.0,0.0,0.0,0.0,1,1,5,5,1
48170,48170,경상남도,진주시,분석대상,0.100559,104.0,90.0,154kV,False,False,0,52.0,90.0,70.0,275.0,7,7,7,7,1
48220,48220,경상남도,통영시,분석대상,0.117318,97.0,105.0,154kV,False,False,0,20.0,105.0,110.0,130.0,4,4,4,3,1
48240,48240,경상남도,사천시,분석대상,0.0,157.0,0.0,없음,False,False,1,0.0,0.0,106.0,80.0,5,5,5,4,1
48250,48250,경상남도,김해시,분석대상,0.0,157.0,0.0,없음,False,False,5,0.0,0.0,75.0,45.0,4,4,12,7,1
48270,48270,경상남도,밀양시,분석대상,0.0,157.0,0.0,없음,False,False,0,0.0,0.0,0.0,0.0,2,2,5,5,1
48310,48310,경상남도,거제시,분석대상,0.06257,122.0,56.0,22.9kV,False,False,0,56.0,0.0,49.0,0.0,4,4,4,3,1
48330,48330,경상남도,양산시,분석대상,0.005587,145.0,5.0,154kV,False,False,2,5.0,5.0,151.0,350.0,8,8,9,6,1
48720,48720,경상남도,의령군,분석대상,0.145251,88.0,130.0,154kV,False,False,0,0.0,130.0,0.0,275.0,2,2,2,1,1
48730,48730,경상남도,함안군,분석대상,0.067039,121.0,60.0,154kV,False,False,0,22.0,60.0,110.0,250.0,3,3,5,3,1
48740,48740,경상남도,창녕군,분석대상,0.675978,12.0,605.0,154kV,False,False,0,0.0,605.0,0.0,825.0,1,2,4,3,1
48820,48820,경상남도,고성군,분석대상,0.071508,119.0,64.0,22.9kV,False,False,1,64.0,0.0,55.0,0.0,2,2,2,2,1
48840,48840,경상남도,남해군,분석대상,0.0,157.0,0.0,없음,False,False,0,0.0,0.0,0.0,0.0,1,2,2,2,1
48850,48850,경상남도,하동군,분석대상,0.0,157.0,0.0,없음,False,False,0,0.0,0.0,0.0,0.0,1,3,3,2,1
48860,48860,경상남도,산청군,분석대상,0.025698,136.0,23.0,22.9kV,False,False,0,23.0,0.0,18.0,275.0,3,3,3,2,1
48870,48870,경상남도,함양군,분석대상,0.150838,87.0,135.0,154kV,False,False,0,107.0,135.0,103.0,275.0,3,3,3,1,1
48880,48880,경상남도,거창군,분석대상,0.087151,113.0,78.0,22.9kV,False,False,0,78.0,0.0,73.0,275.0,2,2,2,2,1
48890,48890,경상남도,합천군,분석대상,0.324022,55.0,290.0,154kV,False,False,0,108.0,290.0,106.0,320.0,1,4,4,4,1
50110,50110,제주특별자치도,제주시,참고등급,,,,,,,0,0.0,0.0,0.0,0.0,0,0,0,6,0
50130,50130,제주특별자치도,서귀포시,참고등급,,,,,,,0,0.0,0.0,0.0,0.0,0,0,0,7,0
51110,51110,강원특별자치도,춘천시,분석대상,0.27933,62.0,250.0,154kV,False,False,0,166.0,250.0,166.0,475.0,7,7,12,5,1
51130,51130,강원특별자치도,원주시,분석대상,0.407821,45.0,365.0,154kV,False,False,0,71.0,365.0,73.0,250.0,8,8,9,6,1
51150,51150,강원특별자치도,강릉시,분석대상,0.446927,35.0,400.0,154kV,False,False,3,166.0,400.0,166.0,400.0,7,7,8,5,1
51170,51170,강원특별자치도,동해시,분석대상,0.100559,104.0,90.0,154kV,False,False,3,11.0,90.0,7.0,135.0,1,1,4,1,1
51190,51190,강원특별자치도,태백시,분석대상,0.099441,108.0,89.0,22.9kV,False,False,0,89.0,0.0,82.0,0.0,1,1,2,1,1
51210,51210,강원특별자치도,속초시,분석대상,0.013408,138.0,12.0,22.9kV,False,False,3,12.0,0.0,6.0,0.0,1,1,2,2,1
51230,51230,강원특별자치도,삼척시,분석대상,0.324022,55.0,290.0,154kV,False,False,3,93.0,290.0,90.0,215.0,4,4,7,3,1
51720,51720,강원특별자치도,홍천군,분석대상,0.26257,66.0,235.0,154kV,False,False,0,96.0,235.0,93.0,325.0,3,3,5,4,1
51730,51730,강원특별자치도,횡성군,분석대상,0.301676,59.0,270.0,154kV,False,False,0,130.0,270.0,128.0,395.0,2,2,3,2,1
51750,51750,강원특별자치도,영월군,분석대상,0.223464,71.0,200.0,154kV,False,False,0,145.0,200.0,166.0,215.0,3,3,6,3,1
51760,51760,강원특별자치도,평창군,분석대상,0.167598,81.0,150.0,154kV,False,False,0,145.0,150.0,166.0,215.0,7,7,9,5,1
51770,51770,강원특별자치도,정선군,분석대상,0.256983,68.0,230.0,154kV,False,False,0,166.0,230.0,166.0,305.0,4,4,5,4,1
51780,51780,강원특별자치도,철원군,분석대상,0.608939,22.0,545.0,154kV,False,False,0,166.0,545.0,166.0,835.0,2,2,3,2,1
51790,51790,강원특별자치도,화천군,분석대상,0.27933,62.0,250.0,154kV,False,False,0,49.0,250.0,46.0,270.0,2,2,4,2,1
51800,51800,강원특별자치도,양구군,분석대상,0.071508,119.0,64.0,22.9kV,False,False,0,64.0,0.0,62.0,0.0,1,1,3,2,1
51810,51810,강원특별자치도,인제군,분석대상,0.119553,96.0,107.0,22.9kV,False,False,3,107.0,0.0,105.0,0.0,1,1,2,2,1
51820,51820,강원특별자치도,고성군,분석대상,0.131844,93.0,118.0,22.9kV,False,False,0,118.0,0.0,116.0,0.0,2,2,4,2,1
51830,51830,강원특별자치도,양양군,분석대상,0.156425,84.0,140.0,154kV,False,False,3,92.0,140.0,45.0,45.0,1,1,2,2,1
52111,52111,전북특별자치도,전주시 완산구,분석대상,0.296089,60.0,265.0,154kV,False,False,2,0.0,265.0,83.0,400.0,6,6,6,4,1
52113,52113,전북특별자치도,전주시 덕진구,분석대상,0.357542,53.0,320.0,154kV,False,False,2,166.0,320.0,166.0,560.0,8,8,8,6,1
52130,52130,전북특별자치도,군산시,분석대상,0.648045,18.0,580.0,154kV,False,False,3,166.0,580.0,166.0,670.0,14,14,16,10,1
52140,52140,전북특별자치도,익산시,분석대상,0.061453,123.0,55.0,22.9kV,False,False,2,55.0,0.0,134.0,690.0,5,5,5,4,1
52180,52180,전북특별자치도,정읍시,분석대상,0.581006,23.0,520.0,154kV,False,False,2,0.0,520.0,166.0,400.0,4,4,5,2,1
52190,52190,전북특별자치도,남원시,분석대상,0.138547,89.0,124.0,22.9kV,False,False,0,124.0,0.0,122.0,0.0,2,2,2,1,1
52210,52210,전북특별자치도,김제시,분석대상,0.357542,53.0,320.0,154kV,False,False,2,166.0,320.0,166.0,560.0,5,5,5,4,1
52710,52710,전북특별자치도,완주군,분석대상,0.0,157.0,0.0,없음,False,False,2,0.0,0.0,166.0,520.0,8,8,8,4,1
52720,52720,전북특별자치도,진안군,분석대상,0.0,157.0,0.0,없음,False,False,0,0.0,0.0,112.0,670.0,3,3,3,3,1
52730,52730,전북특별자치도,무주군,분석대상,0.0,157.0,0.0,없음,False,False,0,0.0,0.0,111.0,400.0,2,2,2,1,1
52740,52740,전북특별자치도,장수군,분석대상,0.0,157.0,0.0,없음,False,False,0,0.0,0.0,111.0,575.0,3,3,3,2,1
52750,52750,전북특별자치도,임실군,분석대상,0.138547,89.0,124.0,22.9kV,False,False,0,124.0,0.0,166.0,550.0,5,5,5,2,1
52770,52770,전북특별자치도,순창군,분석대상,0.77095,7.0,690.0,154kV,True,False,0,120.0,690.0,120.0,565.0,1,1,2,2,1
52790,52790,전북특별자치도,고창군,분석대상,0.07486,118.0,67.0,22.9kV,False,False,2,67.0,0.0,221.0,690.0,5,5,5,3,1
52800,52800,전북특별자치도,부안군,분석대상,0.0,157.0,0.0,없음,False,False,2,0.0,0.0,85.0,365.0,3,3,3,1,1
