시군구코드,지역코드,시도명,시군구명,분류,분류사유,용량MW_2029,결정전압,전력피쳐,전력순위,전력공급229kV_2029년_최대,전력공급154kV_2029년_최대,용량MW_2032,결정전압_2032,전력피쳐_2032,전력순위_2032,전력공급229kV_2032년_최대,전력공급154kV_2032년_최대,수용가능_1GW,수용가능_0.5GW,345kV여유Bay,345kV_상위지역공유,개편재배정
11110,11110,서울특별시,종로구,분석대상,,70.0,154kV,0.0782122905027933,114,10.0,70.0,65.0,154kV,0.02333931777378815,142,6.0,65.0,False,False,0,False,False
11140,11140,서울특별시,중구,분석대상,,70.0,154kV,0.0782122905027933,114,60.0,70.0,5.0,22.9kV,0.0017953321364452424,170,5.0,0.0,False,False,0,False,False
11170,11170,서울특별시,용산구,분석대상,,70.0,154kV,0.0782122905027933,114,1.0,70.0,5.0,22.9kV,0.0017953321364452424,170,5.0,0.0,False,False,0,False,False
11200,11200,서울특별시,성동구,분석대상,,110.0,154kV,0.12290502793296089,94,71.0,110.0,240.0,154kV,0.08617594254937164,99,69.0,240.0,False,False,0,False,False
11215,11215,서울특별시,광진구,분석대상,,19.0,22.9kV,0.021229050279329607,137,19.0,0.0,240.0,154kV,0.08617594254937164,99,10.0,240.0,False,False,0,False,False
11230,11230,서울특별시,동대문구,분석대상,,70.0,154kV,0.0782122905027933,114,65.0,70.0,0.0,없음,0.0,175,0.0,0.0,False,False,0,False,False
11260,11260,서울특별시,중랑구,분석대상,,170.0,154kV,0.18994413407821228,78,91.0,170.0,260.0,154kV,0.0933572710951526,93,90.0,260.0,False,False,0,False,False
11290,11290,서울특별시,성북구,분석대상,,145.0,154kV,0.16201117318435754,82,80.0,145.0,240.0,154kV,0.08617594254937164,99,61.0,240.0,False,False,0,False,False
11305,11305,서울특별시,강북구,분석대상,,175.0,154kV,0.19553072625698323,77,153.0,175.0,155.0,154kV,0.05565529622980251,121,152.0,155.0,False,False,0,False,False
11320,11320,서울특별시,도봉구,분석대상,,410.0,154kV,0.4581005586592179,31,127.0,410.0,175.0,154kV,0.06283662477558348,118,126.0,175.0,False,False,0,False,False
11350,11350,서울특별시,노원구,분석대상,,225.0,154kV,0.25139664804469275,69,0.0,225.0,315.0,154kV,0.11310592459605028,78,9.0,315.0,False,False,0,False,False
11380,11380,서울특별시,은평구,분석대상,,0.0,없음,0.0,157,0.0,0.0,5.0,22.9kV,0.0017953321364452424,170,5.0,0.0,False,False,0,False,False
11410,11410,서울특별시,서대문구,분석대상,,0.0,없음,0.0,157,0.0,0.0,5.0,22.9kV,0.0017953321364452424,170,5.0,0.0,False,False,0,False,False
11440,11440,서울특별시,마포구,분석대상,,45.0,154kV,0.05027932960893855,126,9.0,45.0,45.0,154kV,0.01615798922800718,154,5.0,45.0,False,False,0,False,False
11470,11470,서울특별시,양천구,분석대상,,0.0,없음,0.0,157,0.0,0.0,0.0,없음,0.0,175,0.0,0.0,False,False,2,False,False
11500,11500,서울특별시,강서구,분석대상,,9.0,22.9kV,0.01005586592178771,142,9.0,0.0,40.0,154kV,0.01436265709156194,156,0.0,40.0,False,False,2,False,False
11530,11530,서울특별시,구로구,분석대상,,0.0,없음,0.0,157,0.0,0.0,0.0,없음,0.0,175,0.0,0.0,False,False,1,False,False
11545,11545,서울특별시,금천구,분석대상,,0.0,없음,0.0,157,0.0,0.0,0.0,없음,0.0,175,0.0,0.0,False,False,1,False,False
11560,11560,서울특별시,영등포구,분석대상,,0.0,없음,0.0,157,0.0,0.0,0.0,없음,0.0,175,0.0,0.0,False,False,1,False,False
11590,11590,서울특별시,동작구,분석대상,,26.0,22.9kV,0.02905027932960894,133,26.0,0.0,0.0,없음,0.0,175,0.0,0.0,False,False,1,False,False
11620,11620,서울특별시,관악구,분석대상,,26.0,22.9kV,0.02905027932960894,133,26.0,0.0,0.0,없음,0.0,175,0.0,0.0,False,False,1,False,False
11650,11650,서울특별시,서초구,분석대상,,26.0,22.9kV,0.02905027932960894,133,26.0,0.0,11.0,22.9kV,0.0039497307001795335,165,11.0,0.0,False,False,0,False,False
11680,11680,서울특별시,강남구,분석대상,,40.0,154kV,0.0446927374301676,128,11.0,40.0,40.0,154kV,0.01436265709156194,156,11.0,40.0,False,False,0,False,False
11710,11710,서울특별시,송파구,분석대상,,11.0,22.9kV,0.012290502793296089,139,11.0,10.0,11.0,22.9kV,0.0039497307001795335,165,11.0,10.0,False,False,6,False,False
11740,11740,서울특별시,강동구,분석대상,,0.0,없음,0.0,157,0.0,0.0,0.0,없음,0.0,175,0.0,0.0,False,False,6,False,False
12110,12110,전남광주통합특별시,목포시,분석대상,,565.0,154kV,0.6312849162011173,19,44.0,565.0,500.0,154kV,0.17953321364452424,45,23.0,500.0,False,False,0,False,False
12130,12130,전남광주통합특별시,여수시,분석대상,,166.0,22.9kV,0.18547486033519553,79,166.0,0.0,166.0,22.9kV,0.05960502692998205,119,166.0,0.0,False,False,0,False,False
12150,12150,전남광주통합특별시,순천시,분석대상,,180.0,154kV,0.2011173184357542,75,111.0,180.0,180.0,154kV,0.06463195691202872,116,118.0,180.0,False,False,1,False,False
12170,12170,전남광주통합특별시,나주시,분석대상,,335.0,154kV,0.3743016759776536,52,100.0,335.0,2785.0,154kV,1.0,1,166.0,2785.0,False,False,1,False,False
12190,12190,전남광주통합특별시,광양시,분석대상,,51.0,22.9kV,0.05698324022346369,124,51.0,0.0,10.0,22.9kV,0.003590664272890485,167,10.0,0.0,False,False,0,False,False
12210,12210,전남광주통합특별시,동구,분석대상,,120.0,154kV,0.1340782122905028,91,105.0,120.0,185.0,154kV,0.06642728904847396,112,102.0,185.0,False,False,0,False,False
12240,12240,전남광주통합특별시,서구,분석대상,,8.0,22.9kV,0.008938547486033519,143,8.0,0.0,185.0,154kV,0.06642728904847396,112,1.0,185.0,False,False,1,False,False
12270,12270,전남광주통합특별시,남구,분석대상,,120.0,154kV,0.1340782122905028,91,105.0,120.0,185.0,154kV,0.06642728904847396,112,102.0,185.0,False,False,1,False,False
12300,12300,전남광주통합특별시,북구,분석대상,,100.0,154kV,0.11173184357541899,98,74.0,100.0,185.0,154kV,0.06642728904847396,112,69.0,185.0,False,False,1,False,False
12330,12330,전남광주통합특별시,광산구,분석대상,,400.0,154kV,0.44692737430167595,35,85.0,400.0,415.0,154kV,0.1490125673249551,56,82.0,415.0,False,False,0,False,False
12710,12710,전남광주통합특별시,담양군,분석대상,,100.0,154kV,0.11173184357541899,98,74.0,100.0,105.0,154kV,0.03770197486535009,133,69.0,105.0,False,False,0,False,False
12720,12720,전남광주통합특별시,곡성군,분석대상,,690.0,154kV,0.770949720670391,7,120.0,690.0,565.0,154kV,0.20287253141831238,33,120.0,565.0,False,True,0,False,False
12730,12730,전남광주통합특별시,구례군,분석대상,,180.0,154kV,0.2011173184357542,75,111.0,180.0,180.0,154kV,0.06463195691202872,116,109.0,180.0,False,False,0,False,False
12740,12740,전남광주통합특별시,고흥군,분석대상,,200.0,154kV,0.22346368715083798,71,166.0,200.0,200.0,154kV,0.0718132854578097,110,166.0,200.0,False,False,0,False,False
12750,12750,전남광주통합특별시,보성군,분석대상,,430.0,154kV,0.48044692737430167,27,166.0,430.0,910.0,154kV,0.3267504488330341,5,166.0,910.0,False,False,1,False,False
12760,12760,전남광주통합특별시,화순군,분석대상,,100.0,154kV,0.11173184357541899,98,82.0,100.0,100.0,154kV,0.03590664272890485,135,78.0,100.0,False,False,1,False,False
12770,12770,전남광주통합특별시,장흥군,분석대상,,430.0,154kV,0.48044692737430167,27,121.0,430.0,910.0,154kV,0.3267504488330341,5,119.0,910.0,False,False,1,False,False
12780,12780,전남광주통합특별시,강진군,참고등급,R3 154kV 전력공급 무응답,,,,,,,,,,,,,,,0,False,False
12790,12790,전남광주통합특별시,해남군,분석대상,,91.0,22.9kV,0.10167597765363129,103,91.0,0.0,87.0,22.9kV,0.03123877917414722,138,87.0,0.0,False,False,0,False,False
12800,12800,전남광주통합특별시,영암군,분석대상,,500.0,154kV,0.5586592178770949,24,166.0,500.0,1165.0,154kV,0.41831238779174146,3,166.0,1165.0,False,False,1,False,False
12810,12810,전남광주통합특별시,무안군,분석대상,,565.0,154kV,0.6312849162011173,19,104.0,565.0,500.0,154kV,0.17953321364452424,45,166.0,500.0,False,False,0,False,False
12820,12820,전남광주통합특별시,함평군,분석대상,,400.0,154kV,0.44692737430167595,35,59.0,400.0,400.0,154kV,0.1436265709156194,59,45.0,400.0,False,False,0,False,False
12830,12830,전남광주통합특별시,영광군,분석대상,,166.0,22.9kV,0.18547486033519553,79,166.0,0.0,690.0,154kV,0.24775583482944344,14,221.0,690.0,False,False,0,False,False
12840,12840,전남광주통합특별시,장성군,분석대상,,400.0,154kV,0.44692737430167595,35,60.0,400.0,400.0,154kV,0.1436265709156194,59,60.0,400.0,False,False,0,False,False
12850,12850,전남광주통합특별시,완도군,분석대상,,44.0,22.9kV,0.049162011173184354,127,44.0,0.0,37.0,22.9kV,0.013285457809694794,160,37.0,0.0,False,False,0,False,False
12860,12860,전남광주통합특별시,진도군,분석대상,,28.0,22.9kV,0.03128491620111732,132,28.0,0.0,16.0,22.9kV,0.005745062836624776,164,16.0,0.0,False,False,0,False,False
12870,12870,전남광주통합특별시,신안군,분석대상,,895.0,154kV,1.0,1,166.0,895.0,1075.0,154kV,0.3859964093357271,4,166.0,1075.0,False,True,0,False,False
26110,26110,부산광역시,중구,분석대상,,0.0,없음,0.0,157,0.0,0.0,0.0,없음,0.0,175,0.0,0.0,False,False,0,False,False
26140,26140,부산광역시,서구,분석대상,,0.0,없음,0.0,157,0.0,0.0,0.0,없음,0.0,175,0.0,0.0,False,False,0,False,False
26170,26170,부산광역시,동구,분석대상,,0.0,없음,0.0,157,0.0,0.0,220.0,154kV,0.07899461400359066,104,166.0,220.0,False,False,1,False,False
26200,26200,부산광역시,영도구,분석대상,,0.0,없음,0.0,157,0.0,0.0,0.0,없음,0.0,175,0.0,0.0,False,False,0,False,False
26230,26230,부산광역시,부산진구,분석대상,,0.0,없음,0.0,157,0.0,0.0,51.0,22.9kV,0.018312387791741474,149,51.0,0.0,False,False,1,False,False
26260,26260,부산광역시,동래구,분석대상,,0.0,없음,0.0,157,0.0,0.0,51.0,22.9kV,0.018312387791741474,149,51.0,0.0,False,False,3,False,False
26290,26290,부산광역시,남구,분석대상,,0.0,없음,0.0,157,0.0,0.0,0.0,없음,0.0,175,0.0,0.0,False,False,1,False,False
26320,26320,부산광역시,북구,분석대상,,5.0,154kV,0.00558659217877095,145,5.0,5.0,51.0,22.9kV,0.018312387791741474,149,51.0,0.0,False,False,2,False,False
26350,26350,부산광역시,해운대구,분석대상,,0.0,없음,0.0,157,0.0,0.0,0.0,없음,0.0,175,0.0,0.0,False,False,2,False,False
26380,26380,부산광역시,사하구,분석대상,,0.0,없음,0.0,157,0.0,0.0,0.0,없음,0.0,175,0.0,0.0,False,False,0,False,False
26410,26410,부산광역시,금정구,분석대상,,0.0,없음,0.0,157,0.0,0.0,0.0,없음,0.0,175,0.0,0.0,False,False,1,False,False
26440,26440,부산광역시,강서구,분석대상,,0.0,없음,0.0,157,0.0,0.0,0.0,없음,0.0,175,0.0,0.0,False,False,5,False,False
26470,26470,부산광역시,연제구,분석대상,,0.0,없음,0.0,157,0.0,0.0,51.0,22.9kV,0.018312387791741474,149,51.0,0.0,False,False,2,False,False
26500,26500,부산광역시,수영구,분석대상,,0.0,없음,0.0,157,0.0,0.0,0.0,없음,0.0,175,0.0,0.0,False,False,2,False,False
26530,26530,부산광역시,사상구,분석대상,,0.0,없음,0.0,157,0.0,0.0,0.0,없음,0.0,175,0.0,0.0,False,False,2,False,False
26710,26710,부산광역시,기장군,분석대상,,0.0,없음,0.0,157,0.0,0.0,0.0,없음,0.0,175,0.0,0.0,False,False,1,False,False
27110,27110,대구광역시,중구,분석대상,,0.0,없음,0.0,157,0.0,0.0,265.0,154kV,0.09515260323159784,91,71.0,265.0,False,False,0,False,False
27140,27140,대구광역시,동구,분석대상,,690.0,154kV,0.770949720670391,7,118.0,690.0,685.0,154kV,0.2459605026929982,19,113.0,685.0,False,True,4,False,False
27170,27170,대구광역시,서구,분석대상,,10.0,154kV,0.0111731843575419,140,10.0,10.0,265.0,154kV,0.09515260323159784,91,48.0,265.0,False,False,0,False,False
27200,27200,대구광역시,남구,분석대상,,0.0,없음,0.0,157,0.0,0.0,52.0,22.9kV,0.01867145421903052,147,52.0,0.0,False,False,0,False,False
27230,27230,대구광역시,북구,분석대상,,30.0,22.9kV,0.0335195530726257,130,30.0,10.0,255.0,154kV,0.09156193895870736,94,71.0,255.0,False,False,0,False,False
27260,27260,대구광역시,수성구,분석대상,,455.0,154kV,0.5083798882681564,26,114.0,455.0,420.0,154kV,0.15080789946140036,55,94.0,420.0,False,False,0,False,False
27290,27290,대구광역시,달서구,분석대상,,225.0,154kV,0.25139664804469275,69,30.0,225.0,365.0,154kV,0.1310592459605027,70,100.0,365.0,False,False,4,False,False
27710,27710,대구광역시,달성군,분석대상,,605.0,154kV,0.6759776536312849,12,166.0,605.0,825.0,154kV,0.296229802513465,9,166.0,825.0,False,False,4,False,False
27720,27720,대구광역시,군위군,분석대상,,110.0,22.9kV,0.12290502793296089,94,110.0,0.0,108.0,22.9kV,0.03877917414721724,130,108.0,0.0,False,False,8,False,False
28125,28125,인천광역시,제물포구,분석대상,,0.0,없음,0.0,157,0.0,0.0,0.0,없음,0.0,175,0.0,0.0,False,False,0,False,True
28155,28155,인천광역시,영종구,참고등급,R3 154kV 전력공급 무응답,,,,,,,,,,,,,,,2,False,False
28177,28177,인천광역시,미추홀구,분석대상,,0.0,없음,0.0,157,0.0,0.0,0.0,없음,0.0,175,0.0,0.0,False,False,0,False,False
28185,28185,인천광역시,연수구,분석대상,,0.0,없음,0.0,157,0.0,0.0,0.0,없음,0.0,175,0.0,0.0,False,False,0,False,False
28200,28200,인천광역시,남동구,분석대상,,0.0,없음,0.0,157,0.0,0.0,0.0,없음,0.0,175,0.0,0.0,False,False,0,False,False
28237,28237,인천광역시,부평구,분석대상,,0.0,없음,0.0,157,0.0,0.0,25.0,154kV,0.008976660682226212,162,0.0,25.0,False,False,2,False,False
28245,28245,인천광역시,계양구,분석대상,,0.0,없음,0.0,157,0.0,0.0,25.0,154kV,0.008976660682226212,162,15.0,25.0,False,False,2,False,False
28275,28275,인천광역시,서해구,분석대상,,0.0,없음,0.0,157,0.0,0.0,0.0,없음,0.0,175,0.0,0.0,False,False,4,False,True
28290,28290,인천광역시,검단구,분석대상,,0.0,없음,0.0,157,0.0,0.0,0.0,없음,0.0,175,0.0,0.0,False,False,1,False,True
28710,28710,인천광역시,강화군,분석대상,,0.0,없음,0.0,157,0.0,0.0,0.0,없음,0.0,175,0.0,0.0,False,False,2,False,False
28720,28720,인천광역시,옹진군,참고등급,R3 154kV 전력공급 무응답,,,,,,,,,,,,,,,0,False,False
30110,30110,대전광역시,동구,분석대상,,0.0,없음,0.0,157,0.0,0.0,0.0,없음,0.0,175,0.0,0.0,False,False,0,False,False
30140,30140,대전광역시,중구,분석대상,,0.0,없음,0.0,157,0.0,0.0,0.0,없음,0.0,175,0.0,0.0,False,False,0,False,False
30170,30170,대전광역시,서구,분석대상,,380.0,154kV,0.4245810055865922,40,55.0,380.0,0.0,없음,0.0,175,0.0,0.0,False,False,0,False,False
30200,30200,대전광역시,유성구,분석대상,,380.0,154kV,0.4245810055865922,40,110.0,380.0,0.0,없음,0.0,175,0.0,0.0,False,False,0,False,False
30230,30230,대전광역시,대덕구,분석대상,,380.0,154kV,0.4245810055865922,40,60.0,380.0,0.0,없음,0.0,175,0.0,0.0,False,False,0,False,False
31110,31110,울산광역시,중구,분석대상,,0.0,없음,0.0,157,0.0,0.0,0.0,없음,0.0,175,0.0,0.0,False,False,6,False,False
31140,31140,울산광역시,남구,분석대상,,40.0,154kV,0.0446927374301676,128,12.0,40.0,55.0,154kV,0.019748653500897665,145,27.0,55.0,False,False,10,False,False
31170,31170,울산광역시,동구,분석대상,,140.0,154kV,0.1564245810055866,84,139.0,140.0,565.0,154kV,0.20287253141831238,33,138.0,565.0,False,False,0,False,False
31200,31200,울산광역시,북구,분석대상,,140.0,154kV,0.1564245810055866,84,139.0,140.0,565.0,154kV,0.20287253141831238,33,138.0,565.0,False,False,0,False,False
31710,31710,울산광역시,울주군,분석대상,,370.0,154kV,0.4134078212290503,44,143.0,370.0,790.0,154kV,0.2836624775583483,11,142.0,790.0,False,False,12,False,False
36110,36110,세종특별자치시,세종특별자치시,분석대상,,380.0,154kV,0.4245810055865922,40,136.0,380.0,200.0,154kV,0.0718132854578097,110,8.0,200.0,False,False,0,False,False
41111,41111,경기도,수원시 장안구,분석대상,,8.0,22.9kV,0.008938547486033519,143,8.0,0.0,2.0,22.9kV,0.000718132854578097,174,2.0,0.0,False,False,17,False,False
41113,41113,경기도,수원시 권선구,분석대상,,90.0,154kV,0.1005586592178771,104,54.0,90.0,166.0,22.9kV,0.05960502692998205,119,166.0,65.0,False,False,17,False,False
41115,41115,경기도,수원시 팔달구,분석대상,,3.0,22.9kV,0.0033519553072625698,148,3.0,0.0,0.0,없음,0.0,175,0.0,0.0,False,False,17,False,False
41117,41117,경기도,수원시 영통구,분석대상,,0.0,없음,0.0,157,0.0,0.0,0.0,없음,0.0,175,0.0,0.0,False,False,17,False,False
41131,41131,경기도,성남시 수정구,분석대상,,80.0,154kV,0.0893854748603352,110,0.0,80.0,115.0,154kV,0.04129263913824058,128,7.0,115.0,False,False,2,False,False
41133,41133,경기도,성남시 중원구,분석대상,,80.0,154kV,0.0893854748603352,110,0.0,80.0,115.0,154kV,0.04129263913824058,128,7.0,115.0,False,False,2,False,False
41135,41135,경기도,성남시 분당구,분석대상,,0.0,없음,0.0,157,0.0,0.0,0.0,없음,0.0,175,0.0,0.0,False,False,2,False,False
41150,41150,경기도,의정부시,분석대상,,0.0,없음,0.0,157,0.0,0.0,0.0,없음,0.0,175,0.0,0.0,False,False,5,False,False
41171,41171,경기도,안양시 만안구,분석대상,,3.0,22.9kV,0.0033519553072625698,148,3.0,0.0,0.0,없음,0.0,175,0.0,0.0,False,False,0,False,False
41173,41173,경기도,안양시 동안구,분석대상,,235.0,154kV,0.26256983240223464,66,0.0,235.0,450.0,154kV,0.1615798922800718,52,166.0,450.0,False,False,0,False,False
41192,41192,경기도,부천시 원미구,분석대상,,0.0,없음,0.0,157,0.0,0.0,0.0,없음,0.0,175,0.0,0.0,False,False,2,False,True
41194,41194,경기도,부천시 소사구,분석대상,,0.0,없음,0.0,157,0.0,0.0,0.0,없음,0.0,175,0.0,0.0,False,False,0,False,True
41196,41196,경기도,부천시 오정구,분석대상,,0.0,없음,0.0,157,0.0,0.0,0.0,없음,0.0,175,0.0,0.0,False,False,2,False,True
41210,41210,경기도,광명시,분석대상,,0.0,없음,0.0,157,0.0,0.0,0.0,없음,0.0,175,0.0,0.0,False,False,4,False,False
41220,41220,경기도,평택시,분석대상,,1.0,22.9kV,0.0011173184357541898,156,1.0,0.0,330.0,154kV,0.118491921005386,74,124.0,330.0,False,False,18,False,False
41250,41250,경기도,동두천시,분석대상,,0.0,없음,0.0,157,0.0,0.0,0.0,없음,0.0,175,0.0,0.0,False,False,4,False,False
41271,41271,경기도,안산시 상록구,분석대상,,710.0,154kV,0.7932960893854749,3,109.0,710.0,690.0,154kV,0.24775583482944344,14,109.0,690.0,False,True,0,False,False
41273,41273,경기도,안산시 단원구,분석대상,,710.0,154kV,0.7932960893854749,3,109.0,710.0,690.0,154kV,0.24775583482944344,14,109.0,690.0,False,True,0,False,False
41281,41281,경기도,고양시 덕양구,분석대상,,0.0,없음,0.0,157,0.0,0.0,0.0,없음,0.0,175,0.0,0.0,False,False,3,False,False
41285,41285,경기도,고양시 일산동구,분석대상,,0.0,없음,0.0,157,0.0,0.0,0.0,없음,0.0,175,0.0,0.0,False,False,3,False,False
41287,41287,경기도,고양시 일산서구,분석대상,,0.0,없음,0.0,157,0.0,0.0,0.0,없음,0.0,175,0.0,0.0,False,False,3,False,False
41290,41290,경기도,과천시,분석대상,,3.0,22.9kV,0.0033519553072625698,148,3.0,0.0,0.0,없음,0.0,175,0.0,0.0,False,False,1,False,False
41310,41310,경기도,구리시,분석대상,,0.0,없음,0.0,157,0.0,0.0,240.0,154kV,0.08617594254937164,99,13.0,240.0,False,False,1,False,False
41360,41360,경기도,남양주시,분석대상,,0.0,없음,0.0,157,0.0,0.0,310.0,154kV,0.11131059245960502,79,72.0,310.0,False,False,5,False,False
41370,41370,경기도,오산시,분석대상,,600.0,154kV,0.6703910614525139,15,118.0,600.0,600.0,154kV,0.21543985637342908,28,113.0,600.0,False,False,1,False,False
41390,41390,경기도,시흥시,분석대상,,360.0,154kV,0.4022346368715084,46,109.0,360.0,370.0,154kV,0.13285457809694792,69,109.0,370.0,False,False,8,False,False
41410,41410,경기도,군포시,분석대상,,47.0,22.9kV,0.05251396648044693,125,47.0,0.0,40.0,22.9kV,0.01436265709156194,156,40.0,0.0,False,False,10,False,False
41430,41430,경기도,의왕시,분석대상,,90.0,154kV,0.1005586592178771,104,47.0,90.0,450.0,154kV,0.1615798922800718,52,166.0,450.0,False,False,0,False,False
41450,41450,경기도,하남시,분석대상,,145.0,154kV,0.16201117318435754,82,44.0,145.0,145.0,154kV,0.05206463195691203,122,30.0,145.0,False,False,6,False,False
41461,41461,경기도,용인시 처인구,분석대상,,0.0,없음,0.0,157,0.0,0.0,0.0,없음,0.0,175,0.0,0.0,False,False,28,False,False
41463,41463,경기도,용인시 기흥구,분석대상,,10.0,22.9kV,0.0111731843575419,140,10.0,0.0,7.0,22.9kV,0.0025134649910233393,168,7.0,0.0,False,False,28,False,False
41465,41465,경기도,용인시 수지구,분석대상,,0.0,없음,0.0,157,0.0,0.0,98.0,22.9kV,0.03518850987432675,136,98.0,0.0,False,False,28,False,False
41480,41480,경기도,파주시,분석대상,,0.0,없음,0.0,157,0.0,0.0,300.0,154kV,0.10771992818671454,81,25.0,300.0,False,False,13,False,False
41500,41500,경기도,이천시,분석대상,,0.0,없음,0.0,157,0.0,0.0,0.0,없음,0.0,175,0.0,0.0,False,False,2,False,False
41550,41550,경기도,안성시,분석대상,,0.0,없음,0.0,157,0.0,0.0,250.0,154kV,0.08976660682226212,95,0.0,250.0,False,False,9,False,False
41570,41570,경기도,김포시,분석대상,,0.0,없음,0.0,157,0.0,0.0,0.0,없음,0.0,175,0.0,0.0,False,False,8,False,False
41591,41591,경기도,화성시 만세구,분석대상,,0.0,없음,0.0,157,0.0,0.0,0.0,없음,0.0,175,0.0,0.0,False,False,12,True,True
41593,41593,경기도,화성시 효행구,분석대상,,80.0,154kV,0.0893854748603352,110,54.0,80.0,65.0,154kV,0.02333931777378815,142,57.0,65.0,False,False,12,True,True
41595,41595,경기도,화성시 병점구,분석대상,,0.0,없음,0.0,157,0.0,0.0,0.0,없음,0.0,175,0.0,0.0,False,False,12,True,True
41597,41597,경기도,화성시 동탄구,분석대상,,600.0,154kV,0.6703910614525139,15,0.0,600.0,600.0,154kV,0.21543985637342908,28,0.0,600.0,False,False,12,True,True
41610,41610,경기도,광주시,분석대상,,0.0,없음,0.0,157,0.0,0.0,0.0,없음,0.0,175,0.0,0.0,False,False,6,False,False
41630,41630,경기도,양주시,분석대상,,0.0,없음,0.0,157,0.0,0.0,280.0,154kV,0.10053859964093358,83,10.0,280.0,False,False,15,False,False
41650,41650,경기도,포천시,분석대상,,0.0,없음,0.0,157,0.0,0.0,710.0,154kV,0.25493716337522443,12,55.0,710.0,False,False,2,False,False
41670,41670,경기도,여주시,분석대상,,0.0,없음,0.0,157,0.0,0.0,0.0,없음,0.0,175,0.0,0.0,False,False,0,False,False
41800,41800,경기도,연천군,분석대상,,0.0,없음,0.0,157,0.0,0.0,600.0,154kV,0.21543985637342908,28,8.0,600.0,False,False,0,False,False
41820,41820,경기도,가평군,분석대상,,410.0,154kV,0.4581005586592179,31,72.0,410.0,410.0,154kV,0.14721723518850988,58,72.0,410.0,False,False,0,False,False
41830,41830,경기도,양평군,분석대상,,410.0,154kV,0.4581005586592179,31,72.0,410.0,625.0,154kV,0.2244165170556553,26,72.0,625.0,False,False,0,False,False
43111,43111,충청북도,청주시 상당구,분석대상,,0.0,없음,0.0,157,0.0,0.0,0.0,없음,0.0,175,0.0,0.0,False,False,6,False,False
43112,43112,충청북도,청주시 서원구,분석대상,,0.0,없음,0.0,157,0.0,0.0,0.0,없음,0.0,175,0.0,0.0,False,False,6,False,False
43113,43113,충청북도,청주시 흥덕구,분석대상,,2.0,22.9kV,0.0022346368715083797,151,2.0,0.0,0.0,없음,0.0,175,0.0,0.0,False,False,6,False,False
43114,43114,충청북도,청주시 청원구,분석대상,,2.0,22.9kV,0.0022346368715083797,151,2.0,0.0,0.0,없음,0.0,175,0.0,0.0,False,False,6,False,False
43130,43130,충청북도,충주시,분석대상,,560.0,154kV,0.6256983240223464,21,100.0,560.0,550.0,154kV,0.19748653500897667,39,166.0,550.0,False,False,0,False,False
43150,43150,충청북도,제천시,분석대상,,590.0,154kV,0.659217877094972,17,25.0,590.0,210.0,154kV,0.07540394973070018,108,17.0,210.0,False,False,2,False,False
43720,43720,충청북도,보은군,분석대상,,0.0,없음,0.0,157,0.0,0.0,0.0,없음,0.0,175,0.0,0.0,False,False,1,False,False
43730,43730,충청북도,옥천군,분석대상,,0.0,없음,0.0,157,0.0,0.0,0.0,없음,0.0,175,0.0,0.0,False,False,1,False,False
43740,43740,충청북도,영동군,분석대상,,5.0,22.9kV,0.00558659217877095,145,5.0,0.0,0.0,없음,0.0,175,0.0,0.0,False,False,1,False,False
43745,43745,충청북도,증평군,분석대상,,0.0,없음,0.0,157,0.0,0.0,0.0,없음,0.0,175,0.0,0.0,False,False,0,False,False
43750,43750,충청북도,진천군,분석대상,,2.0,22.9kV,0.0022346368715083797,151,2.0,0.0,0.0,없음,0.0,175,0.0,0.0,False,False,0,False,False
43760,43760,충청북도,괴산군,분석대상,,30.0,154kV,0.0335195530726257,130,30.0,30.0,30.0,154kV,0.010771992818671455,161,30.0,30.0,False,False,0,False,False
43770,43770,충청북도,음성군,분석대상,,100.0,154kV,0.11173184357541899,98,63.0,100.0,52.0,22.9kV,0.01867145421903052,147,52.0,0.0,False,False,0,False,False
43800,43800,충청북도,단양군,분석대상,,190.0,154kV,0.2122905027932961,73,25.0,190.0,235.0,154kV,0.0843806104129264,103,19.0,235.0,False,False,2,False,False
44131,44131,충청남도,천안시 동남구,분석대상,,2.0,22.9kV,0.0022346368715083797,151,2.0,0.0,0.0,없음,0.0,175,0.0,0.0,False,False,11,False,False
44133,44133,충청남도,천안시 서북구,분석대상,,2.0,22.9kV,0.0022346368715083797,151,2.0,0.0,0.0,없음,0.0,175,0.0,0.0,False,False,11,False,False
44150,44150,충청남도,공주시,분석대상,,185.0,154kV,0.20670391061452514,74,2.0,185.0,0.0,없음,0.0,175,0.0,0.0,False,False,0,False,False
44180,44180,충청남도,보령시,분석대상,,685.0,154kV,0.7653631284916201,11,76.0,685.0,455.0,154kV,0.16337522441651706,48,64.0,455.0,False,True,0,False,False
44200,44200,충청남도,아산시,분석대상,,0.0,없음,0.0,157,0.0,0.0,0.0,없음,0.0,175,0.0,0.0,False,False,5,False,False
44210,44210,충청남도,서산시,분석대상,,820.0,154kV,0.9162011173184358,2,112.0,820.0,875.0,154kV,0.3141831238779174,7,109.0,875.0,False,True,18,False,False
44230,44230,충청남도,논산시,분석대상,,605.0,154kV,0.6759776536312849,12,22.0,605.0,355.0,154kV,0.12746858168761221,72,14.0,355.0,False,False,0,False,False
44250,44250,충청남도,계룡시,분석대상,,0.0,없음,0.0,157,0.0,0.0,0.0,없음,0.0,175,0.0,0.0,False,False,0,False,False
44270,44270,충청남도,당진시,분석대상,,430.0,154kV,0.48044692737430167,27,147.0,430.0,515.0,154kV,0.18491921005385997,42,141.0,515.0,False,False,11,False,False
44710,44710,충청남도,금산군,분석대상,,0.0,없음,0.0,157,0.0,0.0,0.0,없음,0.0,175,0.0,0.0,False,False,0,False,False
44760,44760,충청남도,부여군,분석대상,,700.0,154kV,0.7821229050279329,5,102.0,700.0,450.0,154kV,0.1615798922800718,52,97.0,450.0,False,True,0,False,False
44770,44770,충청남도,서천군,분석대상,,0.0,없음,0.0,157,0.0,0.0,415.0,154kV,0.1490125673249551,56,36.0,415.0,False,False,0,False,False
44790,44790,충청남도,청양군,분석대상,,0.0,없음,0.0,157,0.0,0.0,0.0,없음,0.0,175,0.0,0.0,False,False,0,False,False
44800,44800,충청남도,홍성군,분석대상,,345.0,154kV,0.3854748603351955,48,8.0,345.0,515.0,154kV,0.18491921005385997,42,3.0,515.0,False,False,0,False,False
44810,44810,충청남도,예산군,분석대상,,345.0,154kV,0.3854748603351955,48,0.0,345.0,515.0,154kV,0.18491921005385997,42,0.0,515.0,False,False,0,False,False
44825,44825,충청남도,태안군,분석대상,,405.0,154kV,0.45251396648044695,34,80.0,405.0,595.0,154kV,0.21364452423698385,31,75.0,595.0,False,False,0,False,False
47111,47111,경상북도,포항시 남구,분석대상,,480.0,154kV,0.5363128491620112,25,90.0,480.0,685.0,154kV,0.2459605026929982,19,121.0,685.0,False,False,6,False,False
47113,47113,경상북도,포항시 북구,분석대상,,82.0,22.9kV,0.09162011173184358,109,82.0,50.0,605.0,154kV,0.21723518850987433,27,103.0,605.0,False,False,0,False,False
47130,47130,경상북도,경주시,분석대상,,340.0,154kV,0.37988826815642457,50,122.0,340.0,455.0,154kV,0.16337522441651706,48,124.0,455.0,False,False,4,False,False
47150,47150,경상북도,김천시,분석대상,,420.0,154kV,0.4692737430167598,30,118.0,420.0,375.0,154kV,0.13464991023339318,68,115.0,375.0,False,False,0,False,False
47170,47170,경상북도,안동시,분석대상,,245.0,154kV,0.2737430167597765,64,166.0,245.0,685.0,154kV,0.2459605026929982,19,166.0,685.0,False,False,5,False,False
47190,47190,경상북도,구미시,분석대상,,395.0,154kV,0.441340782122905,39,80.0,395.0,390.0,154kV,0.1400359066427289,66,75.0,390.0,False,False,8,False,False
47210,47210,경상북도,영주시,분석대상,,340.0,154kV,0.37988826815642457,50,108.0,340.0,455.0,154kV,0.16337522441651706,48,166.0,455.0,False,False,5,False,False
47230,47230,경상북도,영천시,분석대상,,700.0,154kV,0.7821229050279329,5,128.0,700.0,695.0,154kV,0.2495511669658887,13,126.0,695.0,False,True,4,False,False
47250,47250,경상북도,상주시,분석대상,,0.0,없음,0.0,157,0.0,0.0,39.0,22.9kV,0.01400359066427289,159,39.0,0.0,False,False,13,False,False
47280,47280,경상북도,문경시,분석대상,,0.0,없음,0.0,157,0.0,0.0,0.0,없음,0.0,175,0.0,0.0,False,False,5,False,False
47290,47290,경상북도,경산시,분석대상,,690.0,154kV,0.770949720670391,7,99.0,690.0,685.0,154kV,0.2459605026929982,19,78.0,685.0,False,True,4,False,False
47730,47730,경상북도,의성군,분석대상,,285.0,154kV,0.31843575418994413,58,166.0,285.0,685.0,154kV,0.2459605026929982,19,166.0,685.0,False,False,8,False,False
47750,47750,경상북도,청송군,분석대상,,0.0,없음,0.0,157,0.0,0.0,108.0,22.9kV,0.03877917414721724,130,108.0,0.0,False,False,5,False,False
47760,47760,경상북도,영양군,분석대상,,0.0,없음,0.0,157,0.0,0.0,210.0,154kV,0.07540394973070018,108,166.0,210.0,False,False,5,False,False
47770,47770,경상북도,영덕군,분석대상,,0.0,없음,0.0,157,0.0,0.0,1495.0,154kV,0.5368043087971275,2,91.0,1495.0,False,False,6,False,False
47820,47820,경상북도,청도군,분석대상,,0.0,없음,0.0,157,0.0,0.0,74.0,22.9kV,0.02657091561938959,141,74.0,0.0,False,False,0,False,False
47830,47830,경상북도,고령군,분석대상,,290.0,154kV,0.3240223463687151,55,108.0,290.0,320.0,154kV,0.11490125673249552,76,106.0,320.0,False,False,4,False,False
47840,47840,경상북도,성주군,분석대상,,350.0,154kV,0.39106145251396646,47,86.0,350.0,455.0,154kV,0.16337522441651706,48,84.0,455.0,False,False,0,False,False
47850,47850,경상북도,칠곡군,분석대상,,260.0,154kV,0.2905027932960894,61,10.0,260.0,275.0,154kV,0.09874326750448834,84,106.0,275.0,False,False,0,False,False
47900,47900,경상북도,예천군,분석대상,,245.0,154kV,0.2737430167597765,64,166.0,245.0,380.0,154kV,0.13644524236983843,67,166.0,380.0,False,False,5,False,False
47920,47920,경상북도,봉화군,분석대상,,0.0,없음,0.0,157,0.0,0.0,295.0,154kV,0.1059245960502693,82,166.0,295.0,False,False,5,False,False
47930,47930,경상북도,울진군,분석대상,,0.0,없음,0.0,157,0.0,0.0,133.0,22.9kV,0.04775583482944345,124,133.0,0.0,False,False,5,False,False
47940,47940,경상북도,울릉군,제외,R1 변전소 응답 전무,,,,,,,,,,,,,,,0,False,False
48121,48121,경상남도,창원시 의창구,분석대상,,0.0,없음,0.0,157,0.0,0.0,250.0,154kV,0.08976660682226212,95,110.0,250.0,False,False,1,False,False
48123,48123,경상남도,창원시 성산구,분석대상,,0.0,없음,0.0,157,0.0,0.0,0.0,없음,0.0,175,0.0,0.0,False,False,1,False,False
48125,48125,경상남도,창원시 마산합포구,분석대상,,100.0,22.9kV,0.11173184357541899,98,100.0,0.0,97.0,22.9kV,0.0348294434470377,137,97.0,0.0,False,False,1,False,False
48127,48127,경상남도,창원시 마산회원구,분석대상,,0.0,없음,0.0,157,0.0,0.0,0.0,없음,0.0,175,0.0,0.0,False,False,1,False,False
48129,48129,경상남도,창원시 진해구,분석대상,,0.0,없음,0.0,157,0.0,0.0,0.0,없음,0.0,175,0.0,0.0,False,False,3,False,False
48170,48170,경상남도,진주시,분석대상,,90.0,154kV,0.1005586592178771,104,52.0,90.0,275.0,154kV,0.09874326750448834,84,70.0,275.0,False,False,0,False,False
48220,48220,경상남도,통영시,분석대상,,105.0,154kV,0.11731843575418995,97,20.0,105.0,130.0,154kV,0.0466786355475763,125,110.0,130.0,False,False,0,False,False
48240,48240,경상남도,사천시,분석대상,,0.0,없음,0.0,157,0.0,0.0,106.0,22.9kV,0.03806104129263914,132,106.0,80.0,False,False,1,False,False
48250,48250,경상남도,김해시,분석대상,,0.0,없음,0.0,157,0.0,0.0,75.0,22.9kV,0.026929982046678635,140,75.0,45.0,False,False,5,False,False
48270,48270,경상남도,밀양시,분석대상,,0.0,없음,0.0,157,0.0,0.0,0.0,없음,0.0,175,0.0,0.0,False,False,0,False,False
48310,48310,경상남도,거제시,분석대상,,56.0,22.9kV,0.06256983240223464,122,56.0,0.0,49.0,22.9kV,0.017594254937163375,153,49.0,0.0,False,False,0,False,False
48330,48330,경상남도,양산시,분석대상,,5.0,154kV,0.00558659217877095,145,5.0,5.0,350.0,154kV,0.12567324955116696,73,151.0,350.0,False,False,2,False,False
48720,48720,경상남도,의령군,분석대상,,130.0,154kV,0.1452513966480447,88,0.0,130.0,275.0,154kV,0.09874326750448834,84,0.0,275.0,False,False,0,False,False
48730,48730,경상남도,함안군,분석대상,,60.0,154kV,0.0670391061452514,121,22.0,60.0,250.0,154kV,0.08976660682226212,95,110.0,250.0,False,False,0,False,False
48740,48740,경상남도,창녕군,분석대상,,605.0,154kV,0.6759776536312849,12,0.0,605.0,825.0,154kV,0.296229802513465,9,0.0,825.0,False,False,0,False,False
48820,48820,경상남도,고성군,분석대상,,64.0,22.9kV,0.07150837988826815,119,64.0,0.0,55.0,22.9kV,0.019748653500897665,145,55.0,0.0,False,False,1,False,False
48840,48840,경상남도,남해군,분석대상,,0.0,없음,0.0,157,0.0,0.0,0.0,없음,0.0,175,0.0,0.0,False,False,0,False,False
48850,48850,경상남도,하동군,분석대상,,0.0,없음,0.0,157,0.0,0.0,0.0,없음,0.0,175,0.0,0.0,False,False,0,False,False
48860,48860,경상남도,산청군,분석대상,,23.0,22.9kV,0.02569832402234637,136,23.0,0.0,275.0,154kV,0.09874326750448834,84,18.0,275.0,False,False,0,False,False
48870,48870,경상남도,함양군,분석대상,,135.0,154kV,0.15083798882681565,87,107.0,135.0,275.0,154kV,0.09874326750448834,84,103.0,275.0,False,False,0,False,False
48880,48880,경상남도,거창군,분석대상,,78.0,22.9kV,0.08715083798882682,113,78.0,0.0,275.0,154kV,0.09874326750448834,84,73.0,275.0,False,False,0,False,False
48890,48890,경상남도,합천군,분석대상,,290.0,154kV,0.3240223463687151,55,108.0,290.0,320.0,154kV,0.11490125673249552,76,106.0,320.0,False,False,0,False,False
50110,50110,제주특별자치도,제주시,참고등급,R2 시도 전력공급 미수집,,,,,,,,,,,,,,,0,False,False
50130,50130,제주특별자치도,서귀포시,참고등급,R2 시도 전력공급 미수집,,,,,,,,,,,,,,,0,False,False
51110,51110,강원특별자치도,춘천시,분석대상,,250.0,154kV,0.27932960893854747,62,166.0,250.0,475.0,154kV,0.17055655296229802,47,166.0,475.0,False,False,0,False,False
51130,51130,강원특별자치도,원주시,분석대상,,365.0,154kV,0.40782122905027934,45,71.0,365.0,250.0,154kV,0.08976660682226212,95,73.0,250.0,False,False,0,False,False
51150,51150,강원특별자치도,강릉시,분석대상,,400.0,154kV,0.44692737430167595,35,166.0,400.0,400.0,154kV,0.1436265709156194,59,166.0,400.0,False,False,3,False,False
51170,51170,강원특별자치도,동해시,분석대상,,90.0,154kV,0.1005586592178771,104,11.0,90.0,135.0,154kV,0.04847396768402154,123,7.0,135.0,False,False,3,False,False
51190,51190,강원특별자치도,태백시,분석대상,,89.0,22.9kV,0.09944134078212291,108,89.0,0.0,82.0,22.9kV,0.029443447037701975,139,82.0,0.0,False,False,0,False,False
51210,51210,강원특별자치도,속초시,분석대상,,12.0,22.9kV,0.013407821229050279,138,12.0,0.0,6.0,22.9kV,0.0021543985637342907,169,6.0,0.0,False,False,3,False,False
51230,51230,강원특별자치도,삼척시,분석대상,,290.0,154kV,0.3240223463687151,55,93.0,290.0,215.0,154kV,0.07719928186714542,105,90.0,215.0,False,False,3,False,False
51720,51720,강원특별자치도,홍천군,분석대상,,235.0,154kV,0.26256983240223464,66,96.0,235.0,325.0,154kV,0.11669658886894076,75,93.0,325.0,False,False,0,False,False
51730,51730,강원특별자치도,횡성군,분석대상,,270.0,154kV,0.3016759776536313,59,130.0,270.0,395.0,154kV,0.14183123877917414,65,128.0,395.0,False,False,0,False,False
51750,51750,강원특별자치도,영월군,분석대상,,200.0,154kV,0.22346368715083798,71,145.0,200.0,215.0,154kV,0.07719928186714542,105,166.0,215.0,False,False,0,False,False
51760,51760,강원특별자치도,평창군,분석대상,,150.0,154kV,0.16759776536312848,81,145.0,150.0,215.0,154kV,0.07719928186714542,105,166.0,215.0,False,False,0,False,False
51770,51770,강원특별자치도,정선군,분석대상,,230.0,154kV,0.2569832402234637,68,166.0,230.0,305.0,154kV,0.10951526032315978,80,166.0,305.0,False,False,0,False,False
51780,51780,강원특별자치도,철원군,분석대상,,545.0,154kV,0.6089385474860335,22,166.0,545.0,835.0,154kV,0.2998204667863555,8,166.0,835.0,False,False,0,False,False
51790,51790,강원특별자치도,화천군,분석대상,,250.0,154kV,0.27932960893854747,62,49.0,250.0,270.0,154kV,0.09694793536804308,90,46.0,270.0,False,False,0,False,False
51800,51800,강원특별자치도,양구군,분석대상,,64.0,22.9kV,0.07150837988826815,119,64.0,0.0,62.0,22.9kV,0.022262118491921005,144,62.0,0.0,False,False,0,False,False
51810,51810,강원특별자치도,인제군,분석대상,,107.0,22.9kV,0.11955307262569832,96,107.0,0.0,105.0,22.9kV,0.03770197486535009,133,105.0,0.0,False,False,3,False,False
51820,51820,강원특별자치도,고성군,분석대상,,118.0,22.9kV,0.1318435754189944,93,118.0,0.0,116.0,22.9kV,0.04165170556552962,127,116.0,0.0,False,False,0,False,False
51830,51830,강원특별자치도,양양군,분석대상,,140.0,154kV,0.1564245810055866,84,92.0,140.0,45.0,154kV,0.01615798922800718,154,45.0,45.0,False,False,3,False,False
52111,52111,전북특별자치도,전주시 완산구,분석대상,,265.0,154kV,0.29608938547486036,60,0.0,265.0,400.0,154kV,0.1436265709156194,59,83.0,400.0,False,False,2,False,False
52113,52113,전북특별자치도,전주시 덕진구,분석대상,,320.0,154kV,0.3575418994413408,53,166.0,320.0,560.0,154kV,0.20107719928186715,37,166.0,560.0,False,False,2,False,False
52130,52130,전북특별자치도,군산시,분석대상,,580.0,154kV,0.6480446927374302,18,166.0,580.0,670.0,154kV,0.24057450628366248,24,166.0,670.0,False,False,3,False,False
52140,52140,전북특별자치도,익산시,분석대상,,55.0,22.9kV,0.061452513966480445,123,55.0,0.0,690.0,154kV,0.24775583482944344,14,134.0,690.0,False,False,2,False,False
52180,52180,전북특별자치도,정읍시,분석대상,,520.0,154kV,0.5810055865921788,23,0.0,520.0,400.0,154kV,0.1436265709156194,59,166.0,400.0,False,False,2,False,False
52190,52190,전북특별자치도,남원시,분석대상,,124.0,22.9kV,0.13854748603351955,89,124.0,0.0,122.0,22.9kV,0.04380610412926391,126,122.0,0.0,False,False,0,False,False
52210,52210,전북특별자치도,김제시,분석대상,,320.0,154kV,0.3575418994413408,53,166.0,320.0,560.0,154kV,0.20107719928186715,37,166.0,560.0,False,False,2,False,False
52710,52710,전북특별자치도,완주군,분석대상,,0.0,없음,0.0,157,0.0,0.0,520.0,154kV,0.1867145421903052,41,166.0,520.0,False,False,2,False,False
52720,52720,전북특별자치도,진안군,분석대상,,0.0,없음,0.0,157,0.0,0.0,670.0,154kV,0.24057450628366248,24,112.0,670.0,False,False,0,False,False
52730,52730,전북특별자치도,무주군,분석대상,,0.0,없음,0.0,157,0.0,0.0,400.0,154kV,0.1436265709156194,59,111.0,400.0,False,False,0,False,False
52740,52740,전북특별자치도,장수군,분석대상,,0.0,없음,0.0,157,0.0,0.0,575.0,154kV,0.20646319569120286,32,111.0,575.0,False,False,0,False,False
52750,52750,전북특별자치도,임실군,분석대상,,124.0,22.9kV,0.13854748603351955,89,124.0,0.0,550.0,154kV,0.19748653500897667,39,166.0,550.0,False,False,0,False,False
52770,52770,전북특별자치도,순창군,분석대상,,690.0,154kV,0.770949720670391,7,120.0,690.0,565.0,154kV,0.20287253141831238,33,120.0,565.0,False,True,0,False,False
52790,52790,전북특별자치도,고창군,분석대상,,67.0,22.9kV,0.07486033519553073,118,67.0,0.0,690.0,154kV,0.24775583482944344,14,221.0,690.0,False,False,2,False,False
52800,52800,전북특별자치도,부안군,분석대상,,0.0,없음,0.0,157,0.0,0.0,365.0,154kV,0.1310592459605027,70,85.0,365.0,False,False,2,False,False
