지역코드,시도코드,시도명,시군구코드,시군구명,전력공급229kV_데이터있음,전력공급154kV_데이터있음,재생e연계_데이터있음,차단기_변전소기준_데이터있음,전력공급229kV_변전소수,전력공급229kV_2026년_합계,전력공급229kV_2026년_최대,전력공급229kV_2027년_합계,전력공급229kV_2027년_최대,전력공급229kV_2028년_합계,전력공급229kV_2028년_최대,전력공급229kV_2029년_합계,전력공급229kV_2029년_최대,전력공급229kV_2030년_합계,전력공급229kV_2030년_최대,전력공급229kV_2031년_합계,전력공급229kV_2031년_최대,전력공급229kV_2032년_합계,전력공급229kV_2032년_최대,전력공급229kV_최소여유용량_합계,전력공급229kV_최소여유용량_최대,전력공급154kV_변전소수,전력공급154kV_2026년_합계,전력공급154kV_2026년_최대,전력공급154kV_2027년_합계,전력공급154kV_2027년_최대,전력공급154kV_2028년_합계,전력공급154kV_2028년_최대,전력공급154kV_2029년_합계,전력공급154kV_2029년_최대,전력공급154kV_2030년_합계,전력공급154kV_2030년_최대,전력공급154kV_2031년_합계,전력공급154kV_2031년_최대,전력공급154kV_2032년_합계,전력공급154kV_2032년_최대,전력공급154kV_최소여유용량_합계,전력공급154kV_최소여유용량_최대,재생e연계_변전소수,재생e연계_2026년_합계,재생e연계_2026년_최대,재생e연계_2027년_합계,재생e연계_2027년_최대,재생e연계_2028년_합계,재생e연계_2028년_최대,재생e연계_2029년_합계,재생e연계_2029년_최대,재생e연계_2030년_합계,재생e연계_2030년_최대,재생e연계_2031년_합계,재생e연계_2031년_최대,재생e연계_2032년_합계,재생e연계_2032년_최대,재생e연계_최소여유용량_합계,재생e연계_최소여유용량_최대,재생e연계_6년후검토용량_합계,재생e연계_6년후검토용량_최대,차단기_변전소기준_변전소수,차단기_변전소기준_22.9kV전체_합계,차단기_변전소기준_22.9kV전체_최대,차단기_변전소기준_22.9kV사용중_합계,차단기_변전소기준_22.9kV사용중_최대,차단기_변전소기준_22.9kV사용예정_합계,차단기_변전소기준_22.9kV사용예정_최대,차단기_변전소기준_22.9kV여유_합계,차단기_변전소기준_22.9kV여유_최대,차단기_변전소기준_154kV전체_합계,차단기_변전소기준_154kV전체_최대,차단기_변전소기준_154kV사용중_합계,차단기_변전소기준_154kV사용중_최대,차단기_변전소기준_154kV사용예정_합계,차단기_변전소기준_154kV사용예정_최대,차단기_변전소기준_154kV여유_합계,차단기_변전소기준_154kV여유_최대,차단기_공급지역기준_변전소수,차단기_공급지역기준_345kV전체_합계,차단기_공급지역기준_345kV전체_최대,차단기_공급지역기준_345kV사용중_합계,차단기_공급지역기준_345kV사용중_최대,차단기_공급지역기준_345kV사용예정_합계,차단기_공급지역기준_345kV사용예정_최대,차단기_공급지역기준_345kV여유_합계,차단기_공급지역기준_345kV여유_최대,차단기_공급지역기준_154kV전체_합계,차단기_공급지역기준_154kV전체_최대,차단기_공급지역기준_154kV사용중_합계,차단기_공급지역기준_154kV사용중_최대,차단기_공급지역기준_154kV사용예정_합계,차단기_공급지역기준_154kV사용예정_최대,차단기_공급지역기준_154kV여유_합계,차단기_공급지역기준_154kV여유_최대
11110,11,서울특별시,110,종로구,1,1,1,1,8,0.0,0.0,0.0,0.0,20.0,11.0,17.0,10.0,22.0,10.0,11.0,6.0,11.0,6.0,0.0,0.0,0,0.0,0.0,0.0,0.0,0.0,0.0,0.0,0.0,0.0,0.0,0.0,0.0,0.0,0.0,0.0,0.0,9,6340.0,2250.0,6340.0,2250.0,6340.0,2250.0,6395.0,2305.0,6400.0,2305.0,7215.0,2325.0,7635.0,2325.0,6340.0,2250.0,0.0,0.0,10,199,32,175,28,0,0,24,6,84,18,62,14,-5,0,27,9,1,4,4,4,4,0,0,0,0,16,16,10,10,0,0,6,6
11140,11,서울특별시,140,중구,1,1,1,1,8,0.0,0.0,0.0,0.0,184.0,80.0,161.0,60.0,171.0,65.0,10.0,5.0,5.0,5.0,0.0,0.0,8,4.0,4.0,4.0,4.0,435.0,95.0,320.0,70.0,315.0,70.0,0.0,0.0,0.0,0.0,4.0,4.0,9,6515.0,2250.0,6530.0,2250.0,6530.0,2250.0,6585.0,2305.0,6590.0,2305.0,10145.0,2325.0,10570.0,2325.0,6515.0,2250.0,0.0,0.0,7,144,30,111,24,2,1,31,17,66,18,45,14,0,1,21,9,0,0,0,0,0,0,0,0,0,0,0,0,0,0,0,0,0
11170,11,서울특별시,170,용산구,1,1,1,1,7,0.0,0.0,0.0,0.0,1.0,1.0,1.0,1.0,6.0,6.0,5.0,5.0,5.0,5.0,0.0,0.0,7,4.0,4.0,4.0,4.0,95.0,95.0,70.0,70.0,70.0,70.0,0.0,0.0,0.0,0.0,4.0,4.0,8,5070.0,2250.0,5145.0,2250.0,5195.0,2250.0,5260.0,2305.0,5345.0,2305.0,6785.0,2325.0,8310.0,2325.0,5070.0,2250.0,0.0,0.0,7,136,31,103,28,5,3,28,10,70,18,41,14,7,3,22,9,1,4,4,4,4,0,0,0,0,16,16,10,10,0,0,6,6
11200,11,서울특별시,200,성동구,1,1,1,1,7,0.0,0.0,0.0,0.0,198.0,84.0,171.0,71.0,179.0,70.0,86.0,70.0,85.0,69.0,0.0,0.0,7,15.0,9.0,15.0,9.0,450.0,130.0,345.0,110.0,525.0,210.0,285.0,210.0,315.0,240.0,15.0,9.0,8,5015.0,2250.0,5015.0,2250.0,5840.0,2250.0,5915.0,2305.0,6085.0,2305.0,7600.0,2325.0,7605.0,2325.0,5015.0,2250.0,0.0,0.0,5,123,34,84,29,4,4,35,13,48,18,27,14,6,4,15,4,1,4,4,4,4,0,0,0,0,18,18,12,12,0,0,6,6
11215,11,서울특별시,215,광진구,1,1,1,1,5,0.0,0.0,0.0,0.0,20.0,20.0,19.0,19.0,27.0,18.0,19.0,10.0,19.0,10.0,0.0,0.0,5,14.0,9.0,14.0,9.0,0.0,0.0,0.0,0.0,210.0,210.0,210.0,210.0,240.0,240.0,14.0,9.0,6,3355.0,2250.0,5110.0,2250.0,5910.0,2250.0,5995.0,2305.0,6330.0,2305.0,7110.0,2325.0,7120.0,2325.0,3355.0,2250.0,0.0,0.0,5,101,30,71,28,0,0,30,14,53,18,41,14,0,0,12,4,1,4,4,4,4,0,0,0,0,18,18,12,12,0,0,6,6
11230,11,서울특별시,230,동대문구,1,1,1,1,3,0.0,0.0,0.0,0.0,90.0,80.0,69.0,65.0,68.0,65.0,5.0,5.0,0.0,0.0,0.0,0.0,3,0.0,0.0,0.0,0.0,285.0,95.0,210.0,70.0,210.0,70.0,0.0,0.0,0.0,0.0,0.0,0.0,5,3255.0,2250.0,3255.0,2250.0,3255.0,2250.0,3310.0,2305.0,3310.0,2305.0,3755.0,2325.0,3935.0,2325.0,3255.0,2250.0,0.0,0.0,5,77,30,51,25,1,1,25,21,50,18,35,14,4,4,11,4,1,4,4,4,4,0,0,0,0,18,18,12,12,0,0,6,6
11260,11,서울특별시,260,중랑구,1,1,1,1,3,0.0,0.0,0.0,0.0,105.0,92.0,97.0,91.0,104.0,91.0,102.0,90.0,101.0,90.0,0.0,0.0,3,99.0,89.0,91.0,82.0,425.0,215.0,335.0,170.0,735.0,280.0,690.0,255.0,730.0,260.0,99.0,89.0,3,890.0,890.0,890.0,890.0,1690.0,890.0,1710.0,890.0,1880.0,990.0,3555.0,1300.0,3560.0,1300.0,890.0,890.0,0.0,0.0,2,57,30,38,28,0,0,19,17,16,8,13,7,1,1,2,1,1,4,4,4,4,0,0,0,0,18,18,12,12,0,0,6,6
11290,11,서울특별시,290,성북구,1,1,1,1,6,0.0,0.0,0.0,0.0,66.0,64.0,144.0,80.0,106.0,62.0,101.0,62.0,100.0,61.0,0.0,0.0,6,9.0,9.0,9.0,9.0,295.0,135.0,360.0,145.0,480.0,210.0,390.0,210.0,430.0,240.0,9.0,9.0,8,2570.0,2250.0,2570.0,2250.0,3370.0,2250.0,3445.0,2305.0,3615.0,2305.0,3635.0,2325.0,3820.0,2325.0,2570.0,2250.0,0.0,0.0,6,102,31,76,23,0,0,26,14,58,18,40,14,4,4,14,5,1,4,4,4,4,0,0,0,0,18,18,12,12,0,0,6,6
11305,11,서울특별시,305,강북구,1,1,1,1,3,0.0,0.0,0.0,0.0,155.0,153.0,154.0,153.0,153.0,153.0,140.0,140.0,152.0,152.0,0.0,0.0,3,0.0,0.0,0.0,0.0,325.0,175.0,320.0,175.0,270.0,170.0,230.0,140.0,250.0,155.0,0.0,0.0,4,0.0,0.0,0.0,0.0,0.0,0.0,0.0,0.0,0.0,0.0,0.0,0.0,180.0,180.0,0.0,0.0,0.0,0.0,4,75,30,44,23,1,1,30,25,34,12,19,8,6,4,9,4,1,4,4,4,4,0,0,0,0,18,18,12,12,0,0,6,6
11320,11,서울특별시,320,도봉구,1,1,1,1,3,0.0,0.0,0.0,0.0,143.0,127.0,139.0,127.0,135.0,126.0,98.0,90.0,133.0,126.0,0.0,0.0,3,6.0,6.0,0.0,0.0,1005.0,440.0,975.0,410.0,1000.0,425.0,335.0,140.0,485.0,175.0,6.0,6.0,4,0.0,0.0,0.0,0.0,0.0,0.0,0.0,0.0,0.0,0.0,0.0,0.0,180.0,180.0,0.0,0.0,0.0,0.0,4,87,31,53,26,0,0,34,23,36,12,25,8,4,4,7,4,1,4,4,4,4,0,0,0,0,18,18,12,12,0,0,6,6
11350,11,서울특별시,350,노원구,1,1,1,1,4,0.0,0.0,0.0,0.0,76.0,76.0,0.0,0.0,9.0,9.0,9.0,9.0,9.0,9.0,0.0,0.0,4,9.0,9.0,9.0,9.0,460.0,235.0,430.0,225.0,710.0,275.0,600.0,255.0,775.0,315.0,9.0,9.0,5,425.0,425.0,425.0,425.0,1225.0,800.0,1245.0,820.0,1415.0,990.0,1545.0,990.0,1730.0,995.0,425.0,425.0,0.0,0.0,4,74,31,57,28,1,1,16,10,34,12,22,8,5,4,7,5,1,4,4,4,4,0,0,0,0,18,18,12,12,0,0,6,6
11380,11,서울특별시,380,은평구,1,1,1,1,4,0.0,0.0,0.0,0.0,1.0,1.0,0.0,0.0,6.0,6.0,5.0,5.0,5.0,5.0,0.0,0.0,4,4.0,4.0,4.0,4.0,0.0,0.0,0.0,0.0,0.0,0.0,0.0,0.0,0.0,0.0,4.0,4.0,4,1395.0,455.0,1400.0,455.0,1400.0,455.0,1405.0,455.0,1420.0,455.0,2715.0,1155.0,3135.0,1575.0,1395.0,455.0,0.0,0.0,4,100,31,79,25,0,0,21,13,40,18,27,10,3,4,10,9,2,13,9,10,6,3,3,0,0,30,16,22,12,0,0,8,6
11410,11,서울특별시,410,서대문구,1,1,1,1,5,0.0,0.0,0.0,0.0,1.0,1.0,0.0,0.0,6.0,6.0,5.0,5.0,5.0,5.0,0.0,0.0,5,4.0,4.0,4.0,4.0,0.0,0.0,0.0,0.0,0.0,0.0,0.0,0.0,0.0,0.0,4.0,4.0,5,1365.0,455.0,1365.0,455.0,2135.0,525.0,2465.0,675.0,2470.0,675.0,3725.0,1155.0,4160.0,1575.0,1365.0,455.0,0.0,0.0,6,151,31,134,25,0,0,17,6,52,18,35,10,4,5,13,9,1,4,4,4,4,0,0,0,0,16,16,10,10,0,0,6,6
11440,11,서울특별시,440,마포구,1,1,1,1,11,0.0,0.0,0.0,0.0,15.0,12.0,10.0,9.0,12.0,6.0,12.0,5.0,9.0,5.0,0.0,0.0,11,8.0,4.0,8.0,4.0,25.0,25.0,45.0,45.0,45.0,45.0,85.0,45.0,85.0,45.0,8.0,4.0,11,4145.0,675.0,4370.0,675.0,4665.0,675.0,5005.0,675.0,5090.0,675.0,6475.0,1155.0,7745.0,1575.0,4145.0,675.0,19.8,19.8,11,283,30,224,29,11,4,48,12,88,18,58,10,14,5,16,9,2,10,6,4,4,6,6,0,0,24,16,10,10,6,6,8,6
11470,11,서울특별시,470,양천구,1,1,1,1,4,0.0,0.0,0.0,0.0,0.0,0.0,0.0,0.0,0.0,0.0,0.0,0.0,0.0,0.0,0.0,0.0,4,26.0,26.0,26.0,26.0,0.0,0.0,0.0,0.0,0.0,0.0,0.0,0.0,0.0,0.0,26.0,26.0,5,3230.0,2185.0,3330.0,2285.0,3330.0,2285.0,3330.0,2285.0,3355.0,2285.0,3355.0,2285.0,4415.0,2305.0,3230.0,2185.0,0.0,0.0,4,85,30,64,30,8,8,13,10,41,18,26,9,4,2,11,7,3,26,12,16,8,8,4,2,2,34,18,17,10,11,5,6,6
11500,11,서울특별시,500,강서구,1,1,1,1,4,0.0,0.0,0.0,0.0,14.0,12.0,9.0,9.0,6.0,6.0,3.0,3.0,0.0,0.0,0.0,0.0,4,0.0,0.0,0.0,0.0,0.0,0.0,0.0,0.0,25.0,25.0,65.0,40.0,65.0,40.0,0.0,0.0,4,3385.0,2085.0,3385.0,2085.0,3385.0,2085.0,3385.0,2085.0,3385.0,2085.0,3385.0,2085.0,3385.0,2085.0,3385.0,2085.0,19.8,19.8,4,107,29,100,29,1,1,6,4,43,18,29,10,7,3,7,6,1,12,12,8,8,2,2,2,2,18,18,10,10,2,2,6,6
11530,11,서울특별시,530,구로구,1,1,1,1,6,0.0,0.0,0.0,0.0,0.0,0.0,0.0,0.0,0.0,0.0,0.0,0.0,0.0,0.0,0.0,0.0,6,52.0,26.0,52.0,26.0,0.0,0.0,0.0,0.0,0.0,0.0,0.0,0.0,0.0,0.0,52.0,26.0,7,5875.0,2185.0,5980.0,2285.0,6475.0,2285.0,6475.0,2285.0,7800.0,2285.0,8180.0,2285.0,8570.0,2305.0,5875.0,2185.0,0.0,0.0,6,120,31,83,28,11,4,26,13,70,19,42,12,5,3,23,7,2,22,14,13,13,4,4,1,1,31,19,12,12,9,9,10,7
11545,11,서울특별시,545,금천구,1,1,1,1,6,0.0,0.0,0.0,0.0,0.0,0.0,0.0,0.0,0.0,0.0,0.0,0.0,0.0,0.0,0.0,0.0,6,73.0,40.0,73.0,40.0,0.0,0.0,0.0,0.0,0.0,0.0,0.0,0.0,0.0,0.0,73.0,40.0,6,4830.0,1830.0,4845.0,1830.0,5230.0,2210.0,5230.0,2210.0,5260.0,2210.0,5260.0,2210.0,5260.0,2210.0,4830.0,1830.0,0.0,0.0,6,134,28,109,25,9,4,16,8,49,19,38,12,0,0,11,7,1,14,14,13,13,0,0,1,1,19,19,12,12,0,0,7,7
11560,11,서울특별시,560,영등포구,1,1,1,1,11,0.0,0.0,0.0,0.0,0.0,0.0,0.0,0.0,0.0,0.0,0.0,0.0,0.0,0.0,0.0,0.0,11,169.0,42.0,166.0,42.0,0.0,0.0,0.0,0.0,0.0,0.0,0.0,0.0,0.0,0.0,169.0,42.0,13,9035.0,2185.0,9200.0,2285.0,9715.0,2285.0,9715.0,2285.0,12425.0,2285.0,12575.0,2285.0,12630.0,2305.0,9035.0,2185.0,0.0,0.0,11,245,36,211,35,13,6,21,9,88,19,55,12,7,3,26,7,2,8,4,3,3,4,4,1,1,23,18,9,9,7,5,7,7
11590,11,서울특별시,590,동작구,1,1,1,1,4,0.0,0.0,0.0,0.0,0.0,0.0,26.0,26.0,24.0,24.0,21.0,21.0,0.0,0.0,0.0,0.0,4,48.0,26.0,47.0,26.0,0.0,0.0,0.0,0.0,0.0,0.0,0.0,0.0,0.0,0.0,48.0,26.0,5,4670.0,2185.0,4770.0,2285.0,5150.0,2285.0,5150.0,2285.0,5150.0,2285.0,5155.0,2285.0,6525.0,2305.0,4670.0,2185.0,0.0,0.0,5,96,34,82,25,0,0,14,9,54,19,35,12,2,2,17,7,1,4,4,3,3,0,0,1,1,18,18,9,9,2,2,7,7
11620,11,서울특별시,620,관악구,1,1,1,1,4,0.0,0.0,0.0,0.0,0.0,0.0,48.0,26.0,45.0,24.0,42.0,21.0,0.0,0.0,0.0,0.0,4,22.0,22.0,79.0,58.0,0.0,0.0,0.0,0.0,0.0,0.0,0.0,0.0,0.0,0.0,22.0,22.0,5,3090.0,2185.0,3190.0,2285.0,3190.0,2285.0,3190.0,2285.0,3275.0,2285.0,3280.0,2285.0,4765.0,2305.0,3090.0,2185.0,0.0,0.0,5,116,34,78,25,3,3,35,14,45,18,27,9,4,2,14,7,1,14,14,13,13,0,0,1,1,19,19,12,12,0,0,7,7
11650,11,서울특별시,650,서초구,1,1,1,1,10,0.0,0.0,0.0,0.0,11.0,11.0,37.0,26.0,35.0,24.0,32.0,21.0,11.0,11.0,0.0,0.0,10,11.0,11.0,166.0,58.0,0.0,0.0,0.0,0.0,0.0,0.0,0.0,0.0,0.0,0.0,11.0,11.0,11,5780.0,1265.0,5890.0,1265.0,5895.0,1265.0,5910.0,1265.0,6040.0,1265.0,6040.0,1265.0,7570.0,1345.0,5780.0,1265.0,0.0,0.0,12,293,32,234,30,14,3,45,14,95,18,68,15,6,4,21,5,2,8,4,2,2,6,4,0,0,22,18,15,15,4,4,3,3
11680,11,서울특별시,680,강남구,1,1,1,1,9,0.0,0.0,0.0,0.0,20.0,11.0,30.0,11.0,28.0,11.0,26.0,11.0,25.0,11.0,0.0,0.0,9,24.0,11.0,116.0,92.0,0.0,0.0,80.0,40.0,80.0,40.0,80.0,40.0,80.0,40.0,24.0,11.0,9,5435.0,910.0,7965.0,2105.0,7965.0,2105.0,7970.0,2105.0,8145.0,2265.0,8155.0,2275.0,8795.0,2280.0,5435.0,910.0,0.0,0.0,9,250,35,175,26,3,2,72,18,74,13,53,9,4,2,17,5,2,8,4,2,2,6,4,0,0,22,18,15,15,4,4,3,3
11710,11,서울특별시,710,송파구,1,1,1,1,9,0.0,0.0,0.0,0.0,12.0,11.0,12.0,11.0,12.0,11.0,12.0,11.0,12.0,11.0,0.0,0.0,9,12.0,11.0,12.0,11.0,10.0,10.0,10.0,10.0,10.0,10.0,10.0,10.0,10.0,10.0,12.0,11.0,9,3640.0,805.0,6255.0,2105.0,6400.0,2105.0,6415.0,2105.0,6695.0,2265.0,6720.0,2275.0,6725.0,2280.0,3640.0,805.0,0.0,0.0,9,268,36,218,34,8,6,42,14,77,13,60,9,1,1,16,5,3,22,10,6,4,10,10,6,4,38,15,17,9,11,9,10,6
11740,11,서울특별시,740,강동구,1,1,1,1,3,0.0,0.0,0.0,0.0,0.0,0.0,0.0,0.0,0.0,0.0,0.0,0.0,0.0,0.0,0.0,0.0,3,0.0,0.0,0.0,0.0,0.0,0.0,0.0,0.0,0.0,0.0,0.0,0.0,0.0,0.0,0.0,0.0,3,945.0,355.0,3565.0,2105.0,3565.0,2105.0,3565.0,2105.0,3725.0,2265.0,3735.0,2275.0,3740.0,2280.0,945.0,355.0,0.0,0.0,3,83,35,63,34,0,0,20,12,30,13,21,9,0,0,9,4,3,22,10,6,4,10,10,6,4,38,15,17,9,11,9,10,6
12110,12,전남광주통합특별시,110,목포시,1,1,1,1,2,0.0,0.0,0.0,0.0,82.0,50.0,74.0,44.0,66.0,38.0,54.0,29.0,43.0,23.0,0.0,0.0,2,38.0,21.0,34.0,19.0,560.0,560.0,565.0,565.0,565.0,565.0,575.0,575.0,500.0,500.0,38.0,21.0,4,0.0,0.0,0.0,0.0,0.0,0.0,0.0,0.0,0.0,0.0,0.0,0.0,0.0,0.0,0.0,0.0,254.6574,155.0,4,47,26,39,20,3,2,5,5,55,20,26,10,22,10,7,4,1,10,10,4,4,6,6,0,0,18,18,7,7,2,2,9,9
12130,12,전남광주통합특별시,130,여수시,1,1,1,1,7,0.0,0.0,0.0,0.0,166.0,166.0,166.0,166.0,166.0,166.0,166.0,166.0,166.0,166.0,0.0,0.0,7,166.0,166.0,166.0,166.0,0.0,0.0,0.0,0.0,0.0,0.0,0.0,0.0,0.0,0.0,166.0,166.0,10,0.0,0.0,0.0,0.0,0.0,0.0,0.0,0.0,0.0,0.0,0.0,0.0,0.0,0.0,0.0,0.0,2526.1558999999997,669.0,6,126,29,110,29,11,6,5,3,83,20,72,20,5,2,6,3,1,15,15,12,12,3,3,0,0,18,18,8,8,5,5,5,5
12150,12,전남광주통합특별시,150,순천시,1,1,1,1,8,0.0,0.0,0.0,0.0,187.0,117.0,162.0,111.0,161.0,110.0,143.0,110.0,237.0,118.0,0.0,0.0,8,225.0,117.0,225.0,117.0,180.0,180.0,180.0,180.0,180.0,180.0,180.0,180.0,180.0,180.0,225.0,117.0,8,0.0,0.0,0.0,0.0,0.0,0.0,0.0,0.0,0.0,0.0,0.0,0.0,0.0,0.0,0.0,0.0,758.0,495.0,8,117,26,97,20,7,4,13,6,84,18,55,15,16,6,13,5,2,25,15,17,12,7,4,1,1,36,18,19,11,15,10,2,5
12170,12,전남광주통합특별시,170,나주시,1,1,1,1,4,0.0,0.0,0.0,0.0,184.0,109.0,232.0,100.0,227.0,100.0,220.0,99.0,379.0,166.0,0.0,0.0,4,374.0,166.0,364.0,166.0,435.0,335.0,435.0,335.0,435.0,335.0,435.0,335.0,3220.0,2785.0,374.0,166.0,5,0.0,0.0,0.0,0.0,0.0,0.0,0.0,0.0,0.0,0.0,0.0,0.0,0.0,0.0,0.0,0.0,480.4387,320.2311,5,103,31,80,28,7,5,16,13,56,20,36,11,19,10,1,1,2,20,10,5,5,14,10,1,1,36,18,11,11,26,16,-1,2
12190,12,전남광주통합특별시,190,광양시,1,1,1,1,5,0.0,0.0,0.0,0.0,70.0,70.0,51.0,51.0,51.0,51.0,33.0,33.0,10.0,10.0,0.0,0.0,5,0.0,0.0,0.0,0.0,0.0,0.0,0.0,0.0,0.0,0.0,0.0,0.0,0.0,0.0,0.0,0.0,6,0.0,0.0,0.0,0.0,0.0,0.0,0.0,0.0,0.0,0.0,355.0,355.0,430.0,430.0,0.0,0.0,548.7221,495.0,5,71,27,58,18,4,3,9,9,51,18,32,8,11,6,8,4,1,15,15,12,12,3,3,0,0,18,18,8,8,5,5,5,5
12210,12,전남광주통합특별시,210,동구,1,1,1,1,3,0.0,0.0,0.0,0.0,106.0,106.0,105.0,105.0,112.0,104.0,109.0,103.0,106.0,102.0,0.0,0.0,3,103.0,101.0,100.0,100.0,120.0,120.0,120.0,120.0,120.0,120.0,120.0,120.0,305.0,185.0,103.0,101.0,5,0.0,0.0,0.0,0.0,0.0,0.0,0.0,0.0,0.0,0.0,0.0,0.0,0.0,0.0,0.0,0.0,46.0,46.0,5,66,26,57,26,0,0,9,5,69,20,40,11,21,10,8,6,1,11,11,7,7,4,4,0,0,18,18,11,11,0,0,7,7
12240,12,전남광주통합특별시,240,서구,1,1,1,1,4,0.0,0.0,0.0,0.0,0.0,0.0,8.0,8.0,5.0,5.0,3.0,3.0,1.0,1.0,0.0,0.0,4,0.0,0.0,0.0,0.0,0.0,0.0,0.0,0.0,0.0,0.0,0.0,0.0,230.0,185.0,0.0,0.0,6,0.0,0.0,0.0,0.0,0.0,0.0,0.0,0.0,0.0,0.0,0.0,0.0,0.0,0.0,0.0,0.0,73.5466,73.5466,7,123,26,91,26,0,0,32,12,78,20,45,11,14,10,19,6,2,21,11,12,7,8,4,1,1,36,18,22,11,10,10,4,7
12270,12,전남광주통합특별시,270,남구,1,1,1,1,5,0.0,0.0,0.0,0.0,225.0,106.0,200.0,105.0,196.0,104.0,192.0,103.0,188.0,102.0,0.0,0.0,5,184.0,101.0,179.0,100.0,320.0,120.0,320.0,120.0,320.0,120.0,320.0,120.0,505.0,185.0,184.0,101.0,6,0.0,0.0,0.0,0.0,0.0,0.0,0.0,0.0,0.0,0.0,0.0,0.0,0.0,0.0,0.0,0.0,171.54579999999999,97.9992,6,112,26,85,26,5,5,22,12,60,20,32,10,22,10,6,4,2,21,11,12,7,8,4,1,1,36,18,22,11,10,10,4,7
12300,12,전남광주통합특별시,300,북구,1,1,1,1,7,0.0,0.0,0.0,0.0,70.0,60.0,142.0,74.0,145.0,72.0,139.0,70.0,191.0,69.0,0.0,0.0,7,72.0,60.0,54.0,46.0,70.0,60.0,160.0,100.0,165.0,105.0,160.0,100.0,395.0,185.0,72.0,60.0,9,0.0,0.0,0.0,0.0,0.0,0.0,0.0,0.0,0.0,0.0,0.0,0.0,0.0,0.0,0.0,0.0,46.0,46.0,9,170,28,138,26,1,1,31,10,107,20,68,11,20,10,19,6,3,31,11,12,7,18,10,1,1,54,18,22,11,26,16,6,7
12330,12,전남광주통합특별시,330,광산구,1,1,1,1,7,0.0,0.0,0.0,0.0,284.0,88.0,273.0,85.0,258.0,84.0,229.0,83.0,201.0,82.0,0.0,0.0,7,201.0,81.0,180.0,80.0,1045.0,415.0,860.0,400.0,1025.0,400.0,1310.0,425.0,1645.0,415.0,201.0,81.0,9,0.0,0.0,0.0,0.0,0.0,0.0,0.0,0.0,0.0,0.0,0.0,0.0,0.0,0.0,0.0,0.0,150.1378,150.1378,10,208,29,170,29,6,3,32,13,112,20,72,11,23,10,17,6,2,21,11,7,7,14,10,0,0,36,18,11,11,16,16,9,7
12710,12,전남광주통합특별시,710,담양군,1,1,1,1,2,0.0,0.0,0.0,0.0,10.0,10.0,74.0,74.0,80.0,72.0,76.0,70.0,73.0,69.0,0.0,0.0,2,2.0,2.0,0.0,0.0,10.0,10.0,100.0,100.0,105.0,105.0,100.0,100.0,105.0,105.0,2.0,2.0,3,0.0,0.0,0.0,0.0,0.0,0.0,0.0,0.0,0.0,0.0,0.0,0.0,0.0,0.0,0.0,0.0,46.0,46.0,3,44,26,37,22,0,0,7,4,45,18,27,11,6,4,12,6,2,21,11,7,7,14,10,0,0,36,18,11,11,16,16,9,7
12720,12,전남광주통합특별시,720,곡성군,1,1,1,1,3,0.0,0.0,0.0,0.0,120.0,120.0,135.0,120.0,222.0,120.0,120.0,120.0,339.0,120.0,0.0,0.0,3,237.0,120.0,236.0,119.0,610.0,610.0,705.0,690.0,830.0,715.0,550.0,550.0,1000.0,565.0,237.0,120.0,5,0.0,0.0,0.0,0.0,0.0,0.0,0.0,0.0,0.0,0.0,0.0,0.0,0.0,0.0,0.0,0.0,162.0,162.0,5,55,25,33,14,1,1,21,10,67,20,41,11,16,10,10,6,1,11,11,7,7,4,4,0,0,18,18,11,11,0,0,7,7
12730,12,전남광주통합특별시,730,구례군,1,1,1,1,1,0.0,0.0,0.0,0.0,117.0,117.0,111.0,111.0,110.0,110.0,110.0,110.0,109.0,109.0,0.0,0.0,1,108.0,108.0,108.0,108.0,180.0,180.0,180.0,180.0,180.0,180.0,180.0,180.0,180.0,180.0,108.0,108.0,2,0.0,0.0,0.0,0.0,0.0,0.0,0.0,0.0,0.0,0.0,0.0,0.0,0.0,0.0,0.0,0.0,0.0,0.0,2,13,13,10,10,0,0,3,3,26,18,13,11,2,1,11,6,1,11,11,7,7,4,4,0,0,18,18,11,11,0,0,7,7
12740,12,전남광주통합특별시,740,고흥군,1,1,1,1,6,0.0,0.0,0.0,0.0,497.0,166.0,495.0,166.0,494.0,166.0,493.0,166.0,492.0,166.0,0.0,0.0,6,491.0,166.0,489.0,166.0,200.0,200.0,200.0,200.0,200.0,200.0,200.0,200.0,200.0,200.0,491.0,166.0,6,0.0,0.0,0.0,0.0,0.0,0.0,0.0,0.0,0.0,0.0,0.0,0.0,0.0,0.0,0.0,0.0,1355.643,495.0,4,76,26,52,21,4,3,20,9,40,18,24,8,12,6,4,4,1,15,15,12,12,3,3,0,0,18,18,8,8,5,5,5,5
12750,12,전남광주통합특별시,750,보성군,1,1,1,1,4,0.0,0.0,0.0,0.0,415.0,166.0,413.0,166.0,411.0,166.0,410.0,166.0,409.0,166.0,0.0,0.0,4,408.0,166.0,406.0,166.0,635.0,435.0,630.0,430.0,635.0,435.0,635.0,435.0,1110.0,910.0,408.0,166.0,4,0.0,0.0,0.0,0.0,0.0,0.0,0.0,0.0,0.0,0.0,0.0,0.0,0.0,0.0,0.0,0.0,754.1389,495.0,3,60,26,37,14,7,3,16,10,34,18,17,8,13,6,4,4,3,35,15,21,12,13,6,1,1,54,18,26,11,17,10,11,9
12760,12,전남광주통합특별시,760,화순군,1,1,1,1,1,0.0,0.0,0.0,0.0,84.0,84.0,82.0,82.0,81.0,81.0,79.0,79.0,78.0,78.0,0.0,0.0,1,77.0,77.0,75.0,75.0,100.0,100.0,100.0,100.0,100.0,100.0,100.0,100.0,100.0,100.0,77.0,77.0,2,0.0,0.0,0.0,0.0,0.0,0.0,0.0,0.0,0.0,0.0,0.0,0.0,0.0,0.0,0.0,0.0,2.997,2.997,2,26,26,20,20,0,0,6,6,32,20,16,10,15,10,1,1,2,21,11,12,7,8,4,1,1,36,18,22,11,10,10,4,7
12770,12,전남광주통합특별시,770,장흥군,1,1,1,1,1,0.0,0.0,0.0,0.0,122.0,122.0,121.0,121.0,120.0,120.0,119.0,119.0,119.0,119.0,0.0,0.0,1,118.0,118.0,117.0,117.0,435.0,435.0,430.0,430.0,435.0,435.0,435.0,435.0,910.0,910.0,118.0,118.0,2,0.0,0.0,0.0,0.0,0.0,0.0,0.0,0.0,0.0,0.0,0.0,0.0,0.0,0.0,0.0,0.0,282.4957,155.0,3,52,26,30,17,3,3,19,10,38,18,16,7,16,7,6,4,2,20,10,9,5,10,6,1,1,36,18,18,11,12,10,6,9
12780,12,전남광주통합특별시,780,강진군,1,1,1,1,0,0.0,0.0,0.0,0.0,0.0,0.0,0.0,0.0,0.0,0.0,0.0,0.0,0.0,0.0,0.0,0.0,0,0.0,0.0,0.0,0.0,0.0,0.0,0.0,0.0,0.0,0.0,0.0,0.0,0.0,0.0,0.0,0.0,1,0.0,0.0,0.0,0.0,0.0,0.0,0.0,0.0,0.0,0.0,0.0,0.0,0.0,0.0,0.0,0.0,155.0,155.0,2,27,27,20,20,0,0,7,7,30,18,16,9,10,7,4,4,1,10,10,4,4,6,6,0,0,18,18,7,7,2,2,9,9
12790,12,전남광주통합특별시,790,해남군,1,1,1,1,3,0.0,0.0,0.0,0.0,241.0,92.0,221.0,91.0,203.0,89.0,183.0,88.0,164.0,87.0,0.0,0.0,3,145.0,86.0,140.0,85.0,0.0,0.0,0.0,0.0,0.0,0.0,0.0,0.0,0.0,0.0,145.0,86.0,4,0.0,0.0,0.0,0.0,0.0,0.0,0.0,0.0,0.0,0.0,0.0,0.0,0.0,0.0,0.0,0.0,1402.7588999999998,573.7461,4,64,26,49,19,1,1,14,6,55,18,30,10,21,7,4,4,1,10,10,4,4,6,6,0,0,18,18,7,7,2,2,9,9
12800,12,전남광주통합특별시,800,영암군,1,1,1,1,5,0.0,0.0,0.0,0.0,569.0,166.0,565.0,166.0,535.0,166.0,529.0,166.0,526.0,166.0,0.0,0.0,5,521.0,166.0,518.0,166.0,915.0,500.0,915.0,500.0,870.0,500.0,1085.0,585.0,1665.0,1165.0,521.0,166.0,7,0.0,0.0,0.0,0.0,0.0,0.0,0.0,0.0,0.0,0.0,0.0,0.0,0.0,0.0,0.0,0.0,655.5237999999999,298.1559,5,80,28,60,28,8,8,12,8,58,18,33,10,17,7,8,4,2,20,10,9,5,10,6,1,1,36,18,18,11,12,10,6,9
12810,12,전남광주통합특별시,810,무안군,1,1,1,1,5,0.0,0.0,0.0,0.0,226.0,106.0,278.0,104.0,436.0,166.0,425.0,166.0,415.0,166.0,0.0,0.0,5,406.0,166.0,393.0,166.0,1060.0,560.0,1065.0,565.0,1065.0,565.0,1075.0,575.0,1000.0,500.0,406.0,166.0,6,0.0,0.0,0.0,0.0,0.0,0.0,0.0,0.0,0.0,0.0,0.0,0.0,0.0,0.0,0.0,0.0,1286.5498,468.8247,5,84,26,71,24,1,1,12,5,54,20,30,10,21,10,3,3,2,20,10,4,4,16,10,0,0,36,18,7,7,18,16,11,9
12820,12,전남광주통합특별시,820,함평군,1,1,1,1,2,0.0,0.0,0.0,0.0,71.0,71.0,117.0,59.0,103.0,54.0,75.0,50.0,46.0,45.0,0.0,0.0,2,46.0,41.0,34.0,34.0,290.0,290.0,400.0,400.0,400.0,400.0,400.0,400.0,400.0,400.0,46.0,41.0,3,0.0,0.0,0.0,0.0,0.0,0.0,0.0,0.0,0.0,0.0,0.0,0.0,0.0,0.0,0.0,0.0,470.36890000000005,320.2311,3,51,26,36,24,0,0,15,13,36,20,20,10,16,10,0,0,1,10,10,0,0,10,10,0,0,18,18,0,0,16,16,2,2
12830,12,전남광주통합특별시,830,영광군,1,1,1,1,4,0.0,0.0,0.0,0.0,129.0,129.0,304.0,166.0,588.0,221.0,515.0,221.0,581.0,221.0,0.0,0.0,4,387.0,221.0,387.0,221.0,0.0,0.0,0.0,0.0,575.0,575.0,685.0,685.0,690.0,690.0,387.0,221.0,5,0.0,0.0,0.0,0.0,0.0,0.0,0.0,0.0,0.0,0.0,0.0,0.0,0.0,0.0,0.0,0.0,597.8645,252.764,3,34,26,28,21,2,1,4,4,32,18,23,11,3,2,6,6,1,10,10,0,0,10,10,0,0,18,18,0,0,16,16,2,2
12840,12,전남광주통합특별시,840,장성군,1,1,1,1,3,0.0,0.0,0.0,0.0,131.0,71.0,119.0,60.0,109.0,60.0,85.0,60.0,106.0,60.0,0.0,0.0,3,65.0,60.0,46.0,46.0,350.0,290.0,460.0,400.0,460.0,400.0,460.0,400.0,460.0,400.0,65.0,60.0,5,0.0,0.0,0.0,0.0,0.0,0.0,0.0,0.0,0.0,0.0,0.0,0.0,0.0,0.0,0.0,0.0,150.1378,150.1378,3,44,25,26,14,0,0,18,13,34,18,21,11,7,4,6,6,2,21,11,7,7,14,10,0,0,36,18,11,11,16,16,9,7
12850,12,전남광주통합특별시,850,완도군,1,1,1,1,2,0.0,0.0,0.0,0.0,47.0,47.0,44.0,44.0,42.0,42.0,39.0,39.0,37.0,37.0,0.0,0.0,2,34.0,34.0,32.0,32.0,0.0,0.0,0.0,0.0,0.0,0.0,0.0,0.0,0.0,0.0,34.0,34.0,3,0.0,0.0,0.0,0.0,0.0,0.0,0.0,0.0,0.0,0.0,0.0,0.0,0.0,0.0,0.0,0.0,1268.51,748.5,3,45,26,40,21,0,0,5,5,34,18,15,7,15,7,4,4,1,10,10,4,4,6,6,0,0,18,18,7,7,2,2,9,9
12860,12,전남광주통합특별시,860,진도군,1,1,1,1,1,0.0,0.0,0.0,0.0,31.0,31.0,28.0,28.0,25.0,25.0,21.0,21.0,16.0,16.0,0.0,0.0,1,15.0,15.0,14.0,14.0,0.0,0.0,0.0,0.0,0.0,0.0,0.0,0.0,0.0,0.0,15.0,15.0,2,0.0,0.0,0.0,0.0,0.0,0.0,0.0,0.0,0.0,0.0,0.0,0.0,0.0,0.0,0.0,0.0,1264.9179,1109.9179,2,21,21,13,13,3,3,5,5,27,18,13,7,10,7,4,4,1,10,10,4,4,6,6,0,0,18,18,7,7,2,2,9,9
12870,12,전남광주통합특별시,870,신안군,1,1,1,1,6,0.0,0.0,0.0,0.0,461.0,166.0,452.0,166.0,777.0,166.0,765.0,166.0,754.0,166.0,0.0,0.0,6,748.0,166.0,743.0,166.0,415.0,415.0,895.0,895.0,920.0,920.0,1105.0,1105.0,1075.0,1075.0,748.0,166.0,8,0.0,0.0,0.0,0.0,0.0,0.0,0.0,0.0,0.0,0.0,0.0,0.0,0.0,0.0,0.0,0.0,1499.8042,468.8247,5,60,21,49,19,2,2,9,6,67,20,36,10,27,10,4,4,1,10,10,4,4,6,6,0,0,18,18,7,7,2,2,9,9
26110,26,부산광역시,110,중구,1,1,1,1,1,0.0,0.0,0.0,0.0,0.0,0.0,0.0,0.0,0.0,0.0,0.0,0.0,0.0,0.0,0.0,0.0,1,0.0,0.0,0.0,0.0,0.0,0.0,0.0,0.0,0.0,0.0,0.0,0.0,0.0,0.0,0.0,0.0,1,0.0,0.0,0.0,0.0,0.0,0.0,0.0,0.0,540.0,540.0,550.0,550.0,560.0,560.0,0.0,0.0,0.0,0.0,1,20,20,17,17,1,1,2,2,22,22,15,15,5,5,2,2,1,7,7,7,7,0,0,0,0,22,22,14,14,3,3,5,5
26140,26,부산광역시,140,서구,1,1,1,1,3,0.0,0.0,0.0,0.0,0.0,0.0,0.0,0.0,0.0,0.0,0.0,0.0,0.0,0.0,0.0,0.0,3,0.0,0.0,0.0,0.0,0.0,0.0,0.0,0.0,0.0,0.0,0.0,0.0,0.0,0.0,0.0,0.0,3,0.0,0.0,0.0,0.0,0.0,0.0,0.0,0.0,1140.0,600.0,1160.0,610.0,1175.0,615.0,0.0,0.0,0.0,0.0,3,58,21,49,19,3,2,6,4,35,22,26,15,7,5,2,2,1,7,7,7,7,0,0,0,0,22,22,14,14,3,3,5,5
26170,26,부산광역시,170,동구,1,1,1,1,6,0.0,0.0,0.0,0.0,0.0,0.0,0.0,0.0,0.0,0.0,166.0,166.0,166.0,166.0,0.0,0.0,6,166.0,166.0,166.0,166.0,0.0,0.0,0.0,0.0,0.0,0.0,220.0,220.0,220.0,220.0,166.0,166.0,6,355.0,355.0,365.0,365.0,365.0,365.0,750.0,375.0,1930.0,600.0,1960.0,610.0,1985.0,615.0,355.0,355.0,0.0,0.0,5,97,21,75,19,8,3,14,8,49,22,36,15,8,5,5,3,2,10,7,9,7,0,0,1,1,32,22,21,14,3,3,8,5
26200,26,부산광역시,200,영도구,1,1,1,1,2,0.0,0.0,0.0,0.0,0.0,0.0,0.0,0.0,0.0,0.0,0.0,0.0,0.0,0.0,0.0,0.0,2,0.0,0.0,0.0,0.0,0.0,0.0,0.0,0.0,0.0,0.0,0.0,0.0,0.0,0.0,0.0,0.0,2,0.0,0.0,0.0,0.0,0.0,0.0,0.0,0.0,1330.0,790.0,1340.0,790.0,1350.0,790.0,0.0,0.0,0.0,0.0,2,38,20,33,17,1,1,4,2,28,22,18,15,7,5,3,2,1,7,7,7,7,0,0,0,0,22,22,14,14,3,3,5,5
26230,26,부산광역시,230,부산진구,1,1,1,1,6,0.0,0.0,0.0,0.0,2.0,2.0,0.0,0.0,0.0,0.0,52.0,52.0,51.0,51.0,0.0,0.0,6,50.0,50.0,49.0,49.0,0.0,0.0,0.0,0.0,0.0,0.0,0.0,0.0,0.0,0.0,50.0,50.0,7,2495.0,815.0,2565.0,815.0,2575.0,815.0,2610.0,825.0,3635.0,830.0,3640.0,830.0,3645.0,830.0,2495.0,815.0,0.0,0.0,6,106,26,87,23,5,3,14,8,51,12,38,8,3,1,10,5,2,10,7,9,7,0,0,1,1,32,22,21,14,3,3,8,5
26260,26,부산광역시,260,동래구,1,1,1,1,5,0.0,0.0,0.0,0.0,0.0,0.0,0.0,0.0,0.0,0.0,52.0,52.0,51.0,51.0,0.0,0.0,5,50.0,50.0,49.0,49.0,0.0,0.0,0.0,0.0,0.0,0.0,0.0,0.0,0.0,0.0,50.0,50.0,5,5075.0,1615.0,5145.0,1615.0,5165.0,1615.0,5850.0,1790.0,5855.0,1790.0,5855.0,1790.0,5855.0,1790.0,5075.0,1615.0,19.8,19.8,5,98,26,81,22,7,4,10,4,46,12,32,10,1,1,13,8,2,23,15,20,13,0,0,3,2,27,17,17,9,2,2,8,6
26290,26,부산광역시,290,남구,1,1,1,1,3,0.0,0.0,0.0,0.0,0.0,0.0,0.0,0.0,0.0,0.0,0.0,0.0,0.0,0.0,0.0,0.0,3,0.0,0.0,0.0,0.0,0.0,0.0,0.0,0.0,0.0,0.0,0.0,0.0,0.0,0.0,0.0,0.0,4,2145.0,770.0,2185.0,770.0,2190.0,770.0,2205.0,770.0,2245.0,770.0,2255.0,775.0,2260.0,775.0,2145.0,770.0,0.0,0.0,4,65,24,47,19,4,3,14,8,36,12,24,8,2,1,10,5,1,3,3,2,2,0,0,1,1,10,10,7,7,0,0,3,3
26320,26,부산광역시,320,북구,1,1,1,1,0,0.0,0.0,0.0,0.0,0.0,0.0,0.0,0.0,0.0,0.0,0.0,0.0,0.0,0.0,0.0,0.0,4,65.0,50.0,49.0,49.0,0.0,0.0,5.0,5.0,0.0,0.0,0.0,0.0,0.0,0.0,65.0,50.0,4,2855.0,1155.0,3610.0,1155.0,3645.0,1155.0,4340.0,1490.0,4345.0,1490.0,4345.0,1490.0,4360.0,1490.0,2855.0,1155.0,0.0,0.0,4,73,19,61,18,1,1,11,6,41,17,29,9,4,2,8,6,1,15,15,13,13,0,0,2,2,17,17,9,9,2,2,6,6
26350,26,부산광역시,350,해운대구,1,1,1,1,9,0.0,0.0,0.0,0.0,0.0,0.0,0.0,0.0,0.0,0.0,0.0,0.0,0.0,0.0,0.0,0.0,9,0.0,0.0,0.0,0.0,0.0,0.0,0.0,0.0,0.0,0.0,0.0,0.0,0.0,0.0,0.0,0.0,9,5595.0,1615.0,6055.0,1615.0,6230.0,1615.0,9120.0,1790.0,9130.0,1790.0,9135.0,1790.0,9155.0,1790.0,5595.0,1615.0,19.8,19.8,8,163,26,126,22,12,4,25,10,72,12,41,10,6,4,25,9,2,11,8,9,7,0,0,2,1,20,10,15,8,0,0,5,3
26380,26,부산광역시,380,사하구,1,1,1,1,5,0.0,0.0,0.0,0.0,0.0,0.0,0.0,0.0,0.0,0.0,0.0,0.0,0.0,0.0,0.0,0.0,5,0.0,0.0,0.0,0.0,0.0,0.0,0.0,0.0,0.0,0.0,0.0,0.0,0.0,0.0,0.0,0.0,5,0.0,0.0,0.0,0.0,0.0,0.0,0.0,0.0,3365.0,810.0,3385.0,810.0,3400.0,810.0,0.0,0.0,306.0,306.0,5,101,24,84,24,7,3,10,4,55,22,34,15,14,5,7,3,1,7,7,7,7,0,0,0,0,22,22,14,14,3,3,5,5
26410,26,부산광역시,410,금정구,1,1,1,1,5,0.0,0.0,0.0,0.0,0.0,0.0,0.0,0.0,0.0,0.0,0.0,0.0,0.0,0.0,0.0,0.0,5,0.0,0.0,81.0,81.0,0.0,0.0,0.0,0.0,0.0,0.0,0.0,0.0,0.0,0.0,0.0,0.0,5,4540.0,1615.0,4680.0,1615.0,4735.0,1615.0,5440.0,1790.0,5440.0,1790.0,5440.0,1790.0,5440.0,1790.0,4540.0,1615.0,19.8,19.8,5,99,26,72,22,11,4,16,5,45,12,34,10,2,2,9,3,1,8,8,7,7,0,0,1,1,10,10,8,8,0,0,2,2
26440,26,부산광역시,440,강서구,1,1,1,1,7,0.0,0.0,0.0,0.0,0.0,0.0,0.0,0.0,0.0,0.0,0.0,0.0,0.0,0.0,0.0,0.0,7,0.0,0.0,246.0,154.0,0.0,0.0,0.0,0.0,0.0,0.0,0.0,0.0,0.0,0.0,0.0,0.0,13,7125.0,1250.0,8720.0,1405.0,8905.0,1430.0,8930.0,1430.0,10890.0,1670.0,11325.0,1780.0,12570.0,1855.0,7125.0,1250.0,120.7,59.4,10,192,31,124,26,30,6,38,8,91,12,58,10,22,5,11,3,3,28,15,23,13,0,0,5,2,41,17,31,12,2,2,8,6
26470,26,부산광역시,470,연제구,1,1,1,1,2,0.0,0.0,0.0,0.0,0.0,0.0,0.0,0.0,0.0,0.0,52.0,52.0,51.0,51.0,0.0,0.0,2,50.0,50.0,49.0,49.0,0.0,0.0,0.0,0.0,0.0,0.0,0.0,0.0,0.0,0.0,50.0,50.0,3,2390.0,960.0,2420.0,960.0,2425.0,960.0,2445.0,965.0,2470.0,965.0,2470.0,965.0,2470.0,965.0,2390.0,960.0,0.0,0.0,3,38,19,31,18,2,2,5,4,32,12,19,8,0,0,13,8,2,11,8,9,7,0,0,2,1,20,10,15,8,0,0,5,3
26500,26,부산광역시,500,수영구,1,1,1,1,3,0.0,0.0,0.0,0.0,0.0,0.0,0.0,0.0,0.0,0.0,0.0,0.0,0.0,0.0,0.0,0.0,3,0.0,0.0,0.0,0.0,0.0,0.0,0.0,0.0,0.0,0.0,0.0,0.0,0.0,0.0,0.0,0.0,3,1950.0,1040.0,2220.0,1110.0,2300.0,1130.0,2960.0,1790.0,2960.0,1790.0,2965.0,1790.0,2965.0,1790.0,1950.0,1040.0,0.0,0.0,3,58,24,45,19,5,4,8,6,27,12,23,10,1,1,3,2,2,11,8,9,7,0,0,2,1,20,10,15,8,0,0,5,3
26530,26,부산광역시,530,사상구,1,1,1,1,6,0.0,0.0,0.0,0.0,131.0,101.0,0.0,0.0,0.0,0.0,0.0,0.0,0.0,0.0,0.0,0.0,6,0.0,0.0,0.0,0.0,0.0,0.0,0.0,0.0,0.0,0.0,0.0,0.0,0.0,0.0,0.0,0.0,6,1390.0,885.0,1390.0,885.0,1425.0,920.0,1515.0,975.0,3955.0,975.0,3980.0,975.0,4000.0,990.0,1390.0,885.0,0.0,0.0,6,115,26,97,21,13,5,5,6,57,17,34,9,6,2,17,6,2,22,15,20,13,0,0,2,2,39,22,23,14,5,3,11,6
26710,26,부산광역시,710,기장군,1,1,1,1,6,0.0,0.0,0.0,0.0,0.0,0.0,0.0,0.0,0.0,0.0,0.0,0.0,0.0,0.0,0.0,0.0,6,0.0,0.0,109.0,109.0,0.0,0.0,0.0,0.0,0.0,0.0,0.0,0.0,0.0,0.0,0.0,0.0,6,3865.0,1040.0,3940.0,1110.0,3960.0,1130.0,4625.0,1790.0,4635.0,1790.0,4650.0,1790.0,4655.0,1790.0,3865.0,1040.0,227.8,208.0,5,76,20,40,12,6,4,30,10,45,12,32,10,3,3,10,6,1,8,8,7,7,0,0,1,1,10,10,8,8,0,0,2,2
27110,27,대구광역시,110,중구,1,1,1,1,0,0.0,0.0,0.0,0.0,0.0,0.0,0.0,0.0,0.0,0.0,0.0,0.0,0.0,0.0,0.0,0.0,3,101.0,71.0,98.0,70.0,30.0,30.0,0.0,0.0,280.0,280.0,265.0,265.0,265.0,265.0,101.0,71.0,4,2895.0,1505.0,3825.0,2220.0,3910.0,2305.0,3940.0,2335.0,3950.0,2345.0,4015.0,2380.0,4035.0,2395.0,2895.0,1505.0,0.0,0.0,4,62,22,53,20,0,0,9,5,36,18,22,8,2,2,12,10,1,12,12,11,11,1,1,0,0,18,18,8,8,0,0,10,10
27140,27,대구광역시,140,동구,1,1,1,1,10,0.0,0.0,0.0,0.0,375.0,134.0,477.0,118.0,629.0,115.0,590.0,113.0,559.0,113.0,0.0,0.0,10,533.0,112.0,436.0,112.0,2310.0,680.0,2875.0,690.0,3395.0,710.0,3295.0,700.0,3150.0,685.0,533.0,112.0,11,9850.0,2100.0,11105.0,2385.0,11840.0,2385.0,11920.0,2410.0,11970.0,2440.0,12010.0,2440.0,12070.0,2465.0,9850.0,2100.0,0.0,0.0,9,172,33,132,28,3,2,37,14,92,18,53,11,4,4,35,10,1,14,14,8,8,2,2,4,4,19,19,19,19,0,0,0,0
27170,27,대구광역시,170,서구,1,1,1,1,3,0.0,0.0,0.0,0.0,83.0,53.0,10.0,10.0,84.0,50.0,81.0,49.0,79.0,48.0,0.0,0.0,3,77.0,47.0,73.0,45.0,30.0,30.0,10.0,10.0,530.0,280.0,480.0,265.0,515.0,265.0,77.0,47.0,4,3025.0,1505.0,3885.0,2220.0,3970.0,2305.0,4000.0,2335.0,4010.0,2345.0,4075.0,2380.0,4100.0,2395.0,3025.0,1505.0,0.0,0.0,3,43,22,37,19,0,0,6,4,30,18,18,8,0,0,12,10,1,10,10,9,9,1,1,0,0,12,12,10,10,0,0,2,2
27200,27,대구광역시,200,남구,1,1,1,1,1,0.0,0.0,0.0,0.0,30.0,30.0,0.0,0.0,54.0,54.0,53.0,53.0,52.0,52.0,0.0,0.0,1,50.0,50.0,49.0,49.0,0.0,0.0,0.0,0.0,0.0,0.0,0.0,0.0,0.0,0.0,50.0,50.0,2,1820.0,1505.0,2535.0,2220.0,2620.0,2305.0,2660.0,2335.0,2670.0,2345.0,2725.0,2380.0,2745.0,2395.0,1820.0,1505.0,0.0,0.0,2,24,24,17,17,0,0,7,7,25,18,14,8,1,1,10,10,1,12,12,11,11,1,1,0,0,18,18,8,8,0,0,10,10
27230,27,대구광역시,230,북구,1,1,1,1,0,0.0,0.0,0.0,0.0,0.0,0.0,0.0,0.0,0.0,0.0,0.0,0.0,0.0,0.0,0.0,0.0,8,261.0,71.0,204.0,70.0,0.0,0.0,40.0,10.0,810.0,260.0,720.0,220.0,700.0,255.0,261.0,71.0,9,7735.0,2100.0,8735.0,2385.0,9640.0,2385.0,9725.0,2410.0,9775.0,2440.0,9825.0,2440.0,9895.0,2465.0,7735.0,2100.0,0.0,0.0,7,135,33,112,28,1,1,22,5,63,18,42,11,2,2,19,10,1,10,10,9,9,1,1,0,0,12,12,10,10,0,0,2,2
27260,27,대구광역시,260,수성구,1,1,1,1,8,0.0,0.0,0.0,0.0,329.0,146.0,240.0,114.0,302.0,108.0,286.0,101.0,273.0,94.0,0.0,0.0,8,260.0,87.0,253.0,86.0,1815.0,460.0,1575.0,455.0,2285.0,455.0,2190.0,430.0,2110.0,420.0,260.0,87.0,9,6890.0,2100.0,8800.0,2385.0,9500.0,2385.0,9565.0,2410.0,9605.0,2440.0,9720.0,2440.0,9775.0,2465.0,6890.0,2100.0,0.0,0.0,9,190,33,158,28,4,2,28,9,87,18,55,11,9,4,23,10,1,12,12,11,11,1,1,0,0,18,18,8,8,0,0,10,10
27290,27,대구광역시,290,달서구,1,1,1,1,9,0.0,0.0,0.0,0.0,236.0,69.0,65.0,30.0,276.0,102.0,248.0,101.0,243.0,100.0,0.0,0.0,9,237.0,100.0,229.0,99.0,660.0,225.0,410.0,225.0,1335.0,365.0,1225.0,360.0,1250.0,365.0,237.0,100.0,10,6675.0,1505.0,7510.0,2220.0,8505.0,2305.0,8550.0,2335.0,8570.0,2345.0,8640.0,2380.0,8690.0,2395.0,6675.0,1505.0,19.8,19.8,9,176,33,151,31,2,1,23,8,96,18,61,13,7,4,28,10,2,26,16,21,12,1,1,4,4,30,18,23,13,2,2,5,3
27710,27,대구광역시,710,달성군,1,1,1,1,9,0.0,0.0,0.0,0.0,248.0,77.0,333.0,166.0,377.0,166.0,323.0,166.0,320.0,166.0,0.0,0.0,9,315.0,166.0,311.0,166.0,2110.0,655.0,2420.0,605.0,2330.0,900.0,1585.0,845.0,1560.0,825.0,315.0,166.0,11,8690.0,1505.0,10110.0,2220.0,13920.0,2305.0,14165.0,2335.0,14270.0,2345.0,14480.0,2380.0,14565.0,2395.0,8690.0,1505.0,39.6,39.6,10,206,33,170,31,2,2,34,9,108,18,69,13,13,5,26,10,2,28,16,23,12,1,1,4,4,36,18,21,13,2,2,13,10
27720,27,대구광역시,720,군위군,1,1,1,1,2,0.0,0.0,0.0,0.0,111.0,111.0,110.0,110.0,110.0,110.0,109.0,109.0,108.0,108.0,0.0,0.0,2,157.0,108.0,155.0,107.0,0.0,0.0,0.0,0.0,0.0,0.0,0.0,0.0,0.0,0.0,157.0,108.0,3,0.0,0.0,0.0,0.0,0.0,0.0,0.0,0.0,0.0,0.0,490.0,370.0,525.0,370.0,0.0,0.0,0.0,0.0,3,54,31,31,18,1,1,22,12,43,24,25,16,12,4,6,4,1,14,14,4,4,2,2,8,8,38,38,18,18,7,7,13,13
28110,28,인천광역시,110,중구,1,1,1,1,3,0.0,0.0,0.0,0.0,0.0,0.0,0.0,0.0,0.0,0.0,0.0,0.0,0.0,0.0,0.0,0.0,3,0.0,0.0,70.0,70.0,0.0,0.0,0.0,0.0,0.0,0.0,0.0,0.0,0.0,0.0,0.0,0.0,0,0.0,0.0,0.0,0.0,0.0,0.0,0.0,0.0,0.0,0.0,0.0,0.0,0.0,0.0,0.0,0.0,0.0,0.0,0,0,0,0,0,0,0,0,0,0,0,0,0,0,0,0,0,0,0,0,0,0,0,0,0,0,0,0,0,0,0,0,0,0
28125,28,인천광역시,125,제물포구,1,1,1,1,0,0.0,0.0,0.0,0.0,0.0,0.0,0.0,0.0,0.0,0.0,0.0,0.0,0.0,0.0,0.0,0.0,0,0.0,0.0,0.0,0.0,0.0,0.0,0.0,0.0,0.0,0.0,0.0,0.0,0.0,0.0,0.0,0.0,0,0.0,0.0,0.0,0.0,0.0,0.0,0.0,0.0,0.0,0.0,0.0,0.0,0.0,0.0,0.0,0.0,0.0,0.0,0,0,0,0,0,0,0,0,0,0,0,0,0,0,0,0,0,2,17,9,10,6,7,4,0,0,18,14,16,12,2,2,0,0
28140,28,인천광역시,140,동구,1,1,1,1,2,0.0,0.0,0.0,0.0,0.0,0.0,0.0,0.0,0.0,0.0,0.0,0.0,0.0,0.0,0.0,0.0,2,0.0,0.0,31.0,31.0,0.0,0.0,0.0,0.0,0.0,0.0,0.0,0.0,0.0,0.0,0.0,0.0,0,0.0,0.0,0.0,0.0,0.0,0.0,0.0,0.0,0.0,0.0,0.0,0.0,0.0,0.0,0.0,0.0,0.0,0.0,0,0,0,0,0,0,0,0,0,0,0,0,0,0,0,0,0,0,0,0,0,0,0,0,0,0,0,0,0,0,0,0,0,0
28155,28,인천광역시,155,영종구,1,1,1,1,0,0.0,0.0,0.0,0.0,0.0,0.0,0.0,0.0,0.0,0.0,0.0,0.0,0.0,0.0,0.0,0.0,0,0.0,0.0,0.0,0.0,0.0,0.0,0.0,0.0,0.0,0.0,0.0,0.0,0.0,0.0,0.0,0.0,3,0.0,0.0,600.0,370.0,600.0,370.0,680.0,450.0,680.0,450.0,795.0,480.0,885.0,550.0,0.0,0.0,0.0,0.0,3,46,19,40,19,2,2,4,4,25,9,13,8,7,3,5,3,2,17,10,15,9,0,0,2,1,29,16,20,12,6,5,3,3
28177,28,인천광역시,177,미추홀구,1,1,1,1,6,0.0,0.0,0.0,0.0,0.0,0.0,0.0,0.0,0.0,0.0,0.0,0.0,0.0,0.0,0.0,0.0,6,0.0,0.0,47.0,31.0,0.0,0.0,0.0,0.0,0.0,0.0,0.0,0.0,0.0,0.0,0.0,0.0,6,1615.0,695.0,1845.0,925.0,1845.0,925.0,1845.0,925.0,1855.0,925.0,1860.0,925.0,1865.0,925.0,1615.0,695.0,0.0,0.0,6,128,27,126,27,4,2,-2,0,53,14,38,12,7,2,8,4,2,17,9,10,6,7,4,0,0,18,14,16,12,2,2,0,0
28185,28,인천광역시,185,연수구,1,1,1,1,10,0.0,0.0,0.0,0.0,0.0,0.0,0.0,0.0,0.0,0.0,0.0,0.0,0.0,0.0,0.0,0.0,10,0.0,0.0,0.0,0.0,0.0,0.0,0.0,0.0,0.0,0.0,0.0,0.0,0.0,0.0,0.0,0.0,12,5650.0,1415.0,6965.0,1415.0,7185.0,1430.0,7840.0,1430.0,7950.0,1430.0,9655.0,1845.0,9780.0,1880.0,5650.0,1415.0,600.3199999999999,500.0,7,147,30,149,45,13,10,-15,0,62,14,49,12,11,4,2,2,2,19,10,6,6,13,10,0,0,12,8,4,4,8,8,0,0
28200,28,인천광역시,200,남동구,1,1,1,1,11,0.0,0.0,0.0,0.0,0.0,0.0,0.0,0.0,0.0,0.0,0.0,0.0,0.0,0.0,0.0,0.0,11,0.0,0.0,5.0,5.0,0.0,0.0,0.0,0.0,0.0,0.0,0.0,0.0,0.0,0.0,0.0,0.0,12,7375.0,1415.0,7645.0,1415.0,8525.0,1415.0,8525.0,1415.0,8525.0,1415.0,9520.0,1415.0,10560.0,1640.0,7375.0,1415.0,0.0,0.0,11,232,28,219,28,4,4,9,7,99,14,70,12,6,2,23,6,3,29,10,14,8,15,10,0,0,23,11,11,7,12,8,0,0
28237,28,인천광역시,237,부평구,1,1,1,1,7,0.0,0.0,0.0,0.0,0.0,0.0,0.0,0.0,0.0,0.0,0.0,0.0,0.0,0.0,0.0,0.0,7,0.0,0.0,5.0,5.0,0.0,0.0,0.0,0.0,25.0,25.0,25.0,25.0,25.0,25.0,0.0,0.0,6,5140.0,2085.0,5810.0,2085.0,5820.0,2085.0,5820.0,2085.0,5820.0,2085.0,5820.0,2085.0,5825.0,2085.0,5140.0,2085.0,0.0,0.0,7,125,27,123,25,0,0,2,2,72,18,50,12,9,4,13,6,3,30,12,20,8,8,4,2,2,43,18,29,12,8,4,6,6
28245,28,인천광역시,245,계양구,1,1,1,1,6,0.0,0.0,0.0,0.0,0.0,0.0,0.0,0.0,0.0,0.0,15.0,15.0,15.0,15.0,0.0,0.0,6,15.0,15.0,15.0,15.0,0.0,0.0,0.0,0.0,25.0,25.0,50.0,25.0,50.0,25.0,15.0,15.0,6,2905.0,2085.0,3395.0,2085.0,3515.0,2085.0,3515.0,2085.0,3515.0,2085.0,3515.0,2085.0,3520.0,2085.0,2905.0,2085.0,0.0,0.0,4,97,32,93,32,1,1,3,2,45,18,34,14,3,2,8,6,3,30,12,20,8,8,4,2,2,43,18,29,12,8,4,6,6
28260,28,인천광역시,260,서구,1,1,1,1,14,0.0,0.0,0.0,0.0,0.0,0.0,0.0,0.0,0.0,0.0,0.0,0.0,0.0,0.0,0.0,0.0,14,0.0,0.0,11.0,11.0,0.0,0.0,0.0,0.0,0.0,0.0,0.0,0.0,0.0,0.0,0.0,0.0,0,0.0,0.0,0.0,0.0,0.0,0.0,0.0,0.0,0.0,0.0,0.0,0.0,0.0,0.0,0.0,0.0,0.0,0.0,0,0,0,0,0,0,0,0,0,0,0,0,0,0,0,0,0,0,0,0,0,0,0,0,0,0,0,0,0,0,0,0,0,0
28275,28,인천광역시,275,서해구,1,1,1,1,0,0.0,0.0,0.0,0.0,0.0,0.0,0.0,0.0,0.0,0.0,0.0,0.0,0.0,0.0,0.0,0.0,0,0.0,0.0,0.0,0.0,0.0,0.0,0.0,0.0,0.0,0.0,0.0,0.0,0.0,0.0,0.0,0.0,4,0.0,0.0,1350.0,1350.0,2190.0,1390.0,3190.0,1430.0,3215.0,1455.0,3255.0,1495.0,3335.0,1575.0,0.0,0.0,0.0,0.0,2,15,15,15,15,0,0,0,0,27,14,24,12,3,2,0,0,6,59,12,45,10,10,4,4,2,72,18,49,12,14,5,9,6
28290,28,인천광역시,290,검단구,1,1,1,1,0,0.0,0.0,0.0,0.0,0.0,0.0,0.0,0.0,0.0,0.0,0.0,0.0,0.0,0.0,0.0,0.0,0,0.0,0.0,0.0,0.0,0.0,0.0,0.0,0.0,0.0,0.0,0.0,0.0,0.0,0.0,0.0,0.0,1,0.0,0.0,0.0,0.0,0.0,0.0,735.0,735.0,740.0,740.0,750.0,750.0,760.0,760.0,0.0,0.0,0.0,0.0,0,0,0,0,0,0,0,0,0,0,0,0,0,0,0,0,0,1,10,10,9,9,0,0,1,1,16,16,8,8,5,5,3,3
28710,28,인천광역시,710,강화군,1,1,1,1,2,0.0,0.0,0.0,0.0,0.0,0.0,0.0,0.0,0.0,0.0,0.0,0.0,0.0,0.0,0.0,0.0,2,0.0,0.0,0.0,0.0,0.0,0.0,0.0,0.0,0.0,0.0,0.0,0.0,0.0,0.0,0.0,0.0,3,645.0,375.0,2015.0,1350.0,2350.0,1390.0,2390.0,1430.0,2420.0,1455.0,2460.0,1495.0,2540.0,1575.0,645.0,375.0,0.0,0.0,3,32,20,24,18,1,1,7,5,27,13,18,12,5,2,4,4,2,17,10,15,9,0,0,2,1,29,16,20,12,6,5,3,3
28720,28,인천광역시,720,옹진군,1,1,1,1,0,0.0,0.0,0.0,0.0,0.0,0.0,0.0,0.0,0.0,0.0,0.0,0.0,0.0,0.0,0.0,0.0,0,0.0,0.0,0.0,0.0,0.0,0.0,0.0,0.0,0.0,0.0,0.0,0.0,0.0,0.0,0.0,0.0,1,0.0,0.0,1350.0,1350.0,1390.0,1390.0,1430.0,1430.0,1455.0,1455.0,1495.0,1495.0,1575.0,1575.0,0.0,0.0,0.0,0.0,1,0,0,0,0,0,0,0,0,13,13,12,12,1,1,0,0,0,0,0,0,0,0,0,0,0,0,0,0,0,0,0,0,0
30110,30,대전광역시,110,동구,1,1,1,1,5,0.0,0.0,0.0,0.0,0.0,0.0,0.0,0.0,0.0,0.0,0.0,0.0,0.0,0.0,0.0,0.0,5,0.0,0.0,0.0,0.0,0.0,0.0,0.0,0.0,0.0,0.0,0.0,0.0,0.0,0.0,0.0,0.0,6,0.0,0.0,0.0,0.0,0.0,0.0,0.0,0.0,0.0,0.0,1840.0,1840.0,1855.0,1855.0,0.0,0.0,0.0,0.0,6,111,27,57,23,6,6,48,19,64,16,50,16,0,0,14,6,0,0,0,0,0,0,0,0,0,0,0,0,0,0,0,0,0
30140,30,대전광역시,140,중구,1,1,1,1,2,0.0,0.0,0.0,0.0,0.0,0.0,0.0,0.0,0.0,0.0,0.0,0.0,0.0,0.0,0.0,0.0,2,0.0,0.0,0.0,0.0,0.0,0.0,0.0,0.0,0.0,0.0,0.0,0.0,0.0,0.0,0.0,0.0,3,0.0,0.0,0.0,0.0,0.0,0.0,0.0,0.0,0.0,0.0,1840.0,1840.0,1855.0,1855.0,0.0,0.0,0.0,0.0,3,30,21,15,15,6,6,9,6,40,16,29,16,0,0,11,6,0,0,0,0,0,0,0,0,0,0,0,0,0,0,0,0,0
30170,30,대전광역시,170,서구,1,1,1,1,7,0.0,0.0,0.0,0.0,67.0,67.0,55.0,55.0,53.0,53.0,41.0,41.0,0.0,0.0,0.0,0.0,7,0.0,0.0,0.0,0.0,280.0,280.0,380.0,380.0,375.0,375.0,325.0,325.0,0.0,0.0,0.0,0.0,8,0.0,0.0,0.0,0.0,0.0,0.0,0.0,0.0,0.0,0.0,1840.0,1840.0,1855.0,1855.0,0.0,0.0,0.0,0.0,8,153,28,107,27,21,10,25,7,94,18,60,16,0,0,34,8,1,10,10,2,2,8,8,0,0,16,16,10,10,0,0,6,6
30200,30,대전광역시,200,유성구,1,1,1,1,9,0.0,0.0,0.0,0.0,291.0,134.0,212.0,110.0,206.0,109.0,188.0,105.0,0.0,0.0,0.0,0.0,9,0.0,0.0,0.0,0.0,510.0,280.0,610.0,380.0,605.0,375.0,525.0,325.0,0.0,0.0,0.0,0.0,10,0.0,0.0,0.0,0.0,0.0,0.0,0.0,0.0,0.0,0.0,1840.0,1840.0,1855.0,1855.0,0.0,0.0,494.0,494.0,9,180,28,112,26,29,10,39,15,106,18,72,16,3,3,31,8,1,10,10,2,2,8,8,0,0,16,16,10,10,0,0,6,6
30230,30,대전광역시,230,대덕구,1,1,1,1,5,0.0,0.0,0.0,0.0,177.0,70.0,152.0,60.0,147.0,60.0,117.0,45.0,0.0,0.0,0.0,0.0,5,0.0,0.0,0.0,0.0,540.0,280.0,640.0,380.0,630.0,375.0,555.0,325.0,0.0,0.0,0.0,0.0,6,0.0,0.0,0.0,0.0,0.0,0.0,0.0,0.0,0.0,0.0,1840.0,1840.0,1855.0,1855.0,0.0,0.0,8.0,8.0,6,111,26,75,22,12,10,24,7,72,18,54,16,1,2,17,8,0,0,0,0,0,0,0,0,0,0,0,0,0,0,0,0,0
31110,31,울산광역시,110,중구,1,1,1,1,3,0.0,0.0,0.0,0.0,0.0,0.0,0.0,0.0,0.0,0.0,0.0,0.0,0.0,0.0,0.0,0.0,3,0.0,0.0,175.0,126.0,0.0,0.0,0.0,0.0,0.0,0.0,0.0,0.0,0.0,0.0,0.0,0.0,4,0.0,0.0,0.0,0.0,0.0,0.0,0.0,0.0,0.0,0.0,0.0,0.0,0.0,0.0,0.0,0.0,0.0,0.0,4,60,25,50,23,2,2,8,5,51,27,35,23,4,3,12,4,1,15,15,9,9,0,0,6,6,29,29,24,24,0,0,5,5
31140,31,울산광역시,140,남구,1,1,1,1,5,0.0,0.0,0.0,0.0,26.0,18.0,18.0,12.0,10.0,5.0,6.0,4.0,29.0,27.0,0.0,0.0,5,22.0,21.0,87.0,72.0,15.0,15.0,40.0,40.0,25.0,25.0,35.0,35.0,55.0,55.0,22.0,21.0,9,3840.0,1455.0,3840.0,1455.0,3840.0,1455.0,3840.0,1455.0,3840.0,1455.0,4320.0,1455.0,4360.0,1465.0,3840.0,1455.0,0.0,0.0,7,110,26,103,26,6,5,1,1,91,27,72,23,3,2,16,4,4,45,15,33,12,2,2,10,6,59,29,48,24,0,0,11,5
31170,31,울산광역시,170,동구,1,1,1,1,2,0.0,0.0,0.0,0.0,149.0,149.0,147.0,139.0,142.0,135.0,144.0,138.0,143.0,138.0,0.0,0.0,2,141.0,138.0,140.0,138.0,735.0,735.0,140.0,140.0,135.0,135.0,560.0,560.0,565.0,565.0,141.0,138.0,3,1285.0,830.0,1285.0,830.0,1365.0,910.0,1365.0,910.0,1365.0,910.0,1365.0,910.0,1365.0,910.0,1285.0,830.0,0.0,0.0,3,36,22,25,22,1,1,10,10,37,21,18,8,1,1,18,14,1,8,8,4,4,4,4,0,0,14,14,6,6,1,1,7,7
31200,31,울산광역시,200,북구,1,1,1,1,5,0.0,0.0,0.0,0.0,164.0,149.0,207.0,139.0,172.0,135.0,229.0,138.0,255.0,138.0,0.0,0.0,5,252.0,138.0,300.0,138.0,750.0,735.0,200.0,140.0,165.0,135.0,645.0,560.0,720.0,565.0,252.0,138.0,6,2190.0,905.0,2190.0,905.0,2310.0,945.0,2310.0,945.0,2310.0,945.0,2310.0,945.0,2310.0,945.0,2190.0,905.0,0.0,0.0,6,105,25,77,23,3,2,25,10,65,21,30,8,5,3,30,14,1,8,8,4,4,4,4,0,0,14,14,6,6,1,1,7,7
31710,31,울산광역시,710,울주군,1,1,1,1,11,0.0,0.0,0.0,0.0,337.0,123.0,520.0,143.0,515.0,143.0,506.0,142.0,500.0,142.0,0.0,0.0,11,494.0,142.0,644.0,142.0,410.0,245.0,1100.0,370.0,805.0,265.0,1510.0,575.0,1915.0,790.0,494.0,142.0,13,605.0,605.0,610.0,610.0,610.0,610.0,615.0,615.0,620.0,620.0,6720.0,1695.0,6720.0,1695.0,605.0,605.0,247.635,208.0,12,158,25,128,25,13,4,17,7,138,27,104,23,5,3,29,5,4,41,15,27,9,2,2,12,6,74,29,56,24,0,0,18,7
36110,36,세종특별자치시,110,세종시,0,1,1,1,0,0.0,0.0,0.0,0.0,0.0,0.0,0.0,0.0,0.0,0.0,0.0,0.0,0.0,0.0,0.0,0.0,8,4.0,4.0,0.0,0.0,1000.0,280.0,1350.0,380.0,2455.0,590.0,2200.0,535.0,200.0,200.0,4.0,4.0,8,0.0,0.0,0.0,0.0,0.0,0.0,0.0,0.0,0.0,0.0,0.0,0.0,0.0,0.0,0.0,0.0,90.0,90.0,6,146,26,118,25,18,10,10,4,62,18,42,10,2,2,18,8,0,0,0,0,0,0,0,0,0,0,0,0,0,0,0,0,0
41111,41,경기도,111,수원시장안구,1,1,1,1,3,0.0,0.0,0.0,0.0,19.0,12.0,11.0,8.0,6.0,6.0,4.0,4.0,2.0,2.0,0.0,0.0,3,1.0,1.0,0.0,0.0,0.0,0.0,0.0,0.0,0.0,0.0,0.0,0.0,0.0,0.0,1.0,1.0,4,4125.0,1825.0,4125.0,1825.0,4125.0,1825.0,4125.0,1825.0,4125.0,1825.0,4125.0,1825.0,4505.0,1825.0,4125.0,1825.0,0.0,0.0,4,79,27,71,27,1,1,7,4,38,11,28,9,4,4,6,4,5,42,10,15,6,10,4,17,6,74,18,34,17,17,9,23,14
41113,41,경기도,113,수원시권선구,1,1,1,1,7,0.0,0.0,0.0,0.0,50.0,50.0,54.0,54.0,51.0,51.0,225.0,166.0,223.0,166.0,0.0,0.0,7,221.0,166.0,344.0,166.0,200.0,90.0,205.0,90.0,265.0,90.0,185.0,80.0,130.0,65.0,221.0,166.0,8,3205.0,1825.0,5095.0,1825.0,5725.0,1825.0,5795.0,1825.0,6145.0,1825.0,6185.0,1825.0,6815.0,1825.0,3205.0,1825.0,0.0,0.0,5,105,27,73,23,15,9,17,8,42,10,28,8,9,4,5,4,5,42,10,15,6,10,4,17,6,74,18,34,17,17,9,23,14
41115,41,경기도,115,수원시팔달구,1,1,1,1,3,0.0,0.0,0.0,0.0,7.0,7.0,3.0,3.0,0.0,0.0,0.0,0.0,0.0,0.0,0.0,0.0,3,0.0,0.0,75.0,75.0,0.0,0.0,0.0,0.0,0.0,0.0,0.0,0.0,0.0,0.0,0.0,0.0,4,3315.0,1825.0,3980.0,1825.0,3980.0,1825.0,3980.0,1825.0,4320.0,1825.0,4345.0,1825.0,4720.0,1825.0,3315.0,1825.0,0.0,0.0,4,78,26,64,23,1,1,13,6,35,10,27,9,4,4,4,4,5,42,10,15,6,10,4,17,6,74,18,34,17,17,9,23,14
41117,41,경기도,117,수원시영통구,1,1,1,1,5,0.0,0.0,0.0,0.0,0.0,0.0,0.0,0.0,0.0,0.0,0.0,0.0,0.0,0.0,0.0,0.0,5,0.0,0.0,91.0,75.0,0.0,0.0,0.0,0.0,0.0,0.0,0.0,0.0,0.0,0.0,0.0,0.0,5,3385.0,1330.0,4330.0,1495.0,4330.0,1495.0,4870.0,1495.0,5210.0,1495.0,5235.0,1495.0,6460.0,1710.0,3385.0,1330.0,0.0,0.0,3,80,30,56,26,7,4,17,11,32,12,25,9,2,1,5,3,5,42,10,15,6,10,4,17,6,74,18,34,17,17,9,23,14
41131,41,경기도,131,성남시수정구,1,1,1,1,0,0.0,0.0,0.0,0.0,0.0,0.0,0.0,0.0,0.0,0.0,0.0,0.0,0.0,0.0,0.0,0.0,2,6.0,6.0,4.0,4.0,125.0,125.0,80.0,80.0,60.0,60.0,85.0,85.0,115.0,115.0,6.0,6.0,3,2410.0,905.0,2410.0,905.0,2410.0,905.0,2410.0,905.0,2410.0,905.0,2410.0,905.0,2475.0,940.0,2410.0,905.0,0.0,0.0,3,86,30,70,30,5,5,11,7,28,12,19,9,0,0,9,4,3,20,10,8,4,10,9,2,1,60,25,42,21,11,5,7,5
41133,41,경기도,133,성남시중원구,1,1,1,1,3,0.0,0.0,0.0,0.0,0.0,0.0,0.0,0.0,0.0,0.0,0.0,0.0,7.0,7.0,0.0,0.0,3,6.0,6.0,4.0,4.0,125.0,125.0,80.0,80.0,60.0,60.0,85.0,85.0,115.0,115.0,6.0,6.0,4,3440.0,1395.0,3440.0,1395.0,3440.0,1395.0,3440.0,1395.0,3440.0,1395.0,3440.0,1395.0,3485.0,1400.0,3440.0,1395.0,0.0,0.0,4,124,36,117,36,0,0,7,7,38,15,27,13,0,0,11,4,3,20,10,8,4,10,9,2,1,60,25,42,21,11,5,7,5
41135,41,경기도,135,성남시분당구,1,1,1,1,0,0.0,0.0,0.0,0.0,0.0,0.0,0.0,0.0,0.0,0.0,0.0,0.0,0.0,0.0,0.0,0.0,6,0.0,0.0,0.0,0.0,0.0,0.0,0.0,0.0,0.0,0.0,0.0,0.0,0.0,0.0,0.0,0.0,8,5165.0,905.0,5165.0,905.0,5165.0,905.0,5165.0,905.0,5165.0,905.0,5165.0,905.0,5440.0,940.0,5165.0,905.0,0.0,0.0,7,178,36,156,36,8,5,14,10,68,14,55,14,-2,2,15,6,3,20,10,8,4,10,9,2,1,60,25,42,21,11,5,7,5
41150,41,경기도,150,의정부시,1,1,1,1,0,0.0,0.0,0.0,0.0,0.0,0.0,0.0,0.0,0.0,0.0,0.0,0.0,0.0,0.0,0.0,0.0,5,55.0,55.0,55.0,55.0,0.0,0.0,0.0,0.0,0.0,0.0,0.0,0.0,0.0,0.0,55.0,55.0,7,1885.0,1735.0,1895.0,1745.0,2150.0,1750.0,2965.0,1750.0,4110.0,1760.0,4190.0,1770.0,4915.0,2255.0,1885.0,1735.0,0.0,0.0,5,79,29,54,21,10,8,15,8,53,12,34,10,8,4,11,5,4,36,11,22,10,9,4,5,2,56,18,27,12,20,16,9,5
41171,41,경기도,171,안양시만안구,1,1,1,1,2,0.0,0.0,0.0,0.0,5.0,5.0,3.0,3.0,1.0,1.0,0.0,0.0,0.0,0.0,0.0,0.0,2,0.0,0.0,0.0,0.0,0.0,0.0,0.0,0.0,0.0,0.0,0.0,0.0,0.0,0.0,0.0,0.0,3,3125.0,1825.0,3125.0,1825.0,3240.0,1825.0,3255.0,1825.0,3535.0,1825.0,3570.0,1825.0,3570.0,1825.0,3125.0,1825.0,0.0,0.0,3,51,26,40,21,3,3,8,7,30,12,14,6,9,4,7,6,0,0,0,0,0,0,0,0,0,0,0,0,0,0,0,0,0
41173,41,경기도,173,안양시동안구,1,1,1,1,4,0.0,0.0,0.0,0.0,17.0,17.0,0.0,0.0,0.0,0.0,166.0,166.0,166.0,166.0,0.0,0.0,4,166.0,166.0,166.0,166.0,240.0,240.0,235.0,235.0,230.0,230.0,675.0,450.0,685.0,450.0,166.0,166.0,5,1915.0,605.0,2555.0,985.0,2565.0,995.0,3540.0,995.0,3775.0,1230.0,3775.0,1230.0,3785.0,1235.0,1915.0,605.0,0.0,0.0,3,55,28,48,28,5,5,2,2,26,11,23,10,1,1,2,2,0,0,0,0,0,0,0,0,0,0,0,0,0,0,0,0,0
41190,41,경기도,190,부천시,1,1,1,1,8,0.0,0.0,0.0,0.0,0.0,0.0,0.0,0.0,0.0,0.0,0.0,0.0,0.0,0.0,0.0,0.0,8,0.0,0.0,0.0,0.0,0.0,0.0,0.0,0.0,0.0,0.0,0.0,0.0,0.0,0.0,0.0,0.0,8,3375.0,980.0,3680.0,980.0,3725.0,980.0,3735.0,980.0,3915.0,1160.0,3935.0,1160.0,4110.0,1300.0,3375.0,980.0,0.0,0.0,8,198,32,170,32,7,4,21,11,74,14,57,14,15,5,2,2,0,0,0,0,0,0,0,0,0,0,0,0,0,0,0,0,0
41192,41,경기도,192,부천시원미구,1,1,1,1,0,0.0,0.0,0.0,0.0,0.0,0.0,0.0,0.0,0.0,0.0,0.0,0.0,0.0,0.0,0.0,0.0,0,0.0,0.0,0.0,0.0,0.0,0.0,0.0,0.0,0.0,0.0,0.0,0.0,0.0,0.0,0.0,0.0,1,0.0,0.0,0.0,0.0,0.0,0.0,0.0,0.0,0.0,0.0,0.0,0.0,0.0,0.0,0.0,0.0,0.0,0.0,2,36,28,36,28,0,0,0,0,22,11,18,11,5,4,-1,0,2,22,12,16,8,4,2,2,2,29,18,17,10,6,4,6,6
41194,41,경기도,194,부천시소사구,1,1,1,1,0,0.0,0.0,0.0,0.0,0.0,0.0,0.0,0.0,0.0,0.0,0.0,0.0,0.0,0.0,0.0,0.0,0,0.0,0.0,0.0,0.0,0.0,0.0,0.0,0.0,0.0,0.0,0.0,0.0,0.0,0.0,0.0,0.0,0,0.0,0.0,0.0,0.0,0.0,0.0,0.0,0.0,0.0,0.0,0.0,0.0,0.0,0.0,0.0,0.0,0.0,0.0,1,8,8,8,8,0,0,0,0,11,11,7,7,4,4,0,0,1,10,10,8,8,2,2,0,0,11,11,7,7,4,4,0,0
41196,41,경기도,196,부천시오정구,1,1,1,1,0,0.0,0.0,0.0,0.0,0.0,0.0,0.0,0.0,0.0,0.0,0.0,0.0,0.0,0.0,0.0,0.0,0,0.0,0.0,0.0,0.0,0.0,0.0,0.0,0.0,0.0,0.0,0.0,0.0,0.0,0.0,0.0,0.0,1,2085.0,2085.0,2085.0,2085.0,2085.0,2085.0,2085.0,2085.0,2085.0,2085.0,2085.0,2085.0,2085.0,2085.0,2085.0,2085.0,0.0,0.0,2,35,27,33,25,0,0,2,2,29,18,17,10,6,4,6,6,1,12,12,8,8,2,2,2,2,18,18,10,10,2,2,6,6
41210,41,경기도,210,광명시,1,1,1,1,7,0.0,0.0,0.0,0.0,0.0,0.0,0.0,0.0,0.0,0.0,0.0,0.0,0.0,0.0,0.0,0.0,7,7.0,7.0,7.0,7.0,0.0,0.0,0.0,0.0,0.0,0.0,0.0,0.0,0.0,0.0,7.0,7.0,8,4100.0,1830.0,4140.0,1830.0,6290.0,2210.0,6325.0,2210.0,7470.0,2210.0,7570.0,2210.0,11205.0,2210.0,4100.0,1830.0,0.0,0.0,4,92,29,71,24,7,4,14,11,39,19,31,12,0,0,8,7,3,29,14,13,13,8,4,4,3,42,19,12,12,18,9,12,7
41220,41,경기도,220,평택시,1,1,1,1,19,0.0,0.0,0.0,0.0,42.0,18.0,1.0,1.0,230.0,137.0,214.0,131.0,198.0,124.0,0.0,0.0,19,191.0,118.0,178.0,112.0,0.0,0.0,0.0,0.0,1020.0,265.0,1005.0,260.0,1195.0,330.0,191.0,118.0,21,15010.0,1480.0,15025.0,1485.0,17155.0,1745.0,18620.0,1745.0,18775.0,1745.0,20220.0,1745.0,21215.0,1745.0,15010.0,1480.0,0.0,0.0,12,310,40,248,40,24,12,38,11,126,15,75,12,8,2,43,8,4,50,16,13,9,19,11,18,6,70,20,25,15,18,10,27,12
41250,41,경기도,250,동두천시,1,1,1,1,1,0.0,0.0,0.0,0.0,0.0,0.0,0.0,0.0,0.0,0.0,0.0,0.0,0.0,0.0,0.0,0.0,1,0.0,0.0,0.0,0.0,0.0,0.0,0.0,0.0,0.0,0.0,0.0,0.0,0.0,0.0,0.0,0.0,2,2695.0,1735.0,2710.0,1745.0,2720.0,1750.0,2765.0,1750.0,2780.0,1760.0,2790.0,1770.0,3280.0,2255.0,2695.0,1735.0,0.0,0.0,2,29,29,26,26,0,0,3,3,20,12,14,10,4,2,2,2,2,16,8,6,6,6,4,4,4,24,12,10,10,8,6,6,6
41271,41,경기도,271,안산시상록구,1,1,1,1,5,0.0,0.0,0.0,0.0,179.0,111.0,162.0,109.0,160.0,109.0,151.0,109.0,153.0,109.0,0.0,0.0,5,163.0,109.0,169.0,108.0,1285.0,745.0,1220.0,710.0,990.0,510.0,1205.0,705.0,1180.0,690.0,163.0,109.0,7,7525.0,2170.0,8110.0,2170.0,8130.0,2170.0,8215.0,2175.0,8220.0,2180.0,8235.0,2190.0,8255.0,2190.0,7525.0,2170.0,0.0,0.0,7,128,26,84,26,12,5,32,16,60,10,43,9,9,4,8,4,1,4,4,4,4,0,0,0,0,9,9,7,7,2,2,0,0
41273,41,경기도,273,안산시단원구,1,1,1,1,9,0.0,0.0,0.0,0.0,222.0,111.0,196.0,109.0,192.0,109.0,191.0,109.0,185.0,109.0,0.0,0.0,9,177.0,109.0,170.0,108.0,1695.0,745.0,1570.0,710.0,1320.0,510.0,1535.0,705.0,1480.0,690.0,177.0,109.0,10,8545.0,2170.0,8555.0,2170.0,9285.0,2170.0,9295.0,2175.0,9305.0,2180.0,9375.0,2215.0,9395.0,2215.0,8545.0,2170.0,0.0,0.0,10,246,29,189,29,14,8,43,16,89,12,57,8,14,4,18,8,1,4,4,4,4,0,0,0,0,9,9,7,7,2,2,0,0
41281,41,경기도,281,고양시덕양구,1,1,1,1,9,0.0,0.0,0.0,0.0,0.0,0.0,0.0,0.0,0.0,0.0,0.0,0.0,0.0,0.0,0.0,0.0,9,0.0,0.0,0.0,0.0,0.0,0.0,0.0,0.0,0.0,0.0,0.0,0.0,0.0,0.0,0.0,0.0,10,0.0,0.0,0.0,0.0,3370.0,1360.0,5445.0,1400.0,5620.0,1460.0,6420.0,1605.0,9280.0,1675.0,0.0,0.0,0.0,0.0,8,216,33,177,33,10,6,29,9,88,16,58,16,16,8,14,6,4,32,9,20,8,9,6,3,3,54,16,28,12,14,8,12,6
41285,41,경기도,285,고양시일산동구,1,1,1,1,0,0.0,0.0,0.0,0.0,0.0,0.0,0.0,0.0,0.0,0.0,0.0,0.0,0.0,0.0,0.0,0.0,6,0.0,0.0,0.0,0.0,0.0,0.0,0.0,0.0,0.0,0.0,0.0,0.0,0.0,0.0,0.0,0.0,7,0.0,0.0,0.0,0.0,785.0,785.0,1295.0,805.0,1815.0,805.0,3880.0,1180.0,5060.0,1195.0,0.0,0.0,0.0,0.0,5,137,33,124,33,6,6,7,3,64,16,40,16,16,8,8,6,4,32,9,20,8,9,6,3,3,54,16,28,12,14,8,12,6
41287,41,경기도,287,고양시일산서구,1,1,1,1,7,0.0,0.0,0.0,0.0,0.0,0.0,0.0,0.0,0.0,0.0,0.0,0.0,0.0,0.0,0.0,0.0,7,0.0,0.0,0.0,0.0,0.0,0.0,0.0,0.0,0.0,0.0,0.0,0.0,0.0,0.0,0.0,0.0,8,1115.0,605.0,1125.0,605.0,2335.0,800.0,2870.0,805.0,3420.0,820.0,4460.0,1180.0,5655.0,1195.0,1115.0,605.0,0.0,0.0,7,187,33,157,33,15,6,15,8,88,16,50,16,16,8,22,8,4,32,9,20,8,9,6,3,3,54,16,28,12,14,8,12,6
41290,41,경기도,290,과천시,1,1,1,1,2,0.0,0.0,0.0,0.0,0.0,0.0,3.0,3.0,0.0,0.0,0.0,0.0,0.0,0.0,0.0,0.0,2,0.0,0.0,0.0,0.0,0.0,0.0,0.0,0.0,0.0,0.0,0.0,0.0,0.0,0.0,0.0,0.0,2,0.0,0.0,0.0,0.0,0.0,0.0,0.0,0.0,0.0,0.0,0.0,0.0,2230.0,1190.0,0.0,0.0,0.0,0.0,1,29,29,27,27,2,2,0,0,8,8,6,6,2,2,0,0,3,14,5,10,4,3,2,1,1,68,25,57,21,6,3,5,3
41310,41,경기도,310,구리시,1,1,1,1,4,0.0,0.0,0.0,0.0,0.0,0.0,0.0,0.0,22.0,13.0,22.0,13.0,22.0,13.0,0.0,0.0,4,22.0,13.0,22.0,13.0,0.0,0.0,0.0,0.0,210.0,210.0,210.0,210.0,265.0,240.0,22.0,13.0,4,750.0,750.0,750.0,750.0,2835.0,1520.0,2895.0,1525.0,3065.0,1525.0,3670.0,1540.0,3835.0,1560.0,750.0,750.0,0.0,0.0,2,52,28,44,24,4,4,4,4,20,12,10,6,0,0,10,6,1,11,11,10,10,0,0,1,1,12,12,7,7,0,0,5,5
41360,41,경기도,360,남양주시,1,1,1,1,0,0.0,0.0,0.0,0.0,0.0,0.0,0.0,0.0,0.0,0.0,0.0,0.0,0.0,0.0,0.0,0.0,12,179.0,72.0,237.0,72.0,0.0,0.0,0.0,0.0,210.0,210.0,210.0,210.0,960.0,310.0,179.0,72.0,12,3110.0,1120.0,3280.0,1235.0,7830.0,1385.0,8085.0,1385.0,9580.0,1410.0,10635.0,1450.0,11760.0,1600.0,3110.0,1120.0,0.0,0.0,8,205,28,165,24,6,4,34,12,78,12,45,10,5,2,28,8,3,27,11,16,10,6,4,5,2,42,18,15,8,20,16,7,5
41370,41,경기도,370,오산시,1,1,1,1,0,0.0,0.0,0.0,0.0,0.0,0.0,0.0,0.0,0.0,0.0,0.0,0.0,0.0,0.0,0.0,0.0,9,145.0,130.0,148.0,129.0,235.0,200.0,1035.0,600.0,1065.0,600.0,1040.0,600.0,1035.0,600.0,145.0,130.0,9,8055.0,1215.0,8480.0,1435.0,8485.0,1435.0,8690.0,1435.0,8720.0,1435.0,8785.0,1440.0,8810.0,1450.0,8055.0,1215.0,0.0,0.0,6,172,32,146,32,20,11,6,2,60,12,36,9,3,2,21,7,1,6,6,5,5,0,0,1,1,17,17,17,17,0,0,0,0
41390,41,경기도,390,시흥시,1,1,1,1,17,0.0,0.0,0.0,0.0,187.0,111.0,183.0,109.0,180.0,109.0,288.0,109.0,284.0,109.0,0.0,0.0,17,285.0,109.0,279.0,109.0,670.0,390.0,610.0,360.0,570.0,330.0,960.0,370.0,935.0,370.0,285.0,109.0,20,13855.0,1830.0,13935.0,1830.0,16320.0,2210.0,16605.0,2210.0,16650.0,2210.0,16665.0,2210.0,18870.0,2210.0,13855.0,1830.0,0.0,0.0,16,356,48,275,30,23,10,58,16,141,19,87,12,16,4,38,8,4,35,10,18,6,9,4,8,3,35,11,15,6,13,9,7,4
41410,41,경기도,410,군포시,1,1,1,1,3,0.0,0.0,0.0,0.0,84.0,56.0,55.0,47.0,52.0,46.0,42.0,38.0,42.0,40.0,0.0,0.0,3,52.0,51.0,58.0,58.0,0.0,0.0,0.0,0.0,0.0,0.0,0.0,0.0,0.0,0.0,52.0,51.0,5,4200.0,1825.0,5680.0,1825.0,5710.0,1825.0,5785.0,1825.0,6370.0,1825.0,6405.0,1825.0,6425.0,1825.0,4200.0,1825.0,0.0,0.0,5,79,27,59,27,7,5,13,13,50,11,40,10,8,4,2,2,3,26,10,10,6,6,4,10,6,39,18,17,11,8,4,14,14
41430,41,경기도,430,의왕시,1,1,1,1,6,0.0,0.0,0.0,0.0,85.0,56.0,55.0,47.0,52.0,46.0,208.0,166.0,208.0,166.0,0.0,0.0,6,218.0,166.0,344.0,166.0,75.0,75.0,90.0,90.0,80.0,80.0,495.0,450.0,480.0,450.0,218.0,166.0,7,3280.0,810.0,4505.0,1235.0,4535.0,1255.0,5650.0,1330.0,5885.0,1330.0,5885.0,1330.0,7145.0,1340.0,3280.0,810.0,0.0,0.0,5,108,28,86,28,9,5,13,13,48,11,43,10,3,1,2,2,0,0,0,0,0,0,0,0,0,0,0,0,0,0,0,0,0
41450,41,경기도,450,하남시,1,1,1,1,8,0.0,0.0,0.0,0.0,1.0,1.0,45.0,44.0,43.0,42.0,35.0,34.0,31.0,30.0,0.0,0.0,8,30.0,29.0,29.0,28.0,0.0,0.0,145.0,145.0,145.0,145.0,145.0,145.0,145.0,145.0,30.0,29.0,9,2380.0,525.0,7105.0,2105.0,7230.0,2105.0,7240.0,2105.0,10270.0,2290.0,10660.0,2295.0,10685.0,2305.0,2380.0,525.0,0.0,0.0,7,197,35,163,34,7,7,27,12,64,13,51,9,1,1,12,5,3,22,10,6,4,10,10,6,4,38,15,17,9,11,9,10,6
41461,41,경기도,461,용인시처인구,1,1,1,1,10,0.0,0.0,0.0,0.0,18.0,18.0,0.0,0.0,0.0,0.0,0.0,0.0,0.0,0.0,0.0,0.0,10,0.0,0.0,77.0,77.0,0.0,0.0,0.0,0.0,0.0,0.0,0.0,0.0,0.0,0.0,0.0,0.0,10,8500.0,1285.0,8675.0,1320.0,8685.0,1320.0,10825.0,1875.0,11250.0,1935.0,11275.0,1935.0,11890.0,1935.0,8500.0,1285.0,39.0,39.0,8,214,30,147,30,25,18,42,16,76,12,46,10,6,2,24,7,10,125,22,28,7,69,22,28,7,165,19,51,17,54,14,60,18
41463,41,경기도,463,용인시기흥구,1,1,1,1,10,0.0,0.0,0.0,0.0,1.0,1.0,10.0,10.0,7.0,7.0,10.0,10.0,7.0,7.0,0.0,0.0,10,5.0,5.0,18.0,16.0,0.0,0.0,0.0,0.0,0.0,0.0,0.0,0.0,0.0,0.0,5.0,5.0,10,7740.0,1330.0,9080.0,2235.0,10040.0,2235.0,10070.0,2265.0,10070.0,2265.0,10070.0,2265.0,11780.0,2265.0,7740.0,1330.0,0.0,0.0,8,195,29,132,25,13,4,50,14,81,14,51,14,12,4,18,7,10,125,22,28,7,69,22,28,7,165,19,51,17,54,14,60,18
41465,41,경기도,465,용인시수지구,1,1,1,1,3,0.0,0.0,0.0,0.0,0.0,0.0,0.0,0.0,0.0,0.0,0.0,0.0,98.0,98.0,0.0,0.0,3,97.0,97.0,96.0,96.0,0.0,0.0,0.0,0.0,0.0,0.0,0.0,0.0,0.0,0.0,97.0,97.0,4,2275.0,905.0,2275.0,905.0,2275.0,905.0,2275.0,905.0,2275.0,905.0,2275.0,905.0,2310.0,940.0,2275.0,905.0,0.0,0.0,3,81,29,57,26,2,1,22,19,28,12,14,6,2,2,12,6,10,125,22,28,7,69,22,28,7,165,19,51,17,54,14,60,18
41480,41,경기도,480,파주시,1,1,1,1,0,0.0,0.0,0.0,0.0,0.0,0.0,0.0,0.0,0.0,0.0,0.0,0.0,0.0,0.0,0.0,0.0,12,25.0,25.0,36.0,36.0,0.0,0.0,0.0,0.0,0.0,0.0,0.0,0.0,300.0,300.0,25.0,25.0,14,3755.0,880.0,3865.0,915.0,5250.0,1345.0,7895.0,1360.0,8025.0,1365.0,10695.0,1555.0,14400.0,1940.0,3755.0,880.0,29.65,29.65,9,233,33,151,23,27,7,55,16,94,16,56,10,14,8,24,8,4,35,10,14,8,8,4,13,6,62,18,16,10,20,8,26,12
41500,41,경기도,500,이천시,1,1,1,1,7,0.0,0.0,0.0,0.0,18.0,18.0,0.0,0.0,0.0,0.0,0.0,0.0,0.0,0.0,0.0,0.0,7,0.0,0.0,0.0,0.0,0.0,0.0,0.0,0.0,0.0,0.0,0.0,0.0,0.0,0.0,0.0,0.0,7,5345.0,1355.0,7535.0,1555.0,7565.0,1555.0,7995.0,1560.0,8385.0,1935.0,8490.0,1935.0,8600.0,1935.0,5345.0,1355.0,0.0,0.0,6,166,33,129,33,4,3,33,16,63,12,40,11,4,2,19,7,1,8,8,6,6,0,0,2,2,19,19,12,12,0,0,7,7
41550,41,경기도,550,안성시,1,1,1,1,7,0.0,0.0,0.0,0.0,5.0,5.0,0.0,0.0,0.0,0.0,0.0,0.0,0.0,0.0,0.0,0.0,7,0.0,0.0,0.0,0.0,0.0,0.0,0.0,0.0,0.0,0.0,0.0,0.0,250.0,250.0,0.0,0.0,8,7640.0,1945.0,7645.0,1945.0,7645.0,1945.0,8770.0,1945.0,9650.0,1960.0,9650.0,1960.0,10030.0,2085.0,7640.0,1945.0,0.0,0.0,5,113,33,97,32,3,2,13,7,45,12,19,8,6,2,20,7,3,33,12,19,9,5,3,9,6,44,18,33,15,2,2,9,4
41570,41,경기도,570,김포시,1,1,1,1,0,0.0,0.0,0.0,0.0,0.0,0.0,0.0,0.0,0.0,0.0,0.0,0.0,0.0,0.0,0.0,0.0,12,0.0,0.0,0.0,0.0,0.0,0.0,0.0,0.0,0.0,0.0,0.0,0.0,0.0,0.0,0.0,0.0,12,3590.0,1165.0,5455.0,1750.0,6370.0,1805.0,6935.0,1810.0,6975.0,1810.0,7055.0,1810.0,8200.0,1810.0,3590.0,1165.0,0.0,0.0,8,203,28,195,27,3,2,5,3,74,16,43,8,18,7,13,4,3,27,10,15,9,4,4,8,6,37,16,20,12,10,5,7,4
41590,41,경기도,590,화성시,1,1,1,1,19,0.0,0.0,0.0,0.0,51.0,50.0,54.0,54.0,58.0,51.0,62.0,59.0,57.0,57.0,0.0,0.0,19,209.0,154.0,279.0,151.0,125.0,90.0,715.0,600.0,755.0,600.0,720.0,600.0,700.0,600.0,209.0,154.0,20,15470.0,1825.0,17710.0,2235.0,19275.0,2235.0,20165.0,2265.0,20570.0,2265.0,21820.0,2265.0,22320.0,2265.0,15470.0,1825.0,19.8,19.8,16,395,32,316,32,27,9,52,8,147,12,94,10,9,4,44,8,5,46,10,15,10,19,9,12,6,65,18,17,17,19,9,29,12
41591,41,경기도,591,화성시만세구,1,1,1,1,0,0.0,0.0,0.0,0.0,0.0,0.0,0.0,0.0,0.0,0.0,0.0,0.0,0.0,0.0,0.0,0.0,0,0.0,0.0,0.0,0.0,0.0,0.0,0.0,0.0,0.0,0.0,0.0,0.0,0.0,0.0,0.0,0.0,6,985.0,985.0,1000.0,1000.0,1765.0,1010.0,4500.0,1375.0,4545.0,1395.0,6170.0,1715.0,7675.0,2290.0,985.0,985.0,0.0,0.0,1,16,16,16,16,0,0,0,0,10,10,10,10,0,0,0,0,0,0,0,0,0,0,0,0,0,0,0,0,0,0,0,0,0
41593,41,경기도,593,화성시효행구,1,1,1,1,0,0.0,0.0,0.0,0.0,0.0,0.0,0.0,0.0,0.0,0.0,0.0,0.0,0.0,0.0,0.0,0.0,0,0.0,0.0,0.0,0.0,0.0,0.0,0.0,0.0,0.0,0.0,0.0,0.0,0.0,0.0,0.0,0.0,0,0.0,0.0,0.0,0.0,0.0,0.0,0.0,0.0,0.0,0.0,0.0,0.0,0.0,0.0,0.0,0.0,0.0,0.0,0,0,0,0,0,0,0,0,0,0,0,0,0,0,0,0,0,0,0,0,0,0,0,0,0,0,0,0,0,0,0,0,0,0
41595,41,경기도,595,화성시병점구,1,1,1,1,0,0.0,0.0,0.0,0.0,0.0,0.0,0.0,0.0,0.0,0.0,0.0,0.0,0.0,0.0,0.0,0.0,0,0.0,0.0,0.0,0.0,0.0,0.0,0.0,0.0,0.0,0.0,0.0,0.0,0.0,0.0,0.0,0.0,0,0.0,0.0,0.0,0.0,0.0,0.0,0.0,0.0,0.0,0.0,0.0,0.0,0.0,0.0,0.0,0.0,0.0,0.0,0,0,0,0,0,0,0,0,0,0,0,0,0,0,0,0,0,0,0,0,0,0,0,0,0,0,0,0,0,0,0,0,0,0
41597,41,경기도,597,화성시동탄구,1,1,1,1,0,0.0,0.0,0.0,0.0,0.0,0.0,0.0,0.0,0.0,0.0,0.0,0.0,0.0,0.0,0.0,0.0,0,0.0,0.0,0.0,0.0,0.0,0.0,0.0,0.0,0.0,0.0,0.0,0.0,0.0,0.0,0.0,0.0,2,1060.0,1060.0,1070.0,1070.0,1075.0,1075.0,1245.0,1245.0,1255.0,1255.0,1270.0,1270.0,1275.0,1275.0,1060.0,1060.0,0.0,0.0,1,27,27,25,25,0,0,2,2,17,17,17,17,0,0,0,0,0,0,0,0,0,0,0,0,0,0,0,0,0,0,0,0,0
41610,41,경기도,610,광주시,1,1,1,1,7,0.0,0.0,0.0,0.0,18.0,18.0,0.0,0.0,0.0,0.0,0.0,0.0,0.0,0.0,0.0,0.0,7,0.0,0.0,0.0,0.0,0.0,0.0,0.0,0.0,0.0,0.0,0.0,0.0,0.0,0.0,0.0,0.0,8,6780.0,1395.0,6845.0,1395.0,6845.0,1395.0,8560.0,1560.0,10060.0,1935.0,10075.0,1935.0,11320.0,2275.0,6780.0,1395.0,0.0,0.0,5,136,32,106,32,10,10,20,16,54,15,35,13,4,2,15,8,2,18,10,6,6,6,6,6,4,37,19,12,12,11,11,14,7
41630,41,경기도,630,양주시,1,1,1,1,0,0.0,0.0,0.0,0.0,0.0,0.0,0.0,0.0,0.0,0.0,0.0,0.0,0.0,0.0,0.0,0.0,11,10.0,10.0,65.0,55.0,0.0,0.0,0.0,0.0,0.0,0.0,0.0,0.0,280.0,280.0,10.0,10.0,14,7850.0,1735.0,8035.0,1745.0,10015.0,1750.0,11420.0,1750.0,12860.0,1760.0,13690.0,1770.0,14565.0,2255.0,7850.0,1735.0,0.0,0.0,10,196,29,144,26,10,5,42,11,88,14,62,12,10,4,16,8,7,60,10,24,6,21,6,15,6,92,18,36,12,32,8,24,12
41650,41,경기도,650,포천시,1,1,1,1,0,0.0,0.0,0.0,0.0,0.0,0.0,0.0,0.0,0.0,0.0,0.0,0.0,0.0,0.0,0.0,0.0,7,196.0,55.0,207.0,55.0,0.0,0.0,0.0,0.0,0.0,0.0,235.0,235.0,1965.0,710.0,196.0,55.0,8,6370.0,1735.0,6495.0,1745.0,7430.0,1750.0,7790.0,1750.0,7880.0,1760.0,9045.0,1770.0,9545.0,2255.0,6370.0,1735.0,0.0,0.0,5,105,28,65,19,4,4,36,12,44,12,28,10,2,2,14,8,2,18,10,12,6,4,2,2,2,24,12,18,10,6,4,0,0
41670,41,경기도,670,여주시,1,1,1,1,6,0.0,0.0,0.0,0.0,5.0,5.0,0.0,0.0,0.0,0.0,0.0,0.0,0.0,0.0,0.0,0.0,6,0.0,0.0,0.0,0.0,0.0,0.0,0.0,0.0,0.0,0.0,0.0,0.0,0.0,0.0,0.0,0.0,6,3345.0,1255.0,3980.0,1535.0,4010.0,1535.0,5035.0,1560.0,5410.0,1935.0,5505.0,1935.0,7470.0,1935.0,3345.0,1255.0,0.0,0.0,4,109,33,95,33,3,3,11,11,38,12,30,11,0,0,8,4,0,0,0,0,0,0,0,0,0,0,0,0,0,0,0,0,0
41800,41,경기도,800,연천군,1,1,1,1,2,0.0,0.0,0.0,0.0,0.0,0.0,0.0,0.0,0.0,0.0,0.0,0.0,8.0,8.0,0.0,0.0,2,8.0,8.0,8.0,8.0,0.0,0.0,0.0,0.0,0.0,0.0,0.0,0.0,600.0,600.0,8.0,8.0,3,3085.0,1735.0,3120.0,1745.0,3435.0,1750.0,3575.0,1750.0,3590.0,1760.0,3685.0,1770.0,4175.0,2255.0,3085.0,1735.0,0.0,0.0,3,56,31,28,18,6,4,22,13,35,12,18,10,3,2,14,8,1,8,8,6,6,2,2,0,0,12,12,10,10,2,2,0,0
41820,41,경기도,820,가평군,1,1,1,1,5,0.0,0.0,0.0,0.0,103.0,72.0,101.0,72.0,109.0,72.0,108.0,72.0,147.0,72.0,0.0,0.0,5,146.0,72.0,192.0,72.0,500.0,410.0,645.0,410.0,865.0,410.0,930.0,410.0,1285.0,410.0,146.0,72.0,5,1440.0,890.0,1455.0,905.0,2385.0,905.0,2815.0,1070.0,3305.0,1075.0,3345.0,1075.0,3360.0,1080.0,1440.0,890.0,0.0,0.0,4,96,28,49,16,0,0,47,17,40,12,15,5,4,2,21,8,0,0,0,0,0,0,0,0,0,0,0,0,0,0,0,0,0
41830,41,경기도,830,양평군,1,1,1,1,5,0.0,0.0,0.0,0.0,72.0,72.0,72.0,72.0,149.0,72.0,149.0,72.0,149.0,72.0,0.0,0.0,5,149.0,72.0,149.0,72.0,410.0,410.0,410.0,410.0,530.0,410.0,530.0,410.0,1035.0,625.0,149.0,72.0,5,3620.0,1255.0,5725.0,2105.0,5750.0,2105.0,6245.0,2105.0,6795.0,2265.0,6855.0,2275.0,6985.0,2280.0,3620.0,1255.0,0.0,0.0,5,119,30,76,22,6,6,37,12,45,13,33,10,0,0,12,4,0,0,0,0,0,0,0,0,0,0,0,0,0,0,0,0,0
43111,43,충청북도,111,청주시상당구,1,1,1,1,6,0.0,0.0,0.0,0.0,0.0,0.0,0.0,0.0,0.0,0.0,0.0,0.0,0.0,0.0,0.0,0.0,6,0.0,0.0,166.0,166.0,0.0,0.0,0.0,0.0,0.0,0.0,0.0,0.0,0.0,0.0,0.0,0.0,6,0.0,0.0,0.0,0.0,0.0,0.0,0.0,0.0,0.0,0.0,2775.0,830.0,3420.0,860.0,0.0,0.0,0.0,0.0,5,118,31,95,31,5,4,18,10,54,20,42,20,5,2,7,3,2,14,8,8,4,0,0,6,4,38,20,29,20,6,6,3,3
43112,43,충청북도,112,청주시서원구,1,1,1,1,4,0.0,0.0,0.0,0.0,0.0,0.0,0.0,0.0,0.0,0.0,0.0,0.0,0.0,0.0,0.0,0.0,4,0.0,0.0,0.0,0.0,0.0,0.0,0.0,0.0,0.0,0.0,0.0,0.0,0.0,0.0,0.0,0.0,4,0.0,0.0,0.0,0.0,0.0,0.0,0.0,0.0,0.0,0.0,2425.0,945.0,2470.0,955.0,0.0,0.0,0.0,0.0,4,92,27,72,25,5,4,15,10,48,20,42,20,1,2,5,3,2,14,8,8,4,0,0,6,4,38,20,29,20,6,6,3,3
43113,43,충청북도,113,청주시흥덕구,1,1,1,1,0,0.0,0.0,0.0,0.0,0.0,0.0,0.0,0.0,0.0,0.0,0.0,0.0,0.0,0.0,0.0,0.0,8,0.0,0.0,0.0,0.0,0.0,0.0,0.0,0.0,0.0,0.0,0.0,0.0,0.0,0.0,0.0,0.0,8,4055.0,2290.0,5370.0,2295.0,5380.0,2300.0,5390.0,2305.0,5440.0,2310.0,8335.0,2320.0,8820.0,2330.0,4055.0,2290.0,0.0,0.0,8,189,32,142,31,9,4,38,17,96,20,80,20,2,3,14,5,2,14,8,8,4,0,0,6,4,38,20,29,20,6,6,3,3
43114,43,충청북도,114,청주시청원구,1,1,1,1,7,0.0,0.0,0.0,0.0,4.0,4.0,2.0,2.0,5.0,5.0,2.0,2.0,0.0,0.0,0.0,0.0,7,0.0,0.0,0.0,0.0,0.0,0.0,0.0,0.0,0.0,0.0,0.0,0.0,0.0,0.0,0.0,0.0,7,1765.0,1580.0,1775.0,1590.0,1785.0,1600.0,1790.0,1605.0,1800.0,1615.0,4450.0,1635.0,4910.0,1645.0,1765.0,1580.0,0.0,0.0,6,132,31,98,31,6,4,28,9,71,20,63,20,2,2,6,3,2,14,8,8,4,0,0,6,4,38,20,29,20,6,6,3,3
43130,43,충청북도,130,충주시,1,1,1,1,9,0.0,0.0,0.0,0.0,268.0,109.0,253.0,100.0,404.0,166.0,388.0,166.0,363.0,166.0,0.0,0.0,9,339.0,166.0,490.0,166.0,1870.0,675.0,1595.0,560.0,1825.0,565.0,910.0,315.0,1615.0,550.0,339.0,166.0,10,0.0,0.0,0.0,0.0,0.0,0.0,0.0,0.0,0.0,0.0,690.0,125.0,3550.0,640.0,0.0,0.0,0.0,0.0,7,173,27,116,27,1,1,56,17,70,16,54,16,4,3,12,5,1,9,9,5,5,4,4,0,0,16,16,16,16,0,0,0,0
43150,43,충청북도,150,제천시,1,1,1,1,2,0.0,0.0,0.0,0.0,60.0,31.0,42.0,25.0,37.0,22.0,33.0,20.0,17.0,17.0,0.0,0.0,2,22.0,14.0,18.0,12.0,555.0,390.0,755.0,590.0,955.0,775.0,275.0,185.0,210.0,210.0,22.0,14.0,3,0.0,0.0,0.0,0.0,0.0,0.0,0.0,0.0,0.0,0.0,295.0,145.0,3095.0,1845.0,0.0,0.0,0.0,0.0,3,50,26,37,20,1,1,12,8,39,20,30,18,5,3,4,3,1,9,9,7,7,0,0,2,2,20,20,18,18,2,2,0,0
43720,43,충청북도,720,보은군,1,1,1,1,1,0.0,0.0,0.0,0.0,0.0,0.0,0.0,0.0,0.0,0.0,0.0,0.0,0.0,0.0,0.0,0.0,1,71.0,71.0,69.0,69.0,0.0,0.0,0.0,0.0,0.0,0.0,0.0,0.0,0.0,0.0,71.0,71.0,2,0.0,0.0,0.0,0.0,0.0,0.0,0.0,0.0,0.0,0.0,2335.0,1840.0,2360.0,1855.0,0.0,0.0,0.0,0.0,2,24,24,19,19,1,1,4,4,23,16,19,16,2,2,2,2,1,11,11,8,8,2,2,1,1,16,16,16,16,0,0,0,0
43730,43,충청북도,730,옥천군,1,1,1,1,1,0.0,0.0,0.0,0.0,0.0,0.0,0.0,0.0,0.0,0.0,0.0,0.0,0.0,0.0,0.0,0.0,1,0.0,0.0,0.0,0.0,0.0,0.0,0.0,0.0,0.0,0.0,0.0,0.0,0.0,0.0,0.0,0.0,2,0.0,0.0,0.0,0.0,0.0,0.0,0.0,0.0,0.0,0.0,2460.0,1840.0,2485.0,1855.0,0.0,0.0,0.0,0.0,2,34,34,16,16,1,1,17,17,24,16,24,16,0,0,0,0,1,11,11,8,8,2,2,1,1,16,16,16,16,0,0,0,0
43740,43,충청북도,740,영동군,1,1,1,1,1,0.0,0.0,0.0,0.0,0.0,0.0,5.0,5.0,0.0,0.0,0.0,0.0,0.0,0.0,0.0,0.0,1,9.0,9.0,3.0,3.0,0.0,0.0,0.0,0.0,0.0,0.0,0.0,0.0,0.0,0.0,9.0,9.0,2,0.0,0.0,0.0,0.0,0.0,0.0,0.0,0.0,0.0,0.0,2410.0,1840.0,2445.0,1855.0,0.0,0.0,0.0,0.0,2,21,21,15,15,0,0,6,6,22,16,19,16,2,2,1,1,1,11,11,8,8,2,2,1,1,16,16,16,16,0,0,0,0
43745,43,충청북도,745,증평군,1,1,1,1,2,0.0,0.0,0.0,0.0,0.0,0.0,0.0,0.0,0.0,0.0,0.0,0.0,0.0,0.0,0.0,0.0,2,0.0,0.0,0.0,0.0,0.0,0.0,0.0,0.0,0.0,0.0,0.0,0.0,0.0,0.0,0.0,0.0,2,0.0,0.0,0.0,0.0,0.0,0.0,0.0,0.0,0.0,0.0,55.0,55.0,290.0,290.0,0.0,0.0,0.0,0.0,2,40,27,30,21,4,4,6,6,31,20,27,20,0,0,4,4,1,6,6,4,4,2,2,0,0,17,17,15,15,2,2,0,0
43750,43,충청북도,750,진천군,1,1,1,1,6,0.0,0.0,0.0,0.0,4.0,4.0,2.0,2.0,5.0,5.0,2.0,2.0,0.0,0.0,0.0,0.0,6,0.0,0.0,0.0,0.0,0.0,0.0,0.0,0.0,0.0,0.0,0.0,0.0,0.0,0.0,0.0,0.0,6,185.0,185.0,185.0,185.0,185.0,185.0,185.0,185.0,185.0,185.0,2695.0,1335.0,3715.0,1345.0,185.0,185.0,0.0,0.0,5,113,30,99,28,1,1,13,6,53,17,44,15,-1,2,10,5,1,6,6,4,4,2,2,0,0,17,17,15,15,2,2,0,0
43760,43,충청북도,760,괴산군,1,1,1,1,5,0.0,0.0,0.0,0.0,30.0,30.0,30.0,30.0,30.0,30.0,30.0,30.0,30.0,30.0,0.0,0.0,5,30.0,30.0,25.0,25.0,30.0,30.0,30.0,30.0,30.0,30.0,30.0,30.0,30.0,30.0,30.0,30.0,5,0.0,0.0,0.0,0.0,0.0,0.0,0.0,0.0,0.0,0.0,220.0,60.0,915.0,290.0,0.0,0.0,0.0,0.0,4,89,27,55,22,0,0,34,17,39,16,29,16,2,1,8,4,1,9,9,5,5,4,4,0,0,16,16,16,16,0,0,0,0
43770,43,충청북도,770,음성군,1,1,1,1,8,0.0,0.0,0.0,0.0,70.0,66.0,65.0,63.0,65.0,60.0,58.0,56.0,52.0,52.0,0.0,0.0,8,48.0,48.0,42.0,42.0,95.0,95.0,100.0,100.0,200.0,200.0,0.0,0.0,0.0,0.0,48.0,48.0,8,185.0,185.0,185.0,185.0,185.0,185.0,185.0,185.0,185.0,185.0,1725.0,1010.0,3455.0,1020.0,185.0,185.0,0.0,0.0,7,167,30,141,28,0,0,26,9,74,17,67,16,1,2,6,3,1,9,9,5,5,4,4,0,0,16,16,16,16,0,0,0,0
43800,43,충청북도,800,단양군,1,1,1,1,1,0.0,0.0,0.0,0.0,27.0,27.0,25.0,25.0,23.0,23.0,21.0,21.0,19.0,19.0,0.0,0.0,1,17.0,17.0,15.0,15.0,180.0,180.0,190.0,190.0,205.0,205.0,215.0,215.0,235.0,235.0,17.0,17.0,2,0.0,0.0,0.0,0.0,0.0,0.0,0.0,0.0,0.0,0.0,705.0,580.0,2435.0,1845.0,0.0,0.0,0.0,0.0,2,17,17,14,14,0,0,3,3,33,20,30,18,3,2,0,0,1,9,9,7,7,0,0,2,2,20,20,18,18,2,2,0,0
44131,44,충청남도,131,천안시동남구,1,1,1,1,6,0.0,0.0,0.0,0.0,4.0,4.0,2.0,2.0,5.0,5.0,2.0,2.0,0.0,0.0,0.0,0.0,6,11.0,11.0,0.0,0.0,0.0,0.0,0.0,0.0,100.0,100.0,0.0,0.0,0.0,0.0,11.0,11.0,6,185.0,185.0,185.0,185.0,185.0,185.0,185.0,185.0,185.0,185.0,185.0,185.0,605.0,605.0,185.0,185.0,0.0,0.0,5,97,25,79,25,8,6,10,6,58,18,37,15,7,3,14,10,4,40,12,16,6,13,10,11,6,64,18,26,14,9,4,29,14
44133,44,충청남도,133,천안시서북구,1,1,1,1,11,0.0,0.0,0.0,0.0,4.0,4.0,2.0,2.0,5.0,5.0,2.0,2.0,0.0,0.0,0.0,0.0,11,0.0,0.0,0.0,0.0,0.0,0.0,0.0,0.0,100.0,100.0,0.0,0.0,0.0,0.0,0.0,0.0,11,185.0,185.0,185.0,185.0,185.0,185.0,185.0,185.0,185.0,185.0,185.0,185.0,605.0,605.0,185.0,185.0,0.0,0.0,11,236,27,203,27,10,7,23,8,123,18,80,15,19,4,24,10,4,40,12,16,6,13,10,11,6,64,18,26,14,9,4,29,14
44150,44,충청남도,150,공주시,1,1,1,1,4,0.0,0.0,0.0,0.0,2.0,2.0,2.0,2.0,0.0,0.0,0.0,0.0,0.0,0.0,0.0,0.0,4,0.0,0.0,0.0,0.0,185.0,185.0,185.0,185.0,105.0,105.0,0.0,0.0,0.0,0.0,0.0,0.0,4,0.0,0.0,0.0,0.0,0.0,0.0,0.0,0.0,0.0,0.0,0.0,0.0,0.0,0.0,0.0,0.0,0.0,0.0,3,66,28,39,26,0,0,27,20,29,12,14,6,0,0,15,6,0,0,0,0,0,0,0,0,0,0,0,0,0,0,0,0,0
44180,44,충청남도,180,보령시,1,1,1,1,3,0.0,0.0,0.0,0.0,78.0,78.0,76.0,76.0,73.0,73.0,67.0,67.0,64.0,64.0,0.0,0.0,3,60.0,60.0,57.0,57.0,695.0,695.0,685.0,685.0,470.0,470.0,510.0,510.0,455.0,455.0,60.0,60.0,5,0.0,0.0,0.0,0.0,0.0,0.0,0.0,0.0,0.0,0.0,0.0,0.0,0.0,0.0,0.0,0.0,15.0,15.0,2,37,26,25,19,2,2,10,5,20,12,12,6,0,0,8,6,0,0,0,0,0,0,0,0,0,0,0,0,0,0,0,0,0
44200,44,충청남도,200,아산시,1,1,1,1,11,0.0,0.0,0.0,0.0,10.0,10.0,0.0,0.0,45.0,45.0,0.0,0.0,0.0,0.0,0.0,0.0,11,0.0,0.0,0.0,0.0,10.0,10.0,0.0,0.0,145.0,100.0,0.0,0.0,0.0,0.0,0.0,0.0,12,0.0,0.0,0.0,0.0,0.0,0.0,0.0,0.0,0.0,0.0,0.0,0.0,0.0,0.0,0.0,0.0,39.6,19.8,7,121,26,100,23,13,5,8,4,81,18,53,14,8,3,20,10,2,18,12,10,6,3,2,5,5,34,18,22,14,2,2,10,10
44210,44,충청남도,210,서산시,1,1,1,1,8,0.0,0.0,0.0,0.0,124.0,114.0,118.0,112.0,112.0,111.0,126.0,110.0,122.0,109.0,0.0,0.0,8,284.0,166.0,279.0,166.0,1440.0,690.0,2245.0,820.0,2950.0,820.0,2895.0,905.0,2650.0,875.0,284.0,166.0,8,0.0,0.0,0.0,0.0,0.0,0.0,0.0,0.0,0.0,0.0,0.0,0.0,0.0,0.0,0.0,0.0,602.2417,320.0,6,140,27,93,21,21,9,26,16,71,18,44,16,6,4,21,11,2,26,16,0,0,8,6,18,10,36,18,0,0,16,12,20,14
44230,44,충청남도,230,논산시,1,1,1,1,4,0.0,0.0,0.0,0.0,44.0,44.0,22.0,22.0,19.0,19.0,16.0,16.0,14.0,14.0,0.0,0.0,4,177.0,166.0,174.0,166.0,625.0,625.0,605.0,605.0,525.0,525.0,345.0,345.0,355.0,355.0,177.0,166.0,4,0.0,0.0,0.0,0.0,0.0,0.0,0.0,0.0,0.0,0.0,0.0,0.0,0.0,0.0,0.0,0.0,0.0,0.0,3,55,24,36,21,11,6,8,5,36,16,22,10,0,0,14,6,1,10,10,2,2,8,8,0,0,16,16,10,10,0,0,6,6
44250,44,충청남도,250,계룡시,1,1,1,1,2,0.0,0.0,0.0,0.0,0.0,0.0,0.0,0.0,0.0,0.0,0.0,0.0,0.0,0.0,0.0,0.0,2,0.0,0.0,0.0,0.0,0.0,0.0,0.0,0.0,0.0,0.0,0.0,0.0,0.0,0.0,0.0,0.0,2,0.0,0.0,0.0,0.0,0.0,0.0,0.0,0.0,0.0,0.0,0.0,0.0,0.0,0.0,0.0,0.0,0.0,0.0,2,35,26,17,17,10,6,8,5,24,16,14,10,0,0,10,6,1,10,10,2,2,8,8,0,0,16,16,10,10,0,0,6,6
44270,44,충청남도,270,당진시,1,1,1,1,7,0.0,0.0,0.0,0.0,165.0,149.0,221.0,147.0,209.0,147.0,196.0,145.0,142.0,141.0,0.0,0.0,7,137.0,137.0,133.0,133.0,875.0,390.0,1695.0,430.0,1865.0,495.0,1770.0,470.0,1255.0,515.0,137.0,137.0,10,0.0,0.0,0.0,0.0,0.0,0.0,0.0,0.0,0.0,0.0,0.0,0.0,0.0,0.0,0.0,0.0,375.7624,142.9036,8,166,26,102,22,40,9,24,16,93,18,35,8,19,5,39,13,5,40,12,18,6,11,5,11,5,57,18,6,5,18,10,33,13
44710,44,충청남도,710,금산군,1,1,1,1,2,0.0,0.0,0.0,0.0,0.0,0.0,0.0,0.0,0.0,0.0,0.0,0.0,0.0,0.0,0.0,0.0,2,134.0,87.0,131.0,86.0,0.0,0.0,0.0,0.0,0.0,0.0,0.0,0.0,0.0,0.0,134.0,87.0,3,0.0,0.0,0.0,0.0,0.0,0.0,0.0,0.0,0.0,0.0,1840.0,1840.0,1855.0,1855.0,0.0,0.0,0.0,0.0,3,37,22,25,18,3,3,9,5,31,16,25,16,2,2,4,4,0,0,0,0,0,0,0,0,0,0,0,0,0,0,0,0,0
44760,44,충청남도,760,부여군,1,1,1,1,2,0.0,0.0,0.0,0.0,151.0,103.0,146.0,102.0,141.0,100.0,136.0,99.0,129.0,97.0,0.0,0.0,2,124.0,96.0,118.0,94.0,1150.0,705.0,1185.0,700.0,1175.0,605.0,800.0,450.0,810.0,450.0,124.0,96.0,3,0.0,0.0,0.0,0.0,0.0,0.0,0.0,0.0,0.0,0.0,1840.0,1840.0,1855.0,1855.0,0.0,0.0,0.0,0.0,3,51,27,31,16,3,3,17,12,36,16,26,16,0,0,10,8,0,0,0,0,0,0,0,0,0,0,0,0,0,0,0,0,0
44770,44,충청남도,770,서천군,1,1,1,1,1,0.0,0.0,0.0,0.0,0.0,0.0,0.0,0.0,45.0,45.0,40.0,40.0,36.0,36.0,0.0,0.0,1,30.0,30.0,23.0,23.0,0.0,0.0,0.0,0.0,435.0,435.0,420.0,420.0,415.0,415.0,30.0,30.0,2,0.0,0.0,0.0,0.0,0.0,0.0,0.0,0.0,0.0,0.0,1840.0,1840.0,1855.0,1855.0,0.0,0.0,0.0,0.0,3,38,26,23,17,6,6,9,6,33,16,25,16,3,2,5,5,0,0,0,0,0,0,0,0,0,0,0,0,0,0,0,0,0
44790,44,충청남도,790,청양군,1,1,1,1,1,0.0,0.0,0.0,0.0,0.0,0.0,0.0,0.0,0.0,0.0,0.0,0.0,0.0,0.0,0.0,0.0,1,0.0,0.0,0.0,0.0,0.0,0.0,0.0,0.0,0.0,0.0,0.0,0.0,0.0,0.0,0.0,0.0,2,0.0,0.0,0.0,0.0,0.0,0.0,0.0,0.0,0.0,0.0,1840.0,1840.0,1855.0,1855.0,0.0,0.0,0.0,0.0,2,11,11,6,6,0,0,5,5,28,16,22,16,0,0,6,6,1,10,10,10,10,0,0,0,0,12,12,6,6,0,0,6,6
44800,44,충청남도,800,홍성군,1,1,1,1,3,0.0,0.0,0.0,0.0,18.0,18.0,8.0,8.0,4.0,4.0,7.0,7.0,3.0,3.0,0.0,0.0,3,0.0,0.0,58.0,58.0,345.0,345.0,345.0,345.0,1175.0,680.0,1040.0,570.0,865.0,515.0,0.0,0.0,3,0.0,0.0,0.0,0.0,0.0,0.0,0.0,0.0,0.0,0.0,0.0,0.0,0.0,0.0,0.0,0.0,72.7588,72.7588,3,78,27,51,20,13,9,14,10,30,12,18,8,5,2,7,3,0,0,0,0,0,0,0,0,0,0,0,0,0,0,0,0,0
44810,44,충청남도,810,예산군,1,1,1,1,4,0.0,0.0,0.0,0.0,21.0,21.0,0.0,0.0,37.0,30.0,27.0,27.0,0.0,0.0,0.0,0.0,4,102.0,102.0,92.0,92.0,345.0,345.0,345.0,345.0,605.0,495.0,860.0,470.0,700.0,515.0,102.0,102.0,4,0.0,0.0,0.0,0.0,0.0,0.0,0.0,0.0,0.0,0.0,0.0,0.0,0.0,0.0,0.0,0.0,72.7588,72.7588,3,72,26,55,19,11,9,6,4,30,12,18,8,2,2,10,4,0,0,0,0,0,0,0,0,0,0,0,0,0,0,0,0,0
44825,44,충청남도,825,태안군,1,1,1,1,2,0.0,0.0,0.0,0.0,82.0,82.0,80.0,80.0,78.0,78.0,76.0,76.0,75.0,75.0,0.0,0.0,2,73.0,73.0,71.0,71.0,750.0,405.0,750.0,405.0,1070.0,575.0,1015.0,545.0,1110.0,595.0,73.0,73.0,3,0.0,0.0,0.0,0.0,0.0,0.0,0.0,0.0,0.0,0.0,0.0,0.0,0.0,0.0,0.0,0.0,89.4568,72.7588,2,50,26,33,17,13,9,4,4,18,10,10,6,5,3,3,2,0,0,0,0,0,0,0,0,0,0,0,0,0,0,0,0,0
47111,47,경상북도,111,포항시남구,1,1,1,1,7,0.0,0.0,0.0,0.0,459.0,123.0,342.0,90.0,402.0,122.0,372.0,122.0,340.0,121.0,0.0,0.0,7,307.0,120.0,286.0,120.0,1330.0,650.0,810.0,480.0,2160.0,635.0,2095.0,670.0,2280.0,685.0,307.0,120.0,8,1785.0,1095.0,1785.0,1095.0,2310.0,1620.0,2310.0,1620.0,2340.0,1650.0,6980.0,2110.0,6980.0,2110.0,1785.0,1095.0,321.2,145.6,6,94,24,71,18,10,4,13,5,68,16,40,11,12,6,16,8,1,12,12,4,4,2,2,6,6,15,15,8,8,5,5,2,2
47113,47,경상북도,113,포항시북구,1,1,1,1,5,0.0,0.0,0.0,0.0,365.0,138.0,246.0,82.0,326.0,122.0,308.0,116.0,286.0,103.0,0.0,0.0,5,262.0,90.0,242.0,83.0,615.0,160.0,185.0,50.0,1800.0,525.0,1655.0,450.0,1955.0,605.0,262.0,90.0,6,6080.0,1195.0,6085.0,1195.0,6860.0,1620.0,6865.0,1620.0,6990.0,1650.0,7015.0,1675.0,7015.0,1675.0,6080.0,1195.0,138.76,62.0,5,89,26,69,23,10,4,10,4,51,15,34,11,12,5,5,2,1,14,14,14,14,0,0,0,0,17,17,9,9,5,5,3,3
47130,47,경상북도,130,경주시,1,1,1,1,6,0.0,0.0,0.0,0.0,426.0,125.0,346.0,122.0,418.0,125.0,411.0,124.0,458.0,124.0,0.0,0.0,6,451.0,123.0,445.0,123.0,960.0,420.0,850.0,340.0,925.0,410.0,1095.0,435.0,1225.0,455.0,451.0,123.0,7,2850.0,1195.0,3415.0,1195.0,3415.0,1195.0,3415.0,1195.0,3505.0,1285.0,4905.0,1285.0,4905.0,1285.0,2850.0,1195.0,174.0,81.0,9,171,30,121,26,13,3,37,8,86,13,46,8,15,6,25,8,3,32,14,24,14,4,4,4,4,46,17,23,9,6,5,17,7
47150,47,경상북도,150,김천시,1,1,1,1,4,0.0,0.0,0.0,0.0,342.0,119.0,320.0,118.0,308.0,117.0,286.0,116.0,261.0,115.0,0.0,0.0,4,235.0,114.0,206.0,113.0,810.0,430.0,795.0,420.0,765.0,395.0,740.0,375.0,740.0,375.0,235.0,114.0,4,3040.0,925.0,3040.0,925.0,3040.0,925.0,3085.0,940.0,3115.0,945.0,3180.0,965.0,3195.0,965.0,3040.0,925.0,0.0,0.0,3,46,19,39,15,3,3,4,2,28,12,16,6,2,2,10,6,1,12,12,12,12,0,0,0,0,12,12,10,10,1,1,1,1
47170,47,경상북도,170,안동시,1,1,1,1,5,0.0,0.0,0.0,0.0,248.0,166.0,235.0,166.0,223.0,166.0,205.0,166.0,415.0,166.0,0.0,0.0,5,395.0,166.0,387.0,166.0,470.0,250.0,475.0,245.0,655.0,330.0,565.0,290.0,1675.0,685.0,395.0,166.0,5,0.0,0.0,0.0,0.0,0.0,0.0,0.0,0.0,0.0,0.0,1235.0,440.0,1435.0,500.0,0.0,0.0,0.0,0.0,4,99,32,63,19,9,5,27,17,29,8,22,7,3,1,4,2,1,15,15,8,8,2,2,5,5,13,13,11,11,2,2,0,0
47190,47,경상북도,190,구미시,1,1,1,1,9,0.0,0.0,0.0,0.0,118.0,82.0,113.0,80.0,176.0,79.0,165.0,76.0,159.0,75.0,0.0,0.0,9,349.0,78.0,334.0,77.0,625.0,400.0,620.0,395.0,640.0,410.0,625.0,400.0,620.0,390.0,349.0,78.0,10,535.0,535.0,535.0,535.0,645.0,645.0,645.0,645.0,645.0,645.0,5000.0,800.0,5070.0,800.0,535.0,535.0,20.0,20.0,8,160,32,120,27,12,6,28,10,102,24,73,16,19,6,10,4,2,26,14,16,12,2,2,8,8,50,38,28,18,8,7,14,13
47210,47,경상북도,210,영주시,1,1,1,1,6,0.0,0.0,0.0,0.0,196.0,109.0,194.0,108.0,193.0,108.0,191.0,107.0,356.0,166.0,0.0,0.0,6,521.0,166.0,685.0,166.0,690.0,420.0,630.0,340.0,715.0,410.0,760.0,435.0,1025.0,455.0,521.0,166.0,6,1010.0,775.0,1010.0,775.0,1130.0,775.0,1130.0,775.0,1130.0,775.0,1340.0,775.0,1610.0,775.0,1010.0,775.0,49.6,49.6,4,77,28,62,23,4,2,11,7,42,13,30,11,3,2,9,5,1,15,15,8,8,2,2,5,5,13,13,11,11,2,2,0,0
47230,47,경상북도,230,영천시,1,1,1,1,6,0.0,0.0,0.0,0.0,411.0,128.0,465.0,128.0,442.0,127.0,414.0,126.0,377.0,126.0,0.0,0.0,6,339.0,125.0,304.0,125.0,2510.0,735.0,2350.0,700.0,2515.0,720.0,2525.0,710.0,2515.0,695.0,339.0,125.0,6,6215.0,2100.0,6510.0,2385.0,6515.0,2385.0,6545.0,2410.0,6585.0,2440.0,6590.0,2440.0,6630.0,2465.0,6215.0,2100.0,49.6,49.6,6,135,33,98,28,4,2,33,9,59,12,39,11,1,1,19,8,1,14,14,8,8,2,2,4,4,19,19,19,19,0,0,0,0
47250,47,경상북도,250,상주시,1,1,1,1,0,0.0,0.0,0.0,0.0,0.0,0.0,0.0,0.0,0.0,0.0,0.0,0.0,0.0,0.0,0.0,0.0,4,402.0,142.0,394.0,142.0,0.0,0.0,0.0,0.0,50.0,50.0,0.0,0.0,0.0,0.0,402.0,142.0,6,0.0,0.0,0.0,0.0,0.0,0.0,0.0,0.0,0.0,0.0,1755.0,560.0,1760.0,560.0,0.0,0.0,0.0,0.0,4,83,31,54,23,3,2,26,13,55,24,34,16,10,4,11,5,2,29,15,12,8,4,2,13,8,51,38,29,18,9,7,13,13
47280,47,경상북도,280,문경시,1,1,1,1,3,0.0,0.0,0.0,0.0,0.0,0.0,0.0,0.0,110.0,60.0,0.0,0.0,0.0,0.0,0.0,0.0,3,298.0,105.0,295.0,104.0,0.0,0.0,0.0,0.0,110.0,60.0,0.0,0.0,0.0,0.0,298.0,105.0,3,0.0,0.0,0.0,0.0,0.0,0.0,0.0,0.0,0.0,0.0,630.0,210.0,650.0,220.0,0.0,0.0,36.0,36.0,3,81,31,39,19,3,2,39,18,25,10,13,7,8,8,4,4,1,15,15,8,8,2,2,5,5,13,13,11,11,2,2,0,0
47290,47,경상북도,290,경산시,1,1,1,1,5,0.0,0.0,0.0,0.0,396.0,108.0,368.0,99.0,346.0,91.0,313.0,85.0,280.0,78.0,0.0,0.0,5,245.0,69.0,205.0,59.0,1475.0,680.0,1115.0,690.0,2085.0,740.0,2005.0,700.0,1920.0,685.0,245.0,69.0,6,6900.0,2100.0,7690.0,2385.0,7945.0,2385.0,8005.0,2410.0,8060.0,2440.0,8080.0,2440.0,8140.0,2465.0,6900.0,2100.0,0.0,0.0,5,106,33,84,28,4,2,18,5,42,11,27,11,7,5,8,4,1,14,14,8,8,2,2,4,4,19,19,19,19,0,0,0,0
47730,47,경상북도,730,의성군,1,1,1,1,3,0.0,0.0,0.0,0.0,132.0,132.0,298.0,166.0,297.0,166.0,297.0,166.0,374.0,166.0,0.0,0.0,3,373.0,166.0,371.0,166.0,245.0,245.0,470.0,285.0,565.0,350.0,585.0,345.0,1300.0,685.0,373.0,166.0,4,0.0,0.0,0.0,0.0,0.0,0.0,0.0,0.0,0.0,0.0,780.0,370.0,830.0,370.0,0.0,0.0,0.0,0.0,3,53,33,25,13,7,5,21,18,38,24,25,16,4,4,9,4,1,14,14,4,4,2,2,8,8,38,38,18,18,7,7,13,13
47750,47,경상북도,750,청송군,1,1,1,1,1,0.0,0.0,0.0,0.0,0.0,0.0,0.0,0.0,0.0,0.0,0.0,0.0,108.0,108.0,0.0,0.0,1,107.0,107.0,106.0,106.0,0.0,0.0,0.0,0.0,0.0,0.0,0.0,0.0,0.0,0.0,107.0,107.0,1,0.0,0.0,0.0,0.0,0.0,0.0,0.0,0.0,0.0,0.0,0.0,0.0,720.0,720.0,0.0,0.0,77.84,77.84,0,0,0,0,0,0,0,0,0,0,0,0,0,0,0,0,0,1,15,15,8,8,2,2,5,5,13,13,11,11,2,2,0,0
47760,47,경상북도,760,영양군,1,1,1,1,2,0.0,0.0,0.0,0.0,0.0,0.0,0.0,0.0,166.0,166.0,166.0,166.0,274.0,166.0,0.0,0.0,2,273.0,166.0,272.0,166.0,0.0,0.0,0.0,0.0,240.0,240.0,280.0,280.0,210.0,210.0,273.0,166.0,2,0.0,0.0,0.0,0.0,0.0,0.0,0.0,0.0,0.0,0.0,0.0,0.0,815.0,720.0,0.0,0.0,204.8523,127.0123,1,25,25,16,16,0,0,9,9,8,8,7,7,1,1,0,0,1,15,15,8,8,2,2,5,5,13,13,11,11,2,2,0,0
47770,47,경상북도,770,영덕군,1,1,1,1,1,0.0,0.0,0.0,0.0,0.0,0.0,0.0,0.0,0.0,0.0,0.0,0.0,91.0,91.0,0.0,0.0,1,90.0,90.0,89.0,89.0,0.0,0.0,0.0,0.0,0.0,0.0,0.0,0.0,1495.0,1495.0,90.0,90.0,2,0.0,0.0,0.0,0.0,0.0,0.0,0.0,0.0,0.0,0.0,495.0,495.0,1255.0,760.0,0.0,0.0,49.0,49.0,1,26,26,16,16,2,2,8,8,12,12,7,7,4,4,1,1,1,12,12,4,4,2,2,6,6,15,15,8,8,5,5,2,2
47820,47,경상북도,820,청도군,1,1,1,1,0,0.0,0.0,0.0,0.0,0.0,0.0,0.0,0.0,0.0,0.0,0.0,0.0,0.0,0.0,0.0,0.0,1,73.0,73.0,71.0,71.0,0.0,0.0,0.0,0.0,0.0,0.0,0.0,0.0,0.0,0.0,73.0,73.0,2,1935.0,1505.0,2650.0,2220.0,2735.0,2305.0,2765.0,2335.0,2775.0,2345.0,2810.0,2380.0,2825.0,2395.0,1935.0,1505.0,0.0,0.0,2,21,21,15,15,0,0,6,6,22,18,12,8,0,0,10,10,1,12,12,11,11,1,1,0,0,18,18,8,8,0,0,10,10
47830,47,경상북도,830,고령군,1,1,1,1,4,0.0,0.0,0.0,0.0,137.0,109.0,197.0,108.0,193.0,108.0,190.0,107.0,183.0,106.0,0.0,0.0,4,179.0,106.0,172.0,105.0,640.0,270.0,875.0,290.0,770.0,305.0,705.0,325.0,690.0,320.0,179.0,106.0,4,3100.0,1175.0,3125.0,1175.0,4050.0,1315.0,4055.0,1315.0,4055.0,1315.0,4055.0,1315.0,4070.0,1325.0,3100.0,1175.0,0.0,0.0,4,71,32,63,29,0,0,8,4,40,18,27,13,5,4,8,5,1,16,16,12,12,0,0,4,4,18,18,13,13,2,2,3,3
47840,47,경상북도,840,성주군,1,1,1,1,0,0.0,0.0,0.0,0.0,0.0,0.0,0.0,0.0,0.0,0.0,0.0,0.0,0.0,0.0,0.0,0.0,3,145.0,83.0,141.0,82.0,1125.0,420.0,1035.0,350.0,1085.0,410.0,1115.0,435.0,1155.0,455.0,145.0,83.0,3,2580.0,1135.0,2580.0,1135.0,2580.0,1135.0,2580.0,1135.0,2585.0,1135.0,2585.0,1135.0,2595.0,1145.0,2580.0,1135.0,49.6,49.6,2,46,25,34,22,2,2,10,7,16,8,10,6,1,1,5,4,0,0,0,0,0,0,0,0,0,0,0,0,0,0,0,0,0
47850,47,경상북도,850,칠곡군,1,1,1,1,0,0.0,0.0,0.0,0.0,0.0,0.0,0.0,0.0,0.0,0.0,0.0,0.0,0.0,0.0,0.0,0.0,4,194.0,106.0,191.0,105.0,340.0,270.0,270.0,260.0,510.0,270.0,475.0,270.0,510.0,275.0,194.0,106.0,6,5425.0,2425.0,5425.0,2425.0,5900.0,2425.0,5970.0,2495.0,5970.0,2495.0,6950.0,2495.0,6995.0,2515.0,5425.0,2425.0,0.0,0.0,5,69,28,61,27,0,0,8,5,53,12,40,11,3,1,10,4,2,22,12,21,12,1,1,0,0,24,12,20,10,1,1,3,2
47900,47,경상북도,900,예천군,1,1,1,1,3,0.0,0.0,0.0,0.0,248.0,166.0,235.0,166.0,223.0,166.0,205.0,166.0,188.0,166.0,0.0,0.0,3,276.0,166.0,271.0,166.0,470.0,250.0,475.0,245.0,655.0,330.0,565.0,290.0,695.0,380.0,276.0,166.0,3,0.0,0.0,0.0,0.0,0.0,0.0,0.0,0.0,0.0,0.0,680.0,285.0,740.0,335.0,0.0,0.0,0.0,0.0,2,47,26,32,18,1,1,14,11,15,8,8,4,1,1,6,4,1,15,15,8,8,2,2,5,5,13,13,11,11,2,2,0,0
47920,47,경상북도,920,봉화군,1,1,1,1,3,0.0,0.0,0.0,0.0,0.0,0.0,0.0,0.0,0.0,0.0,0.0,0.0,273.0,166.0,0.0,0.0,3,273.0,166.0,438.0,166.0,0.0,0.0,0.0,0.0,0.0,0.0,0.0,0.0,545.0,295.0,273.0,166.0,4,0.0,0.0,0.0,0.0,0.0,0.0,0.0,0.0,0.0,0.0,500.0,495.0,640.0,495.0,0.0,0.0,0.0,0.0,2,60,32,37,23,2,1,21,17,20,12,15,9,1,1,4,3,1,15,15,8,8,2,2,5,5,13,13,11,11,2,2,0,0
47930,47,경상북도,930,울진군,1,1,1,1,2,0.0,0.0,0.0,0.0,0.0,0.0,0.0,0.0,0.0,0.0,0.0,0.0,133.0,133.0,0.0,0.0,2,133.0,133.0,132.0,132.0,0.0,0.0,0.0,0.0,0.0,0.0,0.0,0.0,0.0,0.0,133.0,133.0,3,0.0,0.0,0.0,0.0,0.0,0.0,0.0,0.0,0.0,0.0,495.0,495.0,1105.0,495.0,0.0,0.0,276.7618,205.9769,1,17,17,13,13,4,4,0,0,11,11,6,6,1,1,4,4,1,15,15,8,8,2,2,5,5,13,13,11,11,2,2,0,0
47940,47,경상북도,940,울릉군,1,1,1,1,0,0.0,0.0,0.0,0.0,0.0,0.0,0.0,0.0,0.0,0.0,0.0,0.0,0.0,0.0,0.0,0.0,0,0.0,0.0,0.0,0.0,0.0,0.0,0.0,0.0,0.0,0.0,0.0,0.0,0.0,0.0,0.0,0.0,0,0.0,0.0,0.0,0.0,0.0,0.0,0.0,0.0,0.0,0.0,0.0,0.0,0.0,0.0,0.0,0.0,0.0,0.0,0,0,0,0,0,0,0,0,0,0,0,0,0,0,0,0,0,0,0,0,0,0,0,0,0,0,0,0,0,0,0,0,0,0
48121,48,경상남도,121,창원시의창구,1,1,1,1,0,0.0,0.0,0.0,0.0,0.0,0.0,0.0,0.0,0.0,0.0,0.0,0.0,0.0,0.0,0.0,0.0,1,110.0,110.0,110.0,110.0,0.0,0.0,0.0,0.0,0.0,0.0,0.0,0.0,250.0,250.0,110.0,110.0,9,5605.0,1775.0,8955.0,1775.0,9065.0,1820.0,9165.0,1875.0,9185.0,1875.0,9195.0,1875.0,9285.0,1965.0,5605.0,1775.0,0.0,0.0,8,151,31,124,27,0,0,27,10,121,26,81,20,1,1,39,8,2,15,9,14,8,0,0,1,1,31,17,26,14,0,0,5,3
48123,48,경상남도,123,창원시성산구,1,1,1,1,0,0.0,0.0,0.0,0.0,0.0,0.0,0.0,0.0,0.0,0.0,0.0,0.0,0.0,0.0,0.0,0.0,1,0.0,0.0,0.0,0.0,0.0,0.0,0.0,0.0,0.0,0.0,0.0,0.0,0.0,0.0,0.0,0.0,9,7355.0,1775.0,7910.0,1775.0,9345.0,1820.0,9470.0,1875.0,9470.0,1875.0,9480.0,1875.0,9625.0,1965.0,7355.0,1775.0,0.0,0.0,7,137,25,113,23,0,0,24,10,101,26,68,20,3,2,30,8,3,19,9,18,8,0,0,1,1,58,27,35,14,0,0,23,18
48125,48,경상남도,125,창원시마산합포구,1,1,1,1,0,0.0,0.0,0.0,0.0,0.0,0.0,0.0,0.0,0.0,0.0,0.0,0.0,0.0,0.0,0.0,0.0,1,95.0,95.0,94.0,94.0,0.0,0.0,0.0,0.0,0.0,0.0,0.0,0.0,0.0,0.0,95.0,95.0,3,735.0,675.0,1950.0,1275.0,1950.0,1275.0,1950.0,1275.0,1960.0,1280.0,1960.0,1280.0,2295.0,1280.0,735.0,675.0,0.0,0.0,2,35,24,34,23,0,0,1,1,33,26,22,20,2,2,9,6,2,15,9,14,8,0,0,1,1,31,17,26,14,0,0,5,3
48127,48,경상남도,127,창원시마산회원구,1,1,1,1,0,0.0,0.0,0.0,0.0,0.0,0.0,0.0,0.0,0.0,0.0,0.0,0.0,0.0,0.0,0.0,0.0,0,0.0,0.0,0.0,0.0,0.0,0.0,0.0,0.0,0.0,0.0,0.0,0.0,0.0,0.0,0.0,0.0,4,1345.0,525.0,3415.0,1275.0,3420.0,1275.0,3425.0,1275.0,3430.0,1280.0,3430.0,1280.0,3430.0,1280.0,1345.0,525.0,0.0,0.0,4,79,31,59,26,0,0,20,10,54,26,32,20,0,0,22,7,2,15,9,14,8,0,0,1,1,31,17,26,14,0,0,5,3
48129,48,경상남도,129,창원시진해구,1,1,1,1,0,0.0,0.0,0.0,0.0,0.0,0.0,0.0,0.0,0.0,0.0,0.0,0.0,0.0,0.0,0.0,0.0,1,0.0,0.0,0.0,0.0,0.0,0.0,0.0,0.0,0.0,0.0,0.0,0.0,0.0,0.0,0.0,0.0,5,3220.0,1010.0,3455.0,1150.0,3485.0,1180.0,3530.0,1225.0,3530.0,1225.0,3720.0,1225.0,3740.0,1225.0,3220.0,1010.0,0.0,0.0,5,90,29,66,25,5,4,19,10,59,26,49,20,3,3,7,6,3,19,9,16,8,0,0,3,2,41,17,36,14,0,0,5,3
48170,48,경상남도,170,진주시,1,1,1,1,0,0.0,0.0,0.0,0.0,0.0,0.0,0.0,0.0,0.0,0.0,0.0,0.0,0.0,0.0,0.0,0.0,7,152.0,69.0,143.0,67.0,160.0,90.0,90.0,90.0,295.0,230.0,545.0,275.0,545.0,275.0,152.0,69.0,7,970.0,670.0,2165.0,1195.0,2660.0,1495.0,3230.0,1495.0,4050.0,1495.0,4050.0,1495.0,4760.0,1495.0,970.0,670.0,0.0,0.0,7,132,31,110,28,0,0,22,7,93,25,50,14,5,3,38,11,1,12,12,10,10,2,2,0,0,18,18,8,8,2,2,8,8
48220,48,경상남도,220,통영시,1,1,1,1,0,0.0,0.0,0.0,0.0,0.0,0.0,0.0,0.0,0.0,0.0,0.0,0.0,0.0,0.0,0.0,0.0,4,243.0,130.0,233.0,129.0,115.0,115.0,105.0,105.0,155.0,155.0,165.0,165.0,130.0,130.0,243.0,130.0,4,0.0,0.0,0.0,0.0,0.0,0.0,0.0,0.0,0.0,0.0,0.0,0.0,1470.0,705.0,0.0,0.0,1.866,1.866,3,44,31,36,25,0,0,8,6,41,25,26,14,0,0,15,11,0,0,0,0,0,0,0,0,0,0,0,0,0,0,0,0,0
48240,48,경상남도,240,사천시,1,1,1,1,0,0.0,0.0,0.0,0.0,0.0,0.0,0.0,0.0,0.0,0.0,0.0,0.0,0.0,0.0,0.0,0.0,5,240.0,105.0,179.0,104.0,0.0,0.0,0.0,0.0,105.0,105.0,95.0,95.0,80.0,80.0,240.0,105.0,5,0.0,0.0,0.0,0.0,0.0,0.0,0.0,0.0,0.0,0.0,355.0,355.0,1820.0,650.0,0.0,0.0,0.0,0.0,4,69,28,55,24,0,0,14,9,51,25,33,14,3,3,15,11,1,16,16,12,12,3,3,1,1,10,10,10,10,0,0,0,0
48250,48,경상남도,250,김해시,1,1,1,1,0,0.0,0.0,0.0,0.0,0.0,0.0,0.0,0.0,0.0,0.0,0.0,0.0,0.0,0.0,0.0,0.0,4,102.0,72.0,80.0,70.0,0.0,0.0,0.0,0.0,0.0,0.0,110.0,55.0,90.0,45.0,102.0,72.0,12,7535.0,1105.0,7780.0,1150.0,8715.0,1215.0,8875.0,1225.0,8910.0,1225.0,8955.0,1225.0,8970.0,1225.0,7535.0,1105.0,0.0,0.0,7,168,31,134,27,2,2,32,10,85,26,51,20,0,0,34,8,3,28,15,23,13,0,0,5,2,41,17,31,12,2,2,8,6
48270,48,경상남도,270,밀양시,1,1,1,1,0,0.0,0.0,0.0,0.0,0.0,0.0,0.0,0.0,0.0,0.0,0.0,0.0,0.0,0.0,0.0,0.0,2,0.0,0.0,0.0,0.0,0.0,0.0,0.0,0.0,0.0,0.0,0.0,0.0,0.0,0.0,0.0,0.0,5,2380.0,915.0,3910.0,1275.0,3945.0,1275.0,3990.0,1275.0,4015.0,1280.0,4025.0,1280.0,4040.0,1280.0,2380.0,915.0,0.0,0.0,5,96,26,70,23,0,0,26,10,80,26,56,20,0,0,24,8,0,0,0,0,0,0,0,0,0,0,0,0,0,0,0,0,0
48310,48,경상남도,310,거제시,1,1,1,1,0,0.0,0.0,0.0,0.0,0.0,0.0,0.0,0.0,0.0,0.0,0.0,0.0,0.0,0.0,0.0,0.0,4,47.0,47.0,89.0,45.0,0.0,0.0,0.0,0.0,0.0,0.0,0.0,0.0,0.0,0.0,47.0,47.0,4,0.0,0.0,0.0,0.0,590.0,590.0,0.0,0.0,0.0,0.0,0.0,0.0,3225.0,1200.0,0.0,0.0,0.0,0.0,3,51,31,43,27,2,2,6,4,45,25,28,14,2,2,15,11,0,0,0,0,0,0,0,0,0,0,0,0,0,0,0,0,0
48330,48,경상남도,330,양산시,1,1,1,1,8,0.0,0.0,0.0,0.0,30.0,30.0,5.0,5.0,0.0,0.0,151.0,151.0,151.0,151.0,0.0,0.0,8,209.0,150.0,162.0,150.0,0.0,0.0,5.0,5.0,0.0,0.0,280.0,280.0,350.0,350.0,209.0,150.0,9,1395.0,885.0,4435.0,885.0,4470.0,920.0,4870.0,1050.0,4870.0,1050.0,4960.0,1050.0,4975.0,1050.0,1395.0,885.0,19.8,19.8,6,128,26,112,26,5,4,11,6,63,17,40,9,5,2,18,6,1,15,15,13,13,0,0,2,2,17,17,9,9,2,2,6,6
48720,48,경상남도,720,의령군,1,1,1,1,0,0.0,0.0,0.0,0.0,0.0,0.0,0.0,0.0,0.0,0.0,0.0,0.0,0.0,0.0,0.0,0.0,2,0.0,0.0,0.0,0.0,130.0,130.0,130.0,130.0,360.0,230.0,405.0,275.0,405.0,275.0,0.0,0.0,2,560.0,560.0,1755.0,1195.0,2055.0,1495.0,2055.0,1495.0,2055.0,1495.0,2055.0,1495.0,2055.0,1495.0,560.0,560.0,0.0,0.0,1,8,8,7,7,0,0,1,1,22,22,12,12,0,0,10,10,1,12,12,10,10,2,2,0,0,18,18,8,8,2,2,8,8
48730,48,경상남도,730,함안군,1,1,1,1,0,0.0,0.0,0.0,0.0,0.0,0.0,0.0,0.0,0.0,0.0,0.0,0.0,0.0,0.0,0.0,0.0,3,125.0,110.0,123.0,110.0,75.0,75.0,60.0,60.0,250.0,250.0,250.0,250.0,250.0,250.0,125.0,110.0,5,1470.0,525.0,3550.0,1275.0,4305.0,1275.0,4380.0,1275.0,4410.0,1280.0,4425.0,1280.0,4435.0,1280.0,1470.0,525.0,0.0,0.0,3,46,20,37,16,4,4,5,5,47,26,32,20,2,2,13,7,1,6,6,6,6,0,0,0,0,17,17,14,14,0,0,3,3
48740,48,경상남도,740,창녕군,1,1,1,1,1,0.0,0.0,0.0,0.0,0.0,0.0,0.0,0.0,0.0,0.0,0.0,0.0,0.0,0.0,0.0,0.0,2,0.0,0.0,0.0,0.0,645.0,645.0,605.0,605.0,900.0,900.0,845.0,845.0,825.0,825.0,0.0,0.0,4,1870.0,1180.0,4270.0,1275.0,4980.0,1790.0,5015.0,1825.0,5165.0,1825.0,5500.0,1860.0,5565.0,1880.0,1870.0,1180.0,0.0,0.0,3,61,27,56,27,0,0,5,5,40,26,31,20,0,0,9,6,0,0,0,0,0,0,0,0,0,0,0,0,0,0,0,0,0
48820,48,경상남도,820,고성군,1,1,1,1,0,0.0,0.0,0.0,0.0,0.0,0.0,0.0,0.0,0.0,0.0,0.0,0.0,0.0,0.0,0.0,0.0,2,51.0,51.0,47.0,47.0,0.0,0.0,0.0,0.0,0.0,0.0,0.0,0.0,0.0,0.0,51.0,51.0,2,0.0,0.0,0.0,0.0,0.0,0.0,0.0,0.0,0.0,0.0,0.0,0.0,725.0,650.0,0.0,0.0,0.0,0.0,2,21,21,18,18,0,0,3,3,33,25,18,14,0,0,15,11,1,16,16,12,12,3,3,1,1,10,10,10,10,0,0,0,0
48840,48,경상남도,840,남해군,1,1,1,1,1,0.0,0.0,0.0,0.0,0.0,0.0,0.0,0.0,0.0,0.0,0.0,0.0,0.0,0.0,0.0,0.0,2,0.0,0.0,0.0,0.0,0.0,0.0,0.0,0.0,0.0,0.0,0.0,0.0,0.0,0.0,0.0,0.0,2,0.0,0.0,0.0,0.0,0.0,0.0,0.0,0.0,0.0,0.0,220.0,220.0,255.0,255.0,0.0,0.0,495.0,495.0,2,33,20,19,10,5,3,9,9,24,18,10,8,8,6,6,4,0,0,0,0,0,0,0,0,0,0,0,0,0,0,0,0,0
48850,48,경상남도,850,하동군,1,1,1,1,1,0.0,0.0,0.0,0.0,0.0,0.0,0.0,0.0,0.0,0.0,0.0,0.0,0.0,0.0,0.0,0.0,3,55.0,55.0,0.0,0.0,0.0,0.0,0.0,0.0,0.0,0.0,0.0,0.0,0.0,0.0,55.0,55.0,3,0.0,0.0,0.0,0.0,0.0,0.0,0.0,0.0,0.0,0.0,550.0,355.0,670.0,430.0,0.0,0.0,516.105,495.0,2,40,27,28,18,3,3,9,9,26,18,16,8,6,6,4,4,0,0,0,0,0,0,0,0,0,0,0,0,0,0,0,0,0
48860,48,경상남도,860,산청군,1,1,1,1,0,0.0,0.0,0.0,0.0,0.0,0.0,0.0,0.0,0.0,0.0,0.0,0.0,0.0,0.0,0.0,0.0,3,17.0,17.0,15.0,15.0,0.0,0.0,0.0,0.0,230.0,230.0,275.0,275.0,275.0,275.0,17.0,17.0,3,0.0,0.0,1410.0,1195.0,1710.0,1495.0,1710.0,1495.0,1710.0,1495.0,1710.0,1495.0,2100.0,1495.0,0.0,0.0,0.0,0.0,2,36,28,21,14,2,2,13,12,30,22,14,12,2,2,14,10,1,12,12,10,10,2,2,0,0,18,18,8,8,2,2,8,8
48870,48,경상남도,870,함양군,1,1,1,1,0,0.0,0.0,0.0,0.0,0.0,0.0,0.0,0.0,0.0,0.0,0.0,0.0,0.0,0.0,0.0,0.0,3,102.0,102.0,100.0,100.0,120.0,120.0,135.0,135.0,390.0,230.0,445.0,275.0,410.0,275.0,102.0,102.0,3,0.0,0.0,1470.0,1195.0,1770.0,1495.0,1770.0,1495.0,1770.0,1495.0,1775.0,1495.0,2100.0,1495.0,0.0,0.0,0.0,0.0,1,8,8,7,7,0,0,1,1,22,22,12,12,0,0,10,10,1,12,12,10,10,2,2,0,0,18,18,8,8,2,2,8,8
48880,48,경상남도,880,거창군,1,1,1,1,0,0.0,0.0,0.0,0.0,0.0,0.0,0.0,0.0,0.0,0.0,0.0,0.0,0.0,0.0,0.0,0.0,2,72.0,72.0,70.0,70.0,0.0,0.0,0.0,0.0,230.0,230.0,275.0,275.0,275.0,275.0,72.0,72.0,2,0.0,0.0,1345.0,1195.0,1645.0,1495.0,1645.0,1495.0,1800.0,1495.0,1820.0,1495.0,1820.0,1495.0,0.0,0.0,0.0,0.0,2,28,20,26,19,0,0,2,1,30,22,16,12,0,0,14,10,0,0,0,0,0,0,0,0,0,0,0,0,0,0,0,0,0
48890,48,경상남도,890,합천군,1,1,1,1,1,0.0,0.0,0.0,0.0,109.0,109.0,108.0,108.0,108.0,108.0,107.0,107.0,106.0,106.0,0.0,0.0,4,162.0,106.0,158.0,105.0,395.0,270.0,430.0,290.0,690.0,305.0,750.0,325.0,775.0,320.0,162.0,106.0,4,235.0,235.0,1860.0,1195.0,2345.0,1495.0,2345.0,1495.0,2420.0,1495.0,2420.0,1495.0,2420.0,1495.0,235.0,235.0,0.0,0.0,4,66,28,46,15,2,2,18,12,47,22,24,12,2,2,21,10,0,0,0,0,0,0,0,0,0,0,0,0,0,0,0,0,0
50110,50,제주특별자치도,110,제주시,0,0,0,1,0,0.0,0.0,0.0,0.0,0.0,0.0,0.0,0.0,0.0,0.0,0.0,0.0,0.0,0.0,0.0,0.0,0,0.0,0.0,0.0,0.0,0.0,0.0,0.0,0.0,0.0,0.0,0.0,0.0,0.0,0.0,0.0,0.0,0,0.0,0.0,0.0,0.0,0.0,0.0,0.0,0.0,0.0,0.0,0.0,0.0,0.0,0.0,0.0,0.0,0.0,0.0,6,125,31,92,20,5,2,28,11,46,12,28,7,13,8,5,3,0,0,0,0,0,0,0,0,0,0,0,0,0,0,0,0,0
50130,50,제주특별자치도,130,서귀포시,0,0,0,1,0,0.0,0.0,0.0,0.0,0.0,0.0,0.0,0.0,0.0,0.0,0.0,0.0,0.0,0.0,0.0,0.0,0,0.0,0.0,0.0,0.0,0.0,0.0,0.0,0.0,0.0,0.0,0.0,0.0,0.0,0.0,0.0,0.0,0,0.0,0.0,0.0,0.0,0.0,0.0,0.0,0.0,0.0,0.0,0.0,0.0,0.0,0.0,0.0,0.0,0.0,0.0,7,159,31,123,20,4,1,32,11,56,12,37,7,16,8,3,2,0,0,0,0,0,0,0,0,0,0,0,0,0,0,0,0,0
51110,51,강원특별자치도,110,춘천시,1,1,1,1,7,0.0,0.0,0.0,0.0,37.0,31.0,410.0,166.0,404.0,166.0,580.0,166.0,590.0,166.0,0.0,0.0,7,581.0,166.0,596.0,166.0,130.0,90.0,760.0,250.0,875.0,285.0,1530.0,565.0,1455.0,475.0,581.0,166.0,12,0.0,0.0,0.0,0.0,0.0,0.0,0.0,0.0,800.0,800.0,1500.0,1500.0,3125.0,1500.0,0.0,0.0,0.0,0.0,5,113,30,78,26,2,2,33,17,52,12,24,8,10,4,18,8,0,0,0,0,0,0,0,0,0,0,0,0,0,0,0,0,0
51130,51,강원특별자치도,130,원주시,1,1,1,1,8,0.0,0.0,0.0,0.0,260.0,47.0,293.0,71.0,300.0,69.0,267.0,67.0,314.0,73.0,0.0,0.0,8,457.0,166.0,432.0,166.0,210.0,85.0,900.0,365.0,755.0,200.0,620.0,165.0,860.0,250.0,457.0,166.0,9,0.0,0.0,850.0,850.0,920.0,920.0,930.0,930.0,3005.0,955.0,6110.0,1320.0,7970.0,1845.0,0.0,0.0,39.0,39.0,6,134,28,79,24,3,3,52,17,64,20,45,18,12,4,7,2,0,0,0,0,0,0,0,0,0,0,0,0,0,0,0,0,0
51150,51,강원특별자치도,150,강릉시,1,1,1,1,7,0.0,0.0,0.0,0.0,203.0,166.0,177.0,166.0,176.0,166.0,175.0,166.0,173.0,166.0,0.0,0.0,7,172.0,166.0,171.0,166.0,555.0,400.0,490.0,400.0,410.0,400.0,420.0,400.0,535.0,400.0,172.0,166.0,8,0.0,0.0,1210.0,610.0,1210.0,610.0,1210.0,610.0,3665.0,900.0,5435.0,1320.0,5620.0,1475.0,0.0,0.0,9.68,9.68,5,117,28,61,16,14,8,42,17,39,11,26,7,5,3,8,4,2,14,8,9,6,2,2,3,3,10,10,8,8,0,0,2,2
51170,51,강원특별자치도,170,동해시,1,1,1,1,1,0.0,0.0,0.0,0.0,37.0,37.0,11.0,11.0,10.0,10.0,9.0,9.0,7.0,7.0,0.0,0.0,1,6.0,6.0,5.0,5.0,155.0,155.0,90.0,90.0,10.0,10.0,20.0,20.0,135.0,135.0,6.0,6.0,4,0.0,0.0,145.0,75.0,145.0,75.0,835.0,425.0,1455.0,615.0,2550.0,980.0,2650.0,980.0,0.0,0.0,0.0,0.0,1,24,24,15,15,8,8,1,1,11,11,7,7,0,0,4,4,2,21,13,16,10,2,2,3,3,11,11,11,11,0,0,0,0
51190,51,강원특별자치도,190,태백시,1,1,1,1,1,0.0,0.0,0.0,0.0,89.0,89.0,89.0,89.0,83.0,83.0,83.0,83.0,82.0,82.0,0.0,0.0,1,82.0,82.0,0.0,0.0,0.0,0.0,0.0,0.0,0.0,0.0,0.0,0.0,0.0,0.0,82.0,82.0,2,0.0,0.0,0.0,0.0,0.0,0.0,0.0,0.0,0.0,0.0,1075.0,580.0,1245.0,750.0,0.0,0.0,0.0,0.0,1,27,27,14,14,6,6,7,7,11,11,9,9,2,2,0,0,0,0,0,0,0,0,0,0,0,0,0,0,0,0,0,0,0
51210,51,강원특별자치도,210,속초시,1,1,1,1,1,0.0,0.0,0.0,0.0,0.0,0.0,12.0,12.0,10.0,10.0,8.0,8.0,6.0,6.0,0.0,0.0,1,4.0,4.0,2.0,2.0,0.0,0.0,0.0,0.0,0.0,0.0,0.0,0.0,0.0,0.0,4.0,4.0,2,0.0,0.0,300.0,300.0,300.0,300.0,300.0,300.0,1300.0,800.0,2000.0,1500.0,2000.0,1500.0,0.0,0.0,0.0,0.0,2,27,27,18,18,1,1,8,8,18,10,12,8,4,4,2,2,1,6,6,3,3,0,0,3,3,10,10,8,8,0,0,2,2
51230,51,강원특별자치도,230,삼척시,1,1,1,1,4,0.0,0.0,0.0,0.0,270.0,94.0,269.0,93.0,262.0,92.0,260.0,91.0,258.0,90.0,0.0,0.0,4,424.0,166.0,255.0,166.0,355.0,355.0,290.0,290.0,285.0,285.0,130.0,130.0,215.0,215.0,424.0,166.0,7,0.0,0.0,65.0,65.0,65.0,65.0,385.0,385.0,385.0,385.0,4800.0,1645.0,5125.0,1690.0,0.0,0.0,252.0,138.6,3,64,27,36,14,10,6,18,10,33,11,21,9,7,3,5,5,1,13,13,10,10,0,0,3,3,11,11,11,11,0,0,0,0
51720,51,강원특별자치도,720,홍천군,1,1,1,1,3,0.0,0.0,0.0,0.0,31.0,31.0,161.0,96.0,157.0,95.0,153.0,94.0,149.0,93.0,0.0,0.0,3,145.0,92.0,141.0,91.0,90.0,90.0,235.0,235.0,245.0,245.0,310.0,310.0,325.0,325.0,145.0,92.0,5,0.0,0.0,0.0,0.0,0.0,0.0,0.0,0.0,800.0,800.0,1500.0,1500.0,1500.0,1500.0,0.0,0.0,0.0,0.0,4,75,26,39,20,2,2,34,17,38,12,24,8,2,2,12,8,0,0,0,0,0,0,0,0,0,0,0,0,0,0,0,0,0
51730,51,강원특별자치도,730,횡성군,1,1,1,1,2,0.0,0.0,0.0,0.0,135.0,90.0,175.0,130.0,173.0,130.0,170.0,129.0,167.0,128.0,0.0,0.0,2,165.0,128.0,162.0,127.0,90.0,90.0,270.0,270.0,205.0,205.0,165.0,165.0,395.0,395.0,165.0,128.0,3,0.0,0.0,0.0,0.0,0.0,0.0,0.0,0.0,740.0,380.0,1005.0,520.0,2775.0,1845.0,0.0,0.0,0.0,0.0,2,26,26,7,7,1,1,18,18,32,20,22,18,6,4,4,4,0,0,0,0,0,0,0,0,0,0,0,0,0,0,0,0,0
51750,51,강원특별자치도,750,영월군,1,1,1,1,3,0.0,0.0,0.0,0.0,317.0,141.0,400.0,145.0,255.0,115.0,264.0,114.0,418.0,166.0,0.0,0.0,3,418.0,166.0,236.0,166.0,335.0,275.0,345.0,200.0,140.0,110.0,150.0,105.0,420.0,215.0,418.0,166.0,6,0.0,0.0,0.0,0.0,0.0,0.0,0.0,0.0,270.0,270.0,1600.0,405.0,3510.0,1845.0,0.0,0.0,138.0,60.0,3,56,28,21,14,9,6,26,15,41,20,29,18,9,5,3,3,0,0,0,0,0,0,0,0,0,0,0,0,0,0,0,0,0
51760,51,강원특별자치도,760,평창군,1,1,1,1,0,0.0,0.0,0.0,0.0,0.0,0.0,0.0,0.0,0.0,0.0,0.0,0.0,0.0,0.0,0.0,0.0,7,611.0,166.0,497.0,166.0,385.0,325.0,295.0,150.0,130.0,110.0,140.0,105.0,425.0,215.0,611.0,166.0,9,0.0,0.0,0.0,0.0,0.0,0.0,0.0,0.0,1215.0,400.0,3105.0,980.0,3550.0,980.0,0.0,0.0,124.3706,69.3,5,125,28,67,16,17,5,41,16,43,11,35,9,6,3,2,1,0,0,0,0,0,0,0,0,0,0,0,0,0,0,0,0,0
51770,51,강원특별자치도,770,정선군,1,1,1,1,4,0.0,0.0,0.0,0.0,201.0,141.0,365.0,166.0,255.0,166.0,269.0,166.0,362.0,166.0,0.0,0.0,4,361.0,166.0,236.0,166.0,600.0,325.0,580.0,230.0,215.0,165.0,250.0,170.0,720.0,305.0,361.0,166.0,5,0.0,0.0,0.0,0.0,0.0,0.0,0.0,0.0,0.0,0.0,1860.0,950.0,3750.0,1845.0,0.0,0.0,281.1906,196.8,4,69,28,27,11,16,6,26,15,47,20,27,18,14,5,4,3,0,0,0,0,0,0,0,0,0,0,0,0,0,0,0,0,0
51780,51,강원특별자치도,780,철원군,1,1,1,1,2,0.0,0.0,0.0,0.0,192.0,166.0,190.0,166.0,188.0,166.0,186.0,166.0,183.0,166.0,0.0,0.0,2,181.0,166.0,179.0,166.0,845.0,475.0,920.0,545.0,830.0,460.0,955.0,570.0,1665.0,835.0,181.0,166.0,3,395.0,220.0,395.0,220.0,395.0,220.0,595.0,330.0,1410.0,800.0,2200.0,1500.0,2200.0,1500.0,395.0,220.0,0.0,0.0,2,25,25,19,19,0,0,6,6,19,10,15,8,0,0,4,2,0,0,0,0,0,0,0,0,0,0,0,0,0,0,0,0,0
51790,51,강원특별자치도,790,화천군,1,1,1,1,2,0.0,0.0,0.0,0.0,50.0,50.0,49.0,49.0,48.0,48.0,47.0,47.0,46.0,46.0,0.0,0.0,2,210.0,166.0,209.0,166.0,225.0,225.0,250.0,250.0,255.0,255.0,255.0,255.0,270.0,270.0,210.0,166.0,4,0.0,0.0,0.0,0.0,0.0,0.0,0.0,0.0,1065.0,800.0,2640.0,1500.0,2770.0,1500.0,0.0,0.0,0.0,0.0,2,23,23,10,10,0,0,13,13,16,10,12,8,2,2,2,2,0,0,0,0,0,0,0,0,0,0,0,0,0,0,0,0,0
51800,51,강원특별자치도,800,양구군,1,1,1,1,0,0.0,0.0,0.0,0.0,0.0,0.0,0.0,0.0,0.0,0.0,0.0,0.0,0.0,0.0,0.0,0.0,1,62.0,62.0,61.0,61.0,0.0,0.0,0.0,0.0,0.0,0.0,0.0,0.0,0.0,0.0,62.0,62.0,3,0.0,0.0,0.0,0.0,0.0,0.0,0.0,0.0,965.0,800.0,1680.0,1500.0,2340.0,1500.0,0.0,0.0,0.0,0.0,2,22,22,9,9,0,0,13,13,16,10,12,8,2,2,2,2,0,0,0,0,0,0,0,0,0,0,0,0,0,0,0,0,0
51810,51,강원특별자치도,810,인제군,1,1,1,1,1,0.0,0.0,0.0,0.0,108.0,108.0,107.0,107.0,106.0,106.0,106.0,106.0,105.0,105.0,0.0,0.0,1,104.0,104.0,103.0,103.0,0.0,0.0,0.0,0.0,0.0,0.0,0.0,0.0,0.0,0.0,104.0,104.0,2,0.0,0.0,0.0,0.0,0.0,0.0,0.0,0.0,980.0,800.0,1680.0,1500.0,2000.0,1500.0,0.0,0.0,0.0,0.0,2,28,28,13,13,0,0,15,15,18,10,16,8,0,0,2,2,1,6,6,3,3,0,0,3,3,10,10,8,8,0,0,2,2
51820,51,강원특별자치도,820,고성군,1,1,1,1,2,0.0,0.0,0.0,0.0,118.0,118.0,130.0,118.0,127.0,117.0,125.0,117.0,122.0,116.0,0.0,0.0,2,120.0,116.0,117.0,115.0,0.0,0.0,0.0,0.0,0.0,0.0,0.0,0.0,0.0,0.0,120.0,116.0,4,0.0,0.0,300.0,300.0,300.0,300.0,300.0,300.0,1805.0,800.0,2505.0,1500.0,3000.0,1500.0,0.0,0.0,42.0,42.0,2,27,27,18,18,1,1,8,8,18,10,12,8,4,4,2,2,0,0,0,0,0,0,0,0,0,0,0,0,0,0,0,0,0
51830,51,강원특별자치도,830,양양군,1,1,1,1,1,0.0,0.0,0.0,0.0,94.0,94.0,92.0,92.0,91.0,91.0,90.0,90.0,45.0,45.0,0.0,0.0,1,10.0,10.0,20.0,20.0,145.0,145.0,140.0,140.0,115.0,115.0,110.0,110.0,45.0,45.0,10.0,10.0,2,0.0,0.0,375.0,375.0,375.0,375.0,395.0,395.0,1340.0,800.0,2040.0,1500.0,2040.0,1500.0,0.0,0.0,37.2,37.2,2,28,28,14,14,2,2,12,12,18,10,12,8,3,3,3,2,1,6,6,3,3,0,0,3,3,10,10,8,8,0,0,2,2
52111,52,전북특별자치도,111,전주시완산구,1,1,1,1,6,0.0,0.0,0.0,0.0,0.0,0.0,0.0,0.0,0.0,0.0,69.0,55.0,168.0,83.0,0.0,0.0,6,150.0,73.0,138.0,68.0,400.0,400.0,265.0,265.0,390.0,390.0,560.0,350.0,1300.0,400.0,150.0,73.0,6,0.0,0.0,0.0,0.0,0.0,0.0,0.0,0.0,0.0,0.0,0.0,0.0,0.0,0.0,0.0,0.0,0.0,0.0,4,98,31,86,31,1,1,11,6,39,15,27,12,8,4,4,2,1,8,8,4,4,1,1,2,2,15,15,12,12,2,2,1,1
52113,52,전북특별자치도,113,전주시덕진구,1,1,1,1,8,0.0,0.0,0.0,0.0,139.0,119.0,304.0,166.0,303.0,166.0,358.0,166.0,376.0,166.0,0.0,0.0,8,386.0,166.0,379.0,166.0,1010.0,610.0,830.0,320.0,1155.0,420.0,1020.0,350.0,2570.0,560.0,386.0,166.0,8,0.0,0.0,0.0,0.0,0.0,0.0,0.0,0.0,0.0,0.0,0.0,0.0,0.0,0.0,0.0,0.0,0.0,0.0,6,147,32,123,31,4,3,20,8,56,15,41,12,6,4,9,4,1,8,8,4,4,1,1,2,2,15,15,12,12,2,2,1,1
52130,52,전북특별자치도,130,군산시,1,1,1,1,14,0.0,0.0,0.0,0.0,184.0,102.0,635.0,166.0,617.0,166.0,575.0,166.0,560.0,166.0,0.0,0.0,14,806.0,166.0,764.0,166.0,1820.0,650.0,2615.0,580.0,3060.0,600.0,3330.0,600.0,3190.0,670.0,806.0,166.0,16,0.0,0.0,0.0,0.0,0.0,0.0,0.0,0.0,0.0,0.0,0.0,0.0,0.0,0.0,0.0,0.0,249.98,219.98,10,219,34,146,29,20,8,53,21,110,15,80,12,22,7,8,5,4,36,12,9,7,24,11,3,2,58,18,18,11,17,7,23,14
52140,52,전북특별자치도,140,익산시,1,1,1,1,0,0.0,0.0,0.0,0.0,0.0,0.0,0.0,0.0,0.0,0.0,0.0,0.0,0.0,0.0,0.0,0.0,5,309.0,134.0,299.0,133.0,0.0,0.0,0.0,0.0,0.0,0.0,0.0,0.0,690.0,690.0,309.0,134.0,5,0.0,0.0,0.0,0.0,0.0,0.0,0.0,0.0,0.0,0.0,0.0,0.0,0.0,0.0,0.0,0.0,0.0,0.0,4,114,32,85,31,5,5,24,10,36,12,30,10,2,2,4,4,1,12,12,7,7,3,3,2,2,13,13,11,11,2,2,0,0
52180,52,전북특별자치도,180,정읍시,1,1,1,1,4,0.0,0.0,0.0,0.0,0.0,0.0,0.0,0.0,0.0,0.0,373.0,166.0,372.0,166.0,0.0,0.0,4,371.0,166.0,371.0,166.0,580.0,580.0,520.0,520.0,570.0,570.0,1555.0,530.0,1310.0,400.0,371.0,166.0,5,0.0,0.0,0.0,0.0,0.0,0.0,0.0,0.0,0.0,0.0,0.0,0.0,0.0,0.0,0.0,0.0,0.0,0.0,2,41,26,36,25,0,0,5,4,26,15,19,12,3,2,4,3,3,20,12,4,4,13,12,2,2,24,15,12,12,8,6,4,3
52190,52,전북특별자치도,190,남원시,1,1,1,1,2,0.0,0.0,0.0,0.0,124.0,124.0,224.0,124.0,221.0,123.0,211.0,122.0,205.0,122.0,0.0,0.0,2,198.0,121.0,186.0,120.0,0.0,0.0,0.0,0.0,0.0,0.0,0.0,0.0,0.0,0.0,198.0,121.0,2,0.0,0.0,0.0,0.0,0.0,0.0,0.0,0.0,0.0,0.0,0.0,0.0,0.0,0.0,0.0,0.0,0.0,0.0,1,26,26,15,15,0,0,11,11,11,11,11,11,0,0,0,0,3,32,14,11,11,21,10,0,0,38,20,20,20,0,0,18,18
52210,52,전북특별자치도,210,김제시,1,1,1,1,5,0.0,0.0,0.0,0.0,0.0,0.0,166.0,166.0,166.0,166.0,468.0,166.0,466.0,166.0,0.0,0.0,5,465.0,166.0,464.0,166.0,0.0,0.0,320.0,320.0,420.0,420.0,1805.0,510.0,1840.0,560.0,465.0,166.0,5,0.0,0.0,0.0,0.0,0.0,0.0,0.0,0.0,0.0,0.0,0.0,0.0,0.0,0.0,0.0,0.0,0.0,0.0,4,97,28,83,27,2,1,12,7,42,15,29,12,6,3,7,3,2,20,12,4,4,13,12,2,2,24,15,12,12,8,6,4,3
52710,52,전북특별자치도,710,완주군,1,1,1,1,8,0.0,0.0,0.0,0.0,0.0,0.0,0.0,0.0,0.0,0.0,280.0,166.0,463.0,166.0,0.0,0.0,8,438.0,166.0,422.0,166.0,0.0,0.0,0.0,0.0,0.0,0.0,330.0,330.0,2045.0,520.0,438.0,166.0,8,0.0,0.0,0.0,0.0,0.0,0.0,0.0,0.0,0.0,0.0,0.0,0.0,0.0,0.0,0.0,0.0,0.0,0.0,4,111,31,95,28,4,3,12,5,29,9,22,8,2,2,5,4,2,20,12,4,4,13,12,2,2,24,15,12,12,8,6,4,3
52720,52,전북특별자치도,720,진안군,1,1,1,1,3,0.0,0.0,0.0,0.0,0.0,0.0,0.0,0.0,0.0,0.0,55.0,55.0,278.0,112.0,0.0,0.0,3,275.0,111.0,273.0,110.0,0.0,0.0,0.0,0.0,0.0,0.0,350.0,350.0,1595.0,670.0,275.0,111.0,3,0.0,0.0,0.0,0.0,0.0,0.0,0.0,0.0,0.0,0.0,0.0,0.0,0.0,0.0,0.0,0.0,0.0,0.0,3,66,26,46,20,0,0,20,10,33,15,18,12,8,6,7,4,2,18,10,0,0,18,10,0,0,18,18,0,0,0,0,18,18
52730,52,전북특별자치도,730,무주군,1,1,1,1,2,0.0,0.0,0.0,0.0,0.0,0.0,0.0,0.0,0.0,0.0,55.0,55.0,166.0,111.0,0.0,0.0,2,165.0,110.0,164.0,109.0,0.0,0.0,0.0,0.0,0.0,0.0,350.0,350.0,750.0,400.0,165.0,110.0,2,0.0,0.0,0.0,0.0,0.0,0.0,0.0,0.0,0.0,0.0,0.0,0.0,0.0,0.0,0.0,0.0,0.0,0.0,1,15,15,11,11,0,0,4,4,15,15,12,12,2,2,1,1,1,8,8,0,0,8,8,0,0,0,0,0,0,0,0,0,0
52740,52,전북특별자치도,740,장수군,1,1,1,1,3,0.0,0.0,0.0,0.0,0.0,0.0,0.0,0.0,0.0,0.0,165.0,110.0,276.0,111.0,0.0,0.0,3,274.0,110.0,273.0,110.0,0.0,0.0,0.0,0.0,0.0,0.0,570.0,350.0,1475.0,575.0,274.0,110.0,3,0.0,0.0,0.0,0.0,0.0,0.0,0.0,0.0,0.0,0.0,0.0,0.0,0.0,0.0,0.0,0.0,0.0,0.0,2,41,26,31,20,0,0,10,6,27,15,14,12,8,6,5,4,2,22,14,11,11,11,8,0,0,20,20,20,20,0,0,0,0
52750,52,전북특별자치도,750,임실군,1,1,1,1,5,0.0,0.0,0.0,0.0,124.0,124.0,224.0,124.0,221.0,123.0,587.0,166.0,581.0,166.0,0.0,0.0,5,574.0,166.0,562.0,166.0,0.0,0.0,0.0,0.0,0.0,0.0,550.0,330.0,1020.0,550.0,574.0,166.0,5,0.0,0.0,0.0,0.0,0.0,0.0,0.0,0.0,0.0,0.0,0.0,0.0,0.0,0.0,0.0,0.0,0.0,0.0,2,52,26,36,21,0,0,16,11,16,11,16,11,0,0,0,0,2,24,14,11,11,13,10,0,0,38,20,20,20,0,0,18,18
52770,52,전북특별자치도,770,순창군,1,1,1,1,1,0.0,0.0,0.0,0.0,120.0,120.0,120.0,120.0,120.0,120.0,120.0,120.0,120.0,120.0,0.0,0.0,1,120.0,120.0,119.0,119.0,610.0,610.0,690.0,690.0,715.0,715.0,550.0,550.0,565.0,565.0,120.0,120.0,2,0.0,0.0,0.0,0.0,0.0,0.0,0.0,0.0,0.0,0.0,0.0,0.0,0.0,0.0,0.0,0.0,0.0,0.0,2,14,14,8,8,0,0,6,6,26,18,15,11,1,1,10,6,2,24,14,11,11,13,10,0,0,38,20,20,20,0,0,18,18
52790,52,전북특별자치도,790,고창군,1,1,1,1,5,0.0,0.0,0.0,0.0,69.0,69.0,67.0,67.0,452.0,221.0,506.0,221.0,504.0,221.0,0.0,0.0,5,502.0,221.0,500.0,221.0,0.0,0.0,0.0,0.0,575.0,575.0,1035.0,685.0,1040.0,690.0,502.0,221.0,5,0.0,0.0,0.0,0.0,0.0,0.0,0.0,0.0,0.0,0.0,0.0,0.0,0.0,0.0,0.0,0.0,195.892,190.892,3,50,26,40,20,1,1,9,5,28,15,24,12,9,4,-5,1,3,20,12,4,4,13,12,2,2,24,15,12,12,8,6,4,3
52800,52,전북특별자치도,800,부안군,1,1,1,1,3,0.0,0.0,0.0,0.0,0.0,0.0,0.0,0.0,0.0,0.0,141.0,86.0,140.0,85.0,0.0,0.0,3,138.0,83.0,303.0,166.0,0.0,0.0,0.0,0.0,0.0,0.0,750.0,400.0,715.0,365.0,138.0,83.0,3,0.0,0.0,0.0,0.0,0.0,0.0,0.0,0.0,0.0,0.0,0.0,0.0,0.0,0.0,0.0,0.0,0.0,0.0,1,15,15,11,11,0,0,4,4,15,15,12,12,2,2,1,1,2,20,12,4,4,13,12,2,2,24,15,12,12,8,6,4,3
