시도코드,시도명,전력공급229kV_데이터있음,전력공급154kV_데이터있음,재생e연계_데이터있음,차단기_변전소기준_데이터있음,전력공급229kV_변전소수,전력공급229kV_2026년_합계,전력공급229kV_2026년_최대,전력공급229kV_2027년_합계,전력공급229kV_2027년_최대,전력공급229kV_2028년_합계,전력공급229kV_2028년_최대,전력공급229kV_2029년_합계,전력공급229kV_2029년_최대,전력공급229kV_2030년_합계,전력공급229kV_2030년_최대,전력공급229kV_2031년_합계,전력공급229kV_2031년_최대,전력공급229kV_2032년_합계,전력공급229kV_2032년_최대,전력공급229kV_최소여유용량_합계,전력공급229kV_최소여유용량_최대,전력공급154kV_변전소수,전력공급154kV_2026년_합계,전력공급154kV_2026년_최대,전력공급154kV_2027년_합계,전력공급154kV_2027년_최대,전력공급154kV_2028년_합계,전력공급154kV_2028년_최대,전력공급154kV_2029년_합계,전력공급154kV_2029년_최대,전력공급154kV_2030년_합계,전력공급154kV_2030년_최대,전력공급154kV_2031년_합계,전력공급154kV_2031년_최대,전력공급154kV_2032년_합계,전력공급154kV_2032년_최대,전력공급154kV_최소여유용량_합계,전력공급154kV_최소여유용량_최대,재생e연계_변전소수,재생e연계_2026년_합계,재생e연계_2026년_최대,재생e연계_2027년_합계,재생e연계_2027년_최대,재생e연계_2028년_합계,재생e연계_2028년_최대,재생e연계_2029년_합계,재생e연계_2029년_최대,재생e연계_2030년_합계,재생e연계_2030년_최대,재생e연계_2031년_합계,재생e연계_2031년_최대,재생e연계_2032년_합계,재생e연계_2032년_최대,재생e연계_최소여유용량_합계,재생e연계_최소여유용량_최대,재생e연계_6년후검토용량_합계,재생e연계_6년후검토용량_최대,차단기_변전소기준_변전소수,차단기_변전소기준_22.9kV전체_합계,차단기_변전소기준_22.9kV전체_최대,차단기_변전소기준_22.9kV사용중_합계,차단기_변전소기준_22.9kV사용중_최대,차단기_변전소기준_22.9kV사용예정_합계,차단기_변전소기준_22.9kV사용예정_최대,차단기_변전소기준_22.9kV여유_합계,차단기_변전소기준_22.9kV여유_최대,차단기_변전소기준_154kV전체_합계,차단기_변전소기준_154kV전체_최대,차단기_변전소기준_154kV사용중_합계,차단기_변전소기준_154kV사용중_최대,차단기_변전소기준_154kV사용예정_합계,차단기_변전소기준_154kV사용예정_최대,차단기_변전소기준_154kV여유_합계,차단기_변전소기준_154kV여유_최대,차단기_공급지역기준_변전소수,차단기_공급지역기준_345kV전체_합계,차단기_공급지역기준_345kV전체_최대,차단기_공급지역기준_345kV사용중_합계,차단기_공급지역기준_345kV사용중_최대,차단기_공급지역기준_345kV사용예정_합계,차단기_공급지역기준_345kV사용예정_최대,차단기_공급지역기준_345kV여유_합계,차단기_공급지역기준_345kV여유_최대,차단기_공급지역기준_154kV전체_합계,차단기_공급지역기준_154kV전체_최대,차단기_공급지역기준_154kV사용중_합계,차단기_공급지역기준_154kV사용중_최대,차단기_공급지역기준_154kV사용예정_합계,차단기_공급지역기준_154kV사용예정_최대,차단기_공급지역기준_154kV여유_합계,차단기_공급지역기준_154kV여유_최대
11,서울특별시,1,1,1,1,147,0.0,0.0,0.0,0.0,1132.0,153.0,1144.0,153.0,1154.0,153.0,744.0,140.0,687.0,152.0,0.0,0.0,139,613.0,89.0,899.0,92.0,3810.0,440.0,3500.0,410.0,4685.0,425.0,2980.0,255.0,3465.0,315.0,613.0,89.0,166,90255.0,2250.0,100790.0,2285.0,107855.0,2285.0,109070.0,2305.0,115205.0,2305.0,130100.0,2325.0,142065.0,2325.0,90255.0,2250.0,39.6,19.8,154,3506,36,2717,35,95,8,694,25,1395,19,944,15,93,5,358,9,15,105,14,54,13,37,10,10,4,199,19,104,15,43,9,52,7
12,전남광주통합특별시,1,1,1,1,101,0.0,0.0,0.0,0.0,4645.0,166.0,4972.0,166.0,5723.0,221.0,5332.0,221.0,5786.0,221.0,0.0,0.0,101,5171.0,221.0,5040.0,221.0,7930.0,610.0,8720.0,895.0,9585.0,920.0,10110.0,1105.0,15875.0,2785.0,5171.0,221.0,136,0.0,0.0,0.0,0.0,0.0,0.0,0.0,0.0,0.0,0.0,355.0,355.0,430.0,430.0,0.0,0.0,16409.9147,1109.9179,122,1979,31,1536,29,76,8,367,13,1464,20,869,20,400,10,195,6,5,56,15,28,12,27,10,1,1,90,18,37,11,33,16,20,9
26,부산광역시,1,1,1,1,69,0.0,0.0,0.0,0.0,133.0,101.0,0.0,0.0,0.0,0.0,322.0,166.0,319.0,166.0,0.0,0.0,73,381.0,166.0,798.0,166.0,0.0,0.0,5.0,5.0,0.0,0.0,220.0,220.0,220.0,220.0,381.0,166.0,82,39780.0,1615.0,43295.0,1615.0,43920.0,1615.0,50790.0,1790.0,63865.0,1790.0,64455.0,1790.0,65845.0,1855.0,39780.0,1615.0,713.9,306.0,75,1397,31,1069,26,116,6,212,10,732,22,493,15,91,5,148,9,6,46,15,39,13,0,0,7,2,83,22,60,14,5,3,18,6
27,대구광역시,1,1,1,1,42,0.0,0.0,0.0,0.0,1412.0,146.0,1235.0,166.0,1832.0,166.0,1690.0,166.0,1634.0,166.0,0.0,0.0,53,1991.0,166.0,1808.0,166.0,6955.0,680.0,7330.0,690.0,10965.0,900.0,9760.0,845.0,9550.0,825.0,1991.0,166.0,63,47580.0,2100.0,56505.0,2385.0,63905.0,2385.0,64525.0,2410.0,64820.0,2440.0,65980.0,2440.0,66400.0,2465.0,47580.0,2100.0,59.4,39.6,56,1062,33,861,31,13,2,188,14,580,24,359,16,50,5,171,10,5,66,16,44,12,6,2,16,8,105,38,68,19,9,7,28,13
28,인천광역시,1,1,1,1,61,0.0,0.0,0.0,0.0,0.0,0.0,0.0,0.0,0.0,0.0,15.0,15.0,15.0,15.0,0.0,0.0,61,15.0,15.0,184.0,70.0,0.0,0.0,0.0,0.0,50.0,25.0,75.0,25.0,75.0,25.0,15.0,15.0,54,23330.0,2085.0,30975.0,2085.0,33420.0,2085.0,35970.0,2085.0,36175.0,2085.0,39125.0,2085.0,40645.0,2085.0,23330.0,2085.0,600.3199999999999,500.0,44,822,32,789,45,25,10,8,7,423,18,308,14,52,4,63,6,8,78,12,51,10,23,10,4,2,84,18,53,12,22,8,9,6
30,대전광역시,1,1,1,1,28,0.0,0.0,0.0,0.0,535.0,134.0,419.0,110.0,406.0,109.0,346.0,105.0,0.0,0.0,0.0,0.0,28,0.0,0.0,0.0,0.0,1330.0,280.0,1630.0,380.0,1610.0,375.0,1405.0,325.0,0.0,0.0,0.0,0.0,33,0.0,0.0,0.0,0.0,0.0,0.0,0.0,0.0,0.0,0.0,9200.0,1840.0,9275.0,1855.0,0.0,0.0,502.0,494.0,32,585,28,366,27,74,10,145,19,376,18,265,16,4,3,107,8,1,10,10,2,2,8,8,0,0,16,16,10,10,0,0,6,6
31,울산광역시,1,1,1,1,26,0.0,0.0,0.0,0.0,676.0,149.0,892.0,143.0,839.0,143.0,885.0,142.0,927.0,142.0,0.0,0.0,26,909.0,142.0,1346.0,142.0,1910.0,735.0,1480.0,370.0,1130.0,265.0,2750.0,575.0,3255.0,790.0,909.0,142.0,35,7920.0,1455.0,7925.0,1455.0,8125.0,1455.0,8130.0,1455.0,8135.0,1455.0,14715.0,1695.0,14755.0,1695.0,7920.0,1455.0,247.635,208.0,32,469,26,383,26,25,5,61,10,382,27,259,23,18,3,105,14,6,63,15,43,12,6,4,14,6,88,29,62,24,1,1,25,7
36,세종특별자치시,0,1,1,1,0,0.0,0.0,0.0,0.0,0.0,0.0,0.0,0.0,0.0,0.0,0.0,0.0,0.0,0.0,0.0,0.0,8,4.0,4.0,0.0,0.0,1000.0,280.0,1350.0,380.0,2455.0,590.0,2200.0,535.0,200.0,200.0,4.0,4.0,8,0.0,0.0,0.0,0.0,0.0,0.0,0.0,0.0,0.0,0.0,0.0,0.0,0.0,0.0,0.0,0.0,90.0,90.0,6,146,26,118,25,18,10,10,4,62,18,42,10,2,2,18,8,1,6,6,4,4,0,0,2,2,18,18,10,10,0,0,8,8
41,경기도,1,1,1,1,213,0.0,0.0,0.0,0.0,1189.0,111.0,1008.0,109.0,1312.0,137.0,1875.0,166.0,1987.0,166.0,0.0,0.0,295,2769.0,166.0,3507.0,166.0,5685.0,745.0,7040.0,710.0,8375.0,600.0,10250.0,705.0,15135.0,710.0,2769.0,166.0,344,200900.0,2170.0,225250.0,2235.0,255770.0,2235.0,281260.0,2265.0,299080.0,2290.0,315085.0,2295.0,351370.0,2305.0,200900.0,2170.0,88.45,39.0,260,6195,48,4865,40,371,18,959,19,2548,19,1676,17,280,8,592,8,48,462,22,185,13,171,22,102,7,687,25,291,21,196,16,200,18
43,충청북도,1,1,1,1,53,0.0,0.0,0.0,0.0,463.0,109.0,424.0,100.0,569.0,166.0,534.0,166.0,481.0,166.0,0.0,0.0,61,536.0,166.0,828.0,166.0,2730.0,675.0,2670.0,590.0,3215.0,775.0,1430.0,315.0,2090.0,550.0,536.0,166.0,67,6190.0,2290.0,7515.0,2295.0,7535.0,2300.0,7550.0,2305.0,7610.0,2310.0,31575.0,2320.0,44365.0,2330.0,6190.0,2290.0,0.0,0.0,59,1259,34,949,31,34,4,276,17,677,20,570,20,28,3,79,5,6,49,11,32,8,8,4,9,4,107,20,94,20,10,6,3,3
44,충청남도,1,1,1,1,71,0.0,0.0,0.0,0.0,703.0,149.0,677.0,147.0,773.0,147.0,695.0,145.0,585.0,141.0,0.0,0.0,71,1132.0,166.0,1136.0,166.0,6420.0,705.0,8040.0,820.0,10720.0,820.0,9655.0,905.0,8615.0,875.0,1132.0,166.0,82,370.0,185.0,370.0,185.0,370.0,185.0,370.0,185.0,370.0,185.0,7730.0,1840.0,8630.0,1855.0,370.0,185.0,1267.5785,320.0,66,1290,28,918,27,164,9,208,20,741,18,455,16,76,5,210,13,13,126,16,46,10,40,10,40,10,185,18,48,14,43,12,94,14
47,경상북도,1,1,1,1,75,0.0,0.0,0.0,0.0,3478.0,166.0,3359.0,166.0,3823.0,166.0,3523.0,166.0,4556.0,166.0,0.0,0.0,87,5920.0,166.0,6037.0,166.0,12305.0,735.0,10955.0,700.0,16245.0,740.0,15790.0,710.0,20555.0,1495.0,5920.0,166.0,101,41455.0,2425.0,43850.0,2425.0,47125.0,2425.0,47370.0,2495.0,47755.0,2495.0,66060.0,2495.0,69980.0,2515.0,41455.0,2425.0,1447.2141,205.9769,80,1576,33,1132,29,93,6,351,18,822,24,531,16,113,8,178,10,11,137,16,92,14,14,4,31,8,191,38,120,19,23,7,48,13
48,경상남도,1,1,1,1,12,0.0,0.0,0.0,0.0,139.0,109.0,113.0,108.0,108.0,108.0,258.0,151.0,257.0,151.0,0.0,0.0,64,1782.0,150.0,1603.0,150.0,1640.0,645.0,1560.0,605.0,3605.0,900.0,4440.0,845.0,4660.0,825.0,1782.0,150.0,106,34675.0,1775.0,59635.0,1775.0,66455.0,1820.0,67425.0,1875.0,68750.0,1875.0,70605.0,1875.0,79780.0,1965.0,34675.0,1775.0,1032.771,495.0,83,1527,31,1221,28,30,4,276,12,1147,26,721,20,44,6,382,11,7,66,16,55,13,5,3,6,2,113,27,72,14,4,2,37,18
50,제주특별자치도,0,0,0,1,0,0.0,0.0,0.0,0.0,0.0,0.0,0.0,0.0,0.0,0.0,0.0,0.0,0.0,0.0,0.0,0.0,0,0.0,0.0,0.0,0.0,0.0,0.0,0.0,0.0,0.0,0.0,0.0,0.0,0.0,0.0,0.0,0.0,0,0.0,0.0,0.0,0.0,0.0,0.0,0.0,0.0,0.0,0.0,0.0,0.0,0.0,0.0,0.0,0.0,0.0,0.0,13,284,31,215,20,9,2,60,11,102,12,65,7,29,8,8,3,0,0,0,0,0,0,0,0,0,0,0,0,0,0,0,0,0
51,강원특별자치도,1,1,1,1,49,0.0,0.0,0.0,0.0,2142.0,166.0,2930.0,166.0,2645.0,166.0,2792.0,166.0,3027.0,166.0,0.0,0.0,57,4113.0,166.0,3422.0,166.0,4120.0,475.0,5565.0,545.0,4470.0,460.0,5055.0,570.0,7465.0,835.0,4113.0,166.0,90,395.0,220.0,3640.0,850.0,3710.0,920.0,4950.0,930.0,21200.0,955.0,45285.0,1645.0,57170.0,1845.0,395.0,220.0,923.4412,196.8,53,1010,30,545,26,92,8,373,18,534,20,360,18,88,5,84,8,3,27,13,19,10,2,2,6,3,21,11,19,11,0,0,2,2
52,전북특별자치도,1,1,1,1,69,0.0,0.0,0.0,0.0,760.0,124.0,1740.0,166.0,2100.0,221.0,3963.0,221.0,4675.0,221.0,0.0,0.0,74,5171.0,221.0,5217.0,221.0,4420.0,650.0,5240.0,690.0,6885.0,715.0,12755.0,685.0,20105.0,690.0,5171.0,221.0,78,0.0,0.0,0.0,0.0,0.0,0.0,0.0,0.0,0.0,0.0,0.0,0.0,0.0,0.0,0.0,0.0,445.87199999999996,219.98,49,1106,34,852,31,37,8,217,21,509,18,370,12,79,7,60,6,10,88,14,24,11,58,12,5,2,120,20,50,20,25,7,45,18
