지역본부,변전소,차단기_345kV_최종,차단기_345kV_사용중,차단기_345kV_사용예정,차단기_345kV_잔여,차단기_154kV_최종,차단기_154kV_사용중,차단기_154kV_사용예정,차단기_154kV_잔여,공급가능지역,준공예정일
서울,중부,4,4,0,0,16,10,0,6,"서울시 마포구, 은평구, 서대문구, 종로구, 용산구",-
서울,성동,4,4,0,0,18,12,0,6,"서울시 성동구, 광진구, 동대문구, 중랑구, 성북구, 강북구, 도봉구, 노원구",-
남서울,신문래,4,3,0,1,18,9,2,7,"서울시 영등포구, 동작구",-
남서울,동서울,8,4,0,4,13,9,0,4,"서울시 강동구, 송파구 | 경기도 하남시",-
남서울,동서울#2,4,2,0,2,10,8,2,0,"서울시 강동구, 송파구 | 경기도 하남시",-
남서울,신광명,14,13,0,1,19,12,0,7,"서울시 금천구, 구로구, 관악구 | 경기도 광명시",-
남서울,신양재,4,2,2,0,18,15,0,3,"서울시 서초구, 강남구 | 경기도 과천시",-
남서울,남광명,7,0,4,3,11,0,9,2,"경기도 광명시, 시흥시",27.12
남서울,신광명#2,8,0,4,0,12,0,9,3,서울시 구로구 | 경기도 광명시,28.12
남서울,신하남,10,0,10,0,15,0,9,6,"서울시 강동구, 송파구 | 경기도 하남시",30.06
남서울,신양평,4,0,4,0,5,0,5,0,"서울시 영등포구, 양천구",30.10
남서울,신서초,4,0,4,0,4,0,4,0,"서울시 서초구, 강남구",32.04
인천,신부평,12,8,2,2,18,10,2,6,"서울시 강서구, 양천구 | 인천광역시 부평구, 계양구, 서해구 | 경기도 부천시 원미구, 오정구",-
인천,갈산,10,8,2,0,11,7,4,0,"서울시 양천구 | 인천광역시 부평구, 계양구, 서해구, 남동구 | 경기도 부천시 원미구, 소사구",-
인천,신김포,10,9,0,1,16,8,5,3,"인천광역시 강화군, 검단구, 서해구, 영종구 | 경기도 김포시",-
인천,신경서,7,6,0,1,13,12,1,0,"인천광역시 서해구, 영종구, 강화군 | 경기도 김포시",-
인천,신가좌,8,4,4,0,14,12,2,0,"인천광역시 부평구, 계양구, 서해구, 미추홀구, 제물포구",-
인천,신시흥#1,9,6,3,0,4,4,0,0,"인천광역시 미추홀구, 남동구, 연수구, 제물포구 | 경기도 시흥시",-
인천,신시흥#2,9,6,1,2,10,6,0,4,경기도 시흥시,-
인천,신시화,10,6,1,3,10,5,4,1,경기도 시흥시,-
인천,가정,12,10,2,0,0,0,0,0,인천광역시 서해구,-
인천,신송도,10,0,10,0,8,0,8,0,"인천광역시 연수구, 남동구",28.12
인천,신양촌,10,0,4,6,8,0,4,4,김포시,32.10
경기북부,신의정부,10,6,2,2,12,8,4,0,"경기도 의정부시, 양주시, 포천시, 남양주시",-
경기북부,양주,9,6,3,0,14,12,0,2,"서울시 은평구 | 경기도 양주시, 의정부시, 고양시",-
경기북부,미금,11,10,0,1,12,7,0,5,"경기도 남양주시, 구리시, 의정부시",-
경기북부,신포천,8,6,2,0,12,10,2,0,"경기도 포천시, 동두천시, 양주시, 연천군",-
경기북부,신덕은,8,8,0,0,16,10,0,6,"경기도 파주시, 고양시",-
경기북부,신파주,9,6,0,3,16,6,8,2,"경기도 파주시, 고양시, 양주시",-
경기북부,남양주,6,0,4,2,18,0,16,2,"경기도 남양주시, 의정부시",28.06
경기북부,신고양,6,0,6,0,8,0,6,2,"서울시 마포구 | 경기도 고양시, 양주시",30.10
경기북부,신광적,8,0,4,4,12,0,6,6,"경기도 양주시, 동두천시, 파주시",29.12
경기북부,신문산,10,0,4,6,18,0,6,12,"경기도 파주시, 양주시",32.04
경기,고덕,12,9,0,3,18,15,0,3,"경기도 평택시, 안성시",-
경기,서안성,9,6,3,0,12,8,2,2,"경기도 안성시, 용인시",-
경기,고덕#2,12,4,2,6,14,10,0,4,"경기도 평택시, 안성시",-
경기,서서울#1,8,6,0,2,11,11,0,0,"경기도 군포시, 수원시",-
경기,신안산,4,4,0,0,9,7,2,0,경기도 안산시,-
경기,서서울#2,8,4,2,2,10,6,4,0,"경기도 군포시, 수원시",-
경기,곤지암,8,6,0,2,19,12,0,7,"경기도 용인시, 이천시, 광주시",-
경기,신성남#1,5,4,0,1,25,21,3,1,"경기도 성남시, 과천시",-
경기,신성남#2,5,4,1,0,25,21,3,1,"경기도 성남시, 과천시",-
경기,신수원,6,5,0,1,17,17,0,0,"경기도 화성시, 수원시, 용인시, 오산시",-
경기,신용인,11,7,4,0,14,14,0,0,경기도 용인시,-
경기,화성,10,10,0,0,0,0,0,0,경기도 화성시,-
경기,동용인,19,4,11,4,19,0,14,5,경기도 용인시,26.08
경기,신기흥,10,0,6,4,12,0,4,8,"경기도 용인시, 화성시",28.04
경기,서이동,22,0,22,0,18,0,14,4,경기도 용인시,30.03
경기,서서울#3,10,0,4,6,18,0,4,14,"경기도 군포시, 수원시",31.04
경기,서화성,10,0,9,1,18,0,6,12,경기도 화성시,31.04
경기,신동탄,10,0,4,6,18,0,9,9,"경기도 용인시, 화성시, 수원시",32.04
경기,서평택,16,0,11,5,20,0,8,12,경기도 평택시,28.06
경기,고덕#3,10,0,6,4,18,0,10,8,경기도 평택시,28.06
경기,신판교,10,0,9,1,10,0,5,5,경기도 성남시,30.10
경기,신오포,10,0,6,4,18,0,11,7,"경기도 용인시, 광주시",30.10
경기,동이동,20,0,13,7,18,0,0,18,경기도 용인시,32.04
강원,신양양,6,3,0,3,10,8,0,2,"강원도 속초시, 강릉시, 양양군, 인제군",-
강원,동해,13,10,0,3,11,11,0,0,"강원도 동해시, 삼척시",-
강원,안인,8,6,2,0,0,0,0,0,"강원도 강릉시, 동해시",-
충북,신진천,6,4,2,0,17,15,2,0,"충청북도 진천군, 증평군",-
충북,남청주,8,4,0,4,20,20,0,0,충청북도 청주시,-
충북,신옥천,11,8,2,1,16,16,0,0,"충청북도 옥천군, 보은군, 영동군",-
충북,신제천,9,7,0,2,20,18,2,0,"충청북도 제천시, 단양군",-
충북,신충주,9,5,4,0,16,16,0,0,"충청북도 충주시, 음성군, 괴산군",-
충북,신청주,6,4,0,2,18,9,6,3,충청북도 청주시,-
대전세종충남,아산,12,6,1,5,18,8,0,10,"충청남도 천안시, 아산시",-
대전세종충남,신온양,12,6,0,6,12,4,3,5,청청남도 천안시,-
대전세종충남,신탕정,6,4,2,0,16,14,2,0,"충청남도 천안시, 아산시",-
대전세종충남,신당진,4,4,0,0,18,5,2,11,충청남도 당진시,-
대전세종충남,신당진개폐소,6,6,0,0,0,0,0,0,충청남도 당진시,-
대전세종충남,신계룡,10,2,8,0,16,10,0,6,"충청남도 계룡시, 논산시 | 대전광역시 서구, 유성구",-
대전세종충남,청양,10,10,0,0,12,6,0,6,충청남도 청양군,-
대전세종충남,세종,6,4,0,2,18,10,0,8,세종특별자치시,-
대전세종충남,북당진,8,4,2,2,8,1,1,6,충청남도 당진시,-
대전세종충남,신송산,12,4,4,4,18,0,5,13,충청남도 당진시,-
대전세종충남,신성연,16,0,6,10,18,0,12,6,충청남도 서산시,26.12
대전세종충남,신석문,10,0,5,5,13,0,10,3,충청남도 당진시,28.12
대전세종충남,신대산,10,0,2,8,18,0,4,14,충청남도 서산시,31.12
대전세종충남,신천안,10,0,10,0,18,0,4,14,충청남도 천안시,31.10
전북,신남원,14,11,3,0,20,20,0,0,"전북특별자치도 남원시, 임실군, 순창군, 장수군",-
전북,군산,12,7,3,2,13,11,2,0,"전북특별자치도 군산시, 익산시",-
전북,새만금,4,2,2,0,15,7,7,1,전북특별자치도 군산시,-
전북,신김제,8,4,1,2,15,12,2,1,"전북특별자치도 김제시, 전주시, 정읍시, 부안군, 고창군, 완주군",-
전북,신고창,0,0,0,0,0,0,0,0,"전북특별자치도 정읍시, 고창군",30.12
전북,새만금#2,12,0,11,1,18,0,4,14,전북특별자치도 군신시,31.12
전북,신임실,10,0,10,0,18,0,0,18,"전북특별자치도 남원시, 임실군, 순창군, 진안군",30.12
전북,신정읍,12,0,12,0,9,0,6,3,"전북특별자치도 정읍시, 김제시, 부안군, 고창군, 완주군",27.08
전북,신장수,8,0,8,0,0,0,0,0,"전북특별자치도 남원시, 장수군, 진안군, 무주군",27.10
전북,새만금#3,8,0,8,0,12,0,4,8,전북특별자치도 군산시,31.12
광주전남,광양,15,12,3,0,18,8,5,5,"전남광주통합특별시 여수시, 광양시, 순천시, | 고흥군, 보성군",-
광주전남,신강진,10,4,6,0,18,7,2,9,"전남광주통합특별시 목포시 | 진도군, 해남군, 강진군, 영암군, 장흥군, 신안군, 무안군, 완도군, 보성군",-
광주전남,신광주,11,7,4,0,18,11,0,7,"전남광주통합특별시 북구, 광산구, 동구, 서구, 남구 | 장성군, 담양군, 화순군, 곡성군, 구례군",-
광주전남,신화순,10,5,4,1,18,11,10,-3,"전남광주통합특별시 남구, 서구, 북구 | 나주시, 순천시 | 화순군, 영암군, 장흥군, 보성군",-
광주전남,신장성,10,0,10,0,18,0,16,2,"전남광주통합특별시 북구, 광산구, 나주시 | 영광군, 함평군, 장성군, 담양군, 무안군",-
대구,신영일,12,4,2,6,15,8,5,2,"경상북도 포항시 남구, 영덕군",-
대구,신포항,14,14,0,0,17,9,5,3,"경상북도 포항시 북구, 경주시",-
대구,고령,16,12,0,4,18,13,2,3,"대구광역시 달서구, 달성군 | 경상북도 고령군",-
대구,대구,12,11,1,0,18,8,0,10,"대구광역시 남구, 수성구, 중구, 달성군 | 경상북도 청도군",-
대구,북대구,10,9,1,0,12,10,0,2,"대구광역시 북구, 달서구, 서구 | 경상북도 칠곡군",-
대구,서대구,12,12,0,0,12,10,1,1,"경상북도 구미시, 김천시, 칠곡군",-
대구,신경산,14,8,2,4,19,19,0,0,"대구광역시 동구 | 경상북도 경산시, 영천시",-
경북,신영주,15,8,2,5,13,11,2,0,"경상북도 안동시, 영주시, 문경시, 상주시 | 경상북도 예천군, 봉화군, 울진군, 청송군, 영양군",-
경북,선산,14,4,2,8,38,18,7,13,"대구광역시 군위군 | 경상북도 구미시, 상주시, 의성군",-
부산울산,신대연,3,2,0,1,10,7,0,3,"부산광역시 남구, 수영구, 해운대구, 부산진구, 연제구, 동구",-
부산울산,북부산,15,13,0,2,17,9,2,6,"부산광역시 북구, 사상구, 강서구, 동래구 | 경상남도 양산시, 김해시",-
부산울산,신온산,8,6,2,0,18,16,0,2,"울산광역시 남구, 울주군",-
부산울산,신울산,15,9,0,6,29,24,0,5,"울산광역시 남구, 중구, 울주군",-
부산울산,남울산,8,6,0,2,12,8,0,4,"울산광역시 남구, 울주군",-
부산울산,울주,10,6,0,4,15,8,0,7,울산광역시 울주군 | 경상북도 경주시,-
부산울산,동울산,8,4,4,0,14,6,1,7,"울산광역시 북구, 동구 | 경상북도 경주시",-
부산울산,신양산,8,7,0,1,10,8,0,2,"부산광역시 금정구, 동래구, 연제구, 해운대구, 수영구, 기장군",-
부산울산,서부산,7,7,0,0,22,14,3,5,"부산광역시 사하구, 사상구, 부잔진구, 서구, 중구, 동구, 영도구",-
부산울산,신녹산,4,2,0,2,10,10,0,0,"부산광역시 강서구 | 경상남도 창원시 진해구, 김해시",-
부산울산,울산복합,14,12,0,2,0,0,0,0,울산광역시 남구,-
경남,신김해,9,8,0,1,14,12,0,2,"부산광역시 강서구 | 경상남도 김해시, 창원시",-
경남,창원,4,4,0,0,27,9,0,18,경상남도 창원시 성산구,-
경남,신마산,6,6,0,0,17,14,0,3,"경상남도 창원시, 함안군",-
경남,의령,12,10,2,0,18,8,2,8,"경상남도 진주시, 함양군, 산청군, 의령군",32.04
경남,신고성,16,12,3,1,10,10,0,0,"경상남도 사천시, 고성군",27.06
