열,구분,용도,설명
시군구코드,피쳐,,병합 키. 5자리 행정 시군구코드 (기준_시군구256.csv와 코드·순서 동일)
지역코드,피쳐,,시군구코드와 같은 값 (이전 버전 호환)
시도명,피쳐,,2026 행정구역 시도명
시군구명,피쳐,,2026 행정구역 시군구명
분류,피쳐,,분석대상 / 참고등급 / 제외 (step3_분석대상.py)
전력피쳐,피쳐,,"메인 지표. 용량MW_2029를 분석대상 기준 min-max (0~1, 클수록 유리). 분석대상 외 빈칸"
전력순위,피쳐,,"분석대상 내 순위 (1=가장 유리, 동점은 같은 순위)"
용량MW_2029,피쳐,,"max(전력공급229kV_2029년_최대, 전력공급154kV_2029년_최대)"
결정전압,피쳐,,용량MW를 준 전압: 154kV / 22.9kV / 없음(0MW). 같으면 154kV
수용가능_0.5GW,피쳐,,용량MW_2029 ≥ 625 (IT 0.5GW × PUE 1.25). 분석대상만 판정
수용가능_1GW,피쳐,,"용량MW_2029 ≥ 1,250 (IT 1GW × PUE 1.25). 분석대상만 판정"
345kV여유Bay,피쳐,,참고 열(점수 미반영). 원본 차단기_공급지역기준_345kV여유_합계
전력공급229kV_2029년_최대,원본(시군구 집계),점수계산,"2029년 22.9kV 여유용량, 시군구 안 단일 변전소 최댓값 (MW로 해석, 단위 미확인)"
전력공급154kV_2029년_최대,원본(시군구 집계),점수계산,"2029년 154kV 여유용량, 시군구 안 단일 변전소 최댓값 (MW로 해석, 단위 미확인)"
전력공급229kV_2032년_최대,원본(시군구 집계),2032참고,"2032년 22.9kV 여유용량, 단일 변전소 최댓값 (장기 참고 시나리오)"
전력공급154kV_2032년_최대,원본(시군구 집계),2032참고,"2032년 154kV 여유용량, 단일 변전소 최댓값 (장기 참고 시나리오)"
전력공급229kV_변전소수,원본(시군구 집계),분류판정,22.9kV 전력공급 응답 변전소 수 (0이면 22.9kV 무응답)
전력공급154kV_변전소수,원본(시군구 집계),분류판정,154kV 전력공급 응답 변전소 수 (0이면 154kV 무응답)
재생e연계_변전소수,원본(시군구 집계),분류판정,재생e 연계 응답 변전소 수 (R1 변전소 응답 전무 판정용)
차단기_변전소기준_변전소수,원본(시군구 집계),분류판정,22.9·154kV 차단기 응답 변전소 수 (R1 판정용)
전력공급154kV_데이터있음,원본(시군구 집계),분류판정,시도 전체에서 154kV 전력공급이 1행 이상 수집됨(1) / 0이면 시도 미수집 (R2 판정용)
