개편전코드,읍면동명,신코드,신시군구명,근거
41590,마도면,41591,화성시 만세구,경인일보(화성시 4개구 관할)
41590,서신면,41591,화성시 만세구,경인일보(화성시 4개구 관할)
41590,양감면,41591,화성시 만세구,경인일보(화성시 4개구 관할)
41590,우정읍,41591,화성시 만세구,경인일보(화성시 4개구 관할)
41590,장안면,41591,화성시 만세구,경인일보(화성시 4개구 관할)
41590,팔탄면,41591,화성시 만세구,경인일보(화성시 4개구 관할)
41590,새솔동,41591,화성시 만세구,경인일보(화성시 4개구 관할)
41590,매송면,41593,화성시 효행구,경인일보(화성시 4개구 관할)
41590,비봉면,41593,화성시 효행구,경인일보(화성시 4개구 관할)
41590,정남면,41593,화성시 효행구,경인일보(화성시 4개구 관할)
41590,기안동,41593,화성시 효행구,위키백과: 기배동(행정동)=기안동+배양동 → 효행구
41590,배양동,41593,화성시 효행구,위키백과: 기배동(행정동)=기안동+배양동 → 효행구
41590,기산동,41595,화성시 병점구,위키백과: 진안동(행정동)=진안·능·기산·반정동 → 병점구
41590,반정동,41595,화성시 병점구,위키백과: 진안동(행정동)=진안·능·기산·반정동 → 병점구
41590,금곡동,41597,화성시 동탄구,나무위키: 동탄6동 관할 → 동탄구
41590,목동,41597,화성시 동탄구,위키백과: 동탄7·9동 관할 → 동탄구
41590,영천동,41597,화성시 동탄구,위키백과: 동탄4동 관할 → 동탄구
41590,장지동,41597,화성시 동탄구,위키백과: 동탄8동 관할 → 동탄구
41190,도당동,41192,부천시 원미구,위키백과(부천시의 행정구역)
41190,상동,41192,부천시 원미구,위키백과(부천시의 행정구역)
41190,괴안동,41194,부천시 소사구,위키백과(부천시의 행정구역)
41190,옥길동,41194,부천시 소사구,위키백과(부천시의 행정구역)
41190,고강동,41196,부천시 오정구,위키백과(부천시의 행정구역)
41190,내동,41196,부천시 오정구,위키백과(부천시의 행정구역)
28110,답동,28125,제물포구,중구 내륙(원도심) → 제물포구 (뉴스핌 2023)
28110,북성동1가,28125,제물포구,중구 내륙(원도심) → 제물포구 (뉴스핌 2023)
28110,신흥동1가,28125,제물포구,중구 내륙(원도심) → 제물포구 (뉴스핌 2023)
28140,만석동,28125,제물포구,동구 전체 → 제물포구 (뉴스핌 2023)
28260,가정동,28275,서해구,서해구청 법정동 목록
28260,가좌동,28275,서해구,서해구청 법정동 목록
28260,검암동,28275,서해구,서해구청 법정동 목록
28260,석남동,28275,서해구,서해구청 법정동 목록
28260,청라동,28275,서해구,서해구청 법정동 목록
28260,당하동,28290,검단구,나무위키(검단구/행정) 법정동 목록
28260,대곡동,28290,검단구,나무위키(검단구/행정) 법정동 목록
28260,불로동,28290,검단구,나무위키(검단구/행정) 법정동 목록
28260,오류동,28290,검단구,나무위키(검단구/행정) 법정동 목록
28260,둑실동,28290,검단구,추정: 현 법정동 목록에 없음. 대곡동 인접 지역으로 검단구 배정(수치 영향 0)
