원래코드,원래시군구명,읍면동명,신코드,전력공급229kV_변전소수,차단기_변전소기준_변전소수,전력공급154kV_2029년_합계,차단기_변전소기준_22.9kV전체_합계,처리,비고
28110,중구,답동,28125.0,1,0,0.0,0,재배정,
28110,중구,신흥동1가,28125.0,1,0,0.0,0,재배정,
28110,중구,북성동1가,28125.0,1,0,0.0,0,재배정,
28140,동구,만석동,28125.0,2,0,0.0,0,재배정,
28260,서구,검암동,28275.0,3,0,0.0,0,재배정,
28260,서구,가좌동,28275.0,1,0,0.0,0,재배정,
28260,서구,가정동,28275.0,1,0,0.0,0,재배정,
28260,서구,석남동,28275.0,1,0,0.0,0,재배정,
28260,서구,가좌동,28275.0,1,0,0.0,0,재배정,
28260,서구,오류동,28290.0,1,0,0.0,0,재배정,
28260,서구,당하동,28290.0,1,0,0.0,0,재배정,
28260,서구,불로동,28290.0,1,0,0.0,0,재배정,
28260,서구,둑실동,28290.0,1,0,0.0,0,재배정,
28260,서구,청라동,28275.0,1,0,0.0,0,재배정,
28260,서구,대곡동,28290.0,1,0,0.0,0,재배정,
28260,서구,가정동,28275.0,1,0,0.0,0,재배정,
41190,부천시,도당동,41192.0,1,1,0.0,14,재배정,
41190,부천시,옥길동,41194.0,1,1,0.0,29,재배정,
41190,부천시,상동,41192.0,1,1,0.0,23,재배정,
41190,부천시,괴안동,41194.0,1,1,0.0,28,재배정,
41190,부천시,고강동,41196.0,1,1,0.0,21,재배정,
41190,부천시,내동,41196.0,2,2,0.0,60,재배정,
41590,화성시,금곡동,41597.0,1,1,600.0,32,재배정,
41590,화성시,장지동,41597.0,1,1,0.0,26,재배정,
41590,화성시,목동,41597.0,1,0,0.0,0,재배정,
41590,화성시,기산동,41595.0,1,1,0.0,32,재배정,
41590,화성시,반정동,41595.0,1,1,0.0,26,재배정,
41590,화성시,배양동,41593.0,0,1,0.0,0,재배정,
41590,화성시,기안동,41593.0,1,0,35.0,0,재배정,
41590,화성시,영천동,41597.0,1,1,0.0,26,재배정,
41590,화성시,새솔동,41591.0,1,1,0.0,16,재배정 + 차단기 중복제거,만세구 팔탄면(41591)과 차단기 8개 항목 완전 일치 → 동일 변전소 이중계산
41590,화성시,우정읍,41591.0,1,1,0.0,26,재배정,
41590,화성시,매송면,41593.0,2,1,80.0,26,재배정,
41590,화성시,비봉면,41593.0,1,1,0.0,26,재배정,
41590,화성시,마도면,41591.0,1,1,0.0,25,재배정,
41590,화성시,서신면,41591.0,1,1,0.0,29,재배정,
41590,화성시,팔탄면,41591.0,1,1,0.0,30,재배정,
41590,화성시,장안면,41591.0,1,0,0.0,0,재배정,
41590,화성시,양감면,41591.0,2,2,0.0,49,재배정,
41590,화성시,정남면,41593.0,1,1,0.0,26,재배정,
41190,부천시,부개동,,1,1,0.0,23,미배정(법정동 소속 불명),
