시나리오,Spearman,상위10 유지,상위20 유지,기준 상위20 최대 순위변동
기준 (2029 · 가중합 · min-max),1.0,10,20,0
연도: 2026년,0.626,3,7,147
연도: 2027년,0.597,4,8,152
연도: 2028년,0.959,8,17,80
연도: 2030년,0.949,8,16,17
연도: 2031년,0.866,5,13,77
연도: 2032년,0.758,4,9,110
용량 0.08/0.92 (229 −20%),0.999,10,19,4
용량 0.12/0.88 (229 +20%),1.0,10,19,2
용량 0.3/0.7 (문서상 이전값),0.979,8,17,7
용량 0.5/0.5,0.939,7,15,18
접속 22.9kV −20%,0.999,10,19,2
접속 22.9kV +20%,0.999,10,19,2
접속 154kV −20%,0.998,10,19,3
접속 154kV +20%,0.998,10,18,6
접속 345kV −20%,0.997,10,18,7
접속 345kV +20%,0.998,10,19,3
접속 0.2/0.3/0.5 (문서상 이전값),0.978,10,17,9
결합 0.4/0.6 (접속 비중↑),0.985,8,16,20
결합 0.6/0.4 (용량 비중↑),0.983,10,17,14
정규화: log 후 min-max,0.877,5,14,55
정규화: 백분위 순위,0.917,5,12,42
결합: 기하평균(병목),0.655,6,15,46
참고: 접속점수만,0.56,1,4,155
참고: 용량점수만,0.614,8,16,69
EWM 가중합 (v2 파일),0.949,5,14,27
