시군구,기준 (2029 · 가중합 · min-max),연도: 2026년,연도: 2027년,연도: 2028년,연도: 2030년,연도: 2031년,연도: 2032년,용량 0.08/0.92 (229 −20%),용량 0.12/0.88 (229 +20%),용량 0.3/0.7 (문서상 이전값),용량 0.5/0.5,접속 22.9kV −20%,접속 22.9kV +20%,접속 154kV −20%,접속 154kV +20%,접속 345kV −20%,접속 345kV +20%,접속 0.2/0.3/0.5 (문서상 이전값),결합 0.4/0.6 (접속 비중↑),결합 0.6/0.4 (용량 비중↑),정규화: log 후 min-max,정규화: 백분위 순위,결합: 기하평균(병목),참고: 접속점수만,참고: 용량점수만,EWM 가중합 (v2 파일)
충청남도 서산시,1,2,2,1,1,1,1,1,1,1,2,1,1,1,1,1,1,1,1,1,1,1,1,1,2,1
전북특별자치도 군산시,2,1,1,3,2,2,2,2,2,2,1,2,2,2,2,2,2,2,2,2,9,8,3,97,1,2
충청남도 당진시,3,26,27,5,3,3,9,3,3,3,3,3,3,3,3,3,3,3,3,3,2,2,2,17,3,3
충청북도 충주시,4,25,10,2,5,22,13,4,4,4,7,4,4,4,4,4,4,4,4,4,18,22,10,125,4,8
경기도 안산시 단원구,5,65,69,4,9,11,22,5,5,7,10,5,5,5,5,5,5,5,7,5,20,25,14,132,5,16
세종특별자치시 세종특별자치시,6,153,158,12,4,4,116,6,6,8,8,6,6,6,6,6,6,6,9,6,19,21,13,119,6,12
경기도 오산시,7,38,41,41,8,12,23,7,7,9,14,7,7,7,7,7,7,8,6,7,5,3,4,42,12,15
전북특별자치도 전주시 덕진구,8,8,9,6,7,9,4,8,8,6,5,8,8,8,8,9,8,10,8,10,4,5,5,38,17,7
충청남도 부여군,9,76,82,8,11,30,43,9,9,12,21,9,9,9,9,8,9,7,12,8,15,15,11,86,8,21
경기도 안산시 상록구,10,78,75,7,27,19,29,10,10,15,24,10,10,10,10,10,10,9,17,9,26,33,22,148,7,37
전남광주통합특별시 영암군,11,7,6,9,16,13,10,11,11,5,4,11,11,12,11,11,12,11,19,11,23,13,17,117,10,6
강원특별자치도 양양군,12,29,29,17,12,14,25,12,12,11,11,13,12,11,13,14,11,21,5,25,3,7,23,2,65,4
경기도 시흥시,13,14,14,13,15,10,19,13,13,14,12,12,13,13,12,12,13,15,11,19,6,4,6,33,27,11
충청북도 제천시,14,85,92,19,10,56,74,14,14,21,32,14,14,14,14,16,14,19,14,18,10,9,7,44,20,28
서울특별시 도봉구,15,146,151,11,19,92,81,15,16,22,28,15,15,15,16,15,16,12,26,13,24,27,19,106,13,40
강원특별자치도 춘천시,16,3,3,96,14,7,11,17,15,10,6,16,16,18,15,13,18,14,22,14,17,16,15,75,18,9
전남광주통합특별시 무안군,17,55,60,14,23,27,45,16,17,18,19,17,17,17,17,18,15,20,37,12,39,50,50,172,9,35
강원특별자치도 인제군,18,19,18,23,17,18,26,22,18,16,13,19,20,16,24,25,17,26,10,32,73,60,64,3,87,5
강원특별자치도 철원군,19,59,63,16,31,26,15,19,21,23,25,21,19,22,19,19,22,17,35,17,25,29,21,120,15,42
강원특별자치도 강릉시,20,30,32,15,26,25,31,20,19,19,17,20,21,20,21,21,20,22,16,24,7,6,8,37,32,14
