지역코드,시도명,시군구명,분석대상,전력피쳐,전력순위,용량점수,접속점수,전력피쳐_2032,전력순위_2032,용량점수_2032,음수여유율,개편재배정,345kV_상위지역공유
11110,서울특별시,종로구,True,0.082825,101,0.073232,0.092417,0.056225,130,0.020032,False,False,False
11140,서울특별시,중구,True,0.118281,76,0.135488,0.101073,0.05096,137,0.000847,False,False,False
11170,서울특별시,용산구,True,0.061704,119,0.024249,0.09916,0.050004,139,0.000847,False,False,False
11200,서울특별시,성동구,True,0.126124,61,0.145667,0.10658,0.104515,97,0.10245,False,False,False
11215,서울특별시,광진구,True,0.044649,143,0.002992,0.086307,0.078304,111,0.070301,False,False,False
11230,서울특별시,동대문구,True,0.085305,99,0.083141,0.087468,0.043734,149,0.0,False,False,False
11260,서울특별시,중랑구,True,0.097578,92,0.130572,0.064583,0.14287,65,0.221156,False,False,False
11290,서울특별시,성북구,True,0.116206,78,0.146578,0.085835,0.111485,95,0.137135,False,False,False
11305,서울특별시,강북구,True,0.120281,72,0.134386,0.106176,0.100907,98,0.095638,False,False,False
11320,서울특별시,도봉구,True,0.222573,15,0.357454,0.087692,0.122896,81,0.158101,False,False,False
11350,서울특별시,노원구,True,0.110542,84,0.147992,0.073092,0.145616,63,0.21814,False,False,False
11380,서울특별시,은평구,True,0.04175,144,0.0,0.0835,0.042174,150,0.000847,False,False,False
11410,서울특별시,서대문구,True,0.036879,154,0.0,0.073758,0.037303,155,0.000847,False,False,False
11440,서울특별시,마포구,True,0.039739,147,0.017062,0.062416,0.043849,148,0.025283,False,False,False
11470,서울특별시,양천구,True,0.066184,113,0.0,0.132367,0.066184,121,0.0,False,False,False
11500,서울특별시,강서구,True,0.078028,107,0.001417,0.154638,0.086403,106,0.018168,False,False,False
11530,서울특별시,구로구,True,0.066677,112,0.0,0.133355,0.066677,120,0.0,False,False,False
11545,서울특별시,금천구,True,0.057246,123,0.0,0.114491,0.057246,127,0.0,False,False,False
11560,서울특별시,영등포구,True,0.081843,102,0.0,0.163685,0.081843,109,0.0,False,False,False
11590,서울특별시,동작구,True,0.129941,58,0.004094,0.255787,0.127894,73,0.0,False,False,False
11620,서울특별시,관악구,True,0.080969,103,0.007559,0.154379,0.077189,113,0.0,False,False,False
11650,서울특별시,서초구,True,0.038224,150,0.005827,0.070622,0.036243,157,0.001864,False,False,False
11680,서울특별시,강남구,True,0.059245,122,0.032258,0.086232,0.056415,129,0.026598,False,False,False
11710,서울특별시,송파구,True,0.125112,63,0.005331,0.244892,0.124861,77,0.004829,False,False,False
11740,서울특별시,강동구,True,0.138185,54,0.0,0.276369,0.138185,69,0.0,False,False,False
12110,전남광주통합특별시,목포시,True,0.124283,67,0.206109,0.042456,0.094748,102,0.14704,False,False,False
12130,전남광주통합특별시,여수시,True,0.024091,168,0.026142,0.022041,0.025088,168,0.028136,False,False,False
12150,전남광주통합특별시,순천시,True,0.037901,151,0.0,0.075802,0.037901,154,0.0,False,False,False
12170,전남광주통합특별시,나주시,True,0.119373,74,0.186249,0.052498,0.508368,3,0.964237,False,False,False
12190,전남광주통합특별시,광양시,True,0.025946,167,0.0,0.051892,0.025946,167,0.0,False,False,False
12210,전남광주통합특별시,동구,True,0.050229,132,0.057836,0.042622,0.072918,115,0.103215,False,False,False
12240,전남광주통합특별시,서구,True,0.059563,120,0.00126,0.117866,0.091161,104,0.064455,False,False,False
12270,전남광주통합특별시,남구,True,0.108613,87,0.14163,0.075595,0.124304,80,0.173013,False,False,False
12300,전남광주통합특별시,북구,True,0.080512,105,0.077429,0.083596,0.113186,94,0.142777,False,False,False
12330,전남광주통합특별시,광산구,True,0.196154,26,0.338977,0.053331,0.273591,17,0.49385,False,False,False
12710,전남광주통합특별시,담양군,True,0.064323,116,0.04607,0.082576,0.062148,126,0.041721,False,False,False
12720,전남광주통합특별시,곡성군,True,0.169697,32,0.263898,0.075495,0.196228,33,0.316961,False,False,False
12730,전남광주통합특별시,구례군,True,0.064423,115,0.0,0.128846,0.064423,123,0.0,False,False,False
12740,전남광주통합특별시,고흥군,True,0.0518,131,0.052283,0.051316,0.053793,132,0.056271,False,False,False
12750,전남광주통합특별시,보성군,True,0.13392,56,0.193189,0.07465,0.188651,39,0.302653,False,False,False
12760,전남광주통합특별시,화순군,True,0.054586,125,0.04733,0.061842,0.051506,135,0.041171,False,False,False
12770,전남광주통합특별시,장흥군,True,0.13778,55,0.167047,0.108512,0.191515,37,0.274517,False,False,False
12780,전남광주통합특별시,강진군,True,0.02963,163,0.0,0.059259,0.02963,163,0.0,False,False,False
12790,전남광주통합특별시,해남군,True,0.03743,152,0.034803,0.040057,0.033927,158,0.027797,False,False,False
12800,전남광주통합특별시,영암군,True,0.242937,11,0.40389,0.081983,0.318254,10,0.554525,False,False,False
12810,전남광주통합특별시,무안군,True,0.219247,17,0.410319,0.028175,0.174941,45,0.321706,False,False,False
12820,전남광주통합특별시,함평군,True,0.092752,96,0.156093,0.029412,0.074505,114,0.119598,False,False,False
12830,전남광주통합특별시,영광군,True,0.053257,128,0.047874,0.05864,0.174986,44,0.291332,False,False,False
12840,전남광주통합특별시,장성군,True,0.131042,57,0.177058,0.085027,0.115782,90,0.146538,False,False,False
12850,전남광주통합특별시,완도군,True,0.023726,169,0.006929,0.040523,0.023397,170,0.006271,False,False,False
12860,전남광주통합특별시,진도군,True,0.032628,157,0.004409,0.060847,0.031779,160,0.002712,False,False,False
12870,전남광주통합특별시,신안군,True,0.204569,24,0.379212,0.029925,0.200958,32,0.371991,False,False,False
26110,부산광역시,중구,False,,,,0.032727,,,,False,False,False
26140,부산광역시,서구,False,,,,0.024631,,,,False,False,False
26170,부산광역시,동구,False,,,,0.104943,,,,False,False,False
26200,부산광역시,영도구,False,,,,0.037312,,,,False,False,False
26230,부산광역시,부산진구,False,,,,0.127227,,,,False,False,False
26260,부산광역시,동래구,False,,,,0.165639,,,,False,False,False
26290,부산광역시,남구,False,,,,0.30765,,,,False,False,False
26320,부산광역시,북구,False,,,,0.150516,,,,False,False,False
26350,부산광역시,해운대구,False,,,,0.220325,,,,False,False,False
26380,부산광역시,사하구,False,,,,0.041719,,,,False,False,False
26410,부산광역시,금정구,False,,,,0.147412,,,,False,False,False
26440,부산광역시,강서구,False,,,,0.166083,,,,False,False,False
26470,부산광역시,연제구,False,,,,0.232902,,,,False,False,False
26500,부산광역시,수영구,False,,,,0.159753,,,,False,False,False
26530,부산광역시,사상구,False,,,,0.138,,,,False,False,False
26710,부산광역시,기장군,False,,,,0.176279,,,,False,False,False
27110,대구광역시,중구,False,,,,0.097849,,,,False,False,False
27140,대구광역시,동구,False,,,,0.302335,,,,False,False,False
27170,대구광역시,서구,False,,,,0.113953,,,,False,False,False
27200,대구광역시,남구,False,,,,0.129167,,,,False,False,False
27230,대구광역시,북구,False,,,,0.091693,,,,False,False,False
27260,대구광역시,수성구,False,,,,0.080829,,,,False,False,False
27290,대구광역시,달서구,False,,,,0.185985,,,,False,False,False
27710,대구광역시,달성군,False,,,,0.169547,,,,False,False,False
27720,대구광역시,군위군,False,,,,0.447053,,,,False,False,False
28125,인천광역시,제물포구,True,0.0,178,0.0,0.0,0.0,178,0.0,False,True,False
28155,인천광역시,영종구,True,0.067583,110,0.0,0.135166,0.067583,118,0.0,False,False,False
28177,인천광역시,미추홀구,True,0.018868,175,0.0,0.037736,0.018868,175,0.0,True,False,False
28185,인천광역시,연수구,True,0.004032,177,0.0,0.008065,0.004032,177,0.0,True,False,False
28200,인천광역시,남동구,True,0.03098,161,0.0,0.06196,0.03098,162,0.0,False,False,False
28237,인천광역시,부평구,True,0.045036,142,0.0,0.090072,0.04853,146,0.006988,False,False,False
28245,인천광역시,계양구,True,0.045435,141,0.0,0.090871,0.053694,133,0.016518,False,False,False
28275,인천광역시,서해구,True,0.022034,172,0.0,0.044068,0.022034,173,0.0,False,True,False
28290,인천광역시,검단구,True,0.0325,158,0.0,0.065,0.0325,159,0.0,False,True,False
28710,인천광역시,강화군,True,0.067691,109,0.0,0.135383,0.067691,117,0.0,False,False,False
28720,인천광역시,옹진군,True,0.0,178,0.0,0.0,0.0,178,0.0,False,False,False
30110,대전광역시,동구,True,0.048965,137,0.0,0.097931,0.048965,143,0.0,False,False,False
30140,대전광역시,중구,True,0.049375,136,0.0,0.09875,0.049375,142,0.0,False,False,False
30170,대전광역시,서구,True,0.123105,69,0.139445,0.106765,0.053383,134,0.0,False,False,False
30200,대전광역시,유성구,True,0.169054,33,0.243328,0.09478,0.04739,147,0.0,False,False,False
30230,대전광역시,대덕구,True,0.162427,38,0.244205,0.080649,0.040325,151,0.0,False,False,False
31110,울산광역시,중구,False,,,,0.332157,,,,False,False,False
31140,울산광역시,남구,False,,,,0.18931,,,,False,False,False
31170,울산광역시,동구,False,,,,0.149399,,,,False,False,False
31200,울산광역시,북구,False,,,,0.139194,,,,False,False,False
31710,울산광역시,울주군,False,,,,0.25354,,,,False,False,False
36110,세종특별자치시,세종특별자치시,True,0.295021,6,0.510611,0.07943,0.068343,116,0.057257,False,False,False
41111,경기도,수원시 장안구,True,0.156581,45,0.001732,0.31143,0.155884,57,0.000339,False,False,False
41113,경기도,수원시 권선구,True,0.194053,27,0.079058,0.309048,0.19159,36,0.074132,False,False,False
41115,경기도,수원시 팔달구,True,0.154403,46,0.000472,0.308333,0.154167,60,0.0,False,False,False
41117,경기도,수원시 영통구,True,0.161704,40,0.0,0.323408,0.161704,50,0.0,False,False,False
41131,경기도,성남시 수정구,True,0.092841,95,0.027533,0.158148,0.095739,101,0.033329,False,False,False
41133,경기도,성남시 중원구,True,0.085274,100,0.027533,0.143014,0.088171,105,0.033329,False,False,False
41135,경기도,성남시 분당구,True,0.064006,117,0.0,0.128012,0.064006,124,0.0,False,False,False
41150,경기도,의정부시,True,0.080576,104,0.0,0.161152,0.080576,110,0.0,False,False,False
41171,경기도,안양시 만안구,True,0.037246,153,0.000472,0.07402,0.03701,156,0.0,False,False,False
41173,경기도,안양시 동안구,True,0.051873,130,0.08088,0.022867,0.121231,83,0.219595,False,False,False
41192,경기도,부천시 원미구,True,0.029545,164,0.0,0.059091,0.029545,164,0.0,True,True,False
41194,경기도,부천시 소사구,True,0.016772,176,0.0,0.033544,0.016772,176,0.0,False,True,False
41196,경기도,부천시 오정구,True,0.067265,111,0.0,0.134529,0.067265,119,0.0,False,True,False
41210,경기도,광명시,True,0.078077,106,0.0,0.156155,0.078077,112,0.0,False,False,False
41220,경기도,평택시,True,0.165867,35,0.000157,0.331576,0.349571,8,0.367566,False,False,False
41250,경기도,동두천시,True,0.098922,90,0.0,0.197845,0.098922,99,0.0,False,False,False
41271,경기도,안산시 상록구,True,0.251865,10,0.445397,0.058333,0.20704,29,0.355746,False,False,False
41273,경기도,안산시 단원구,True,0.319626,5,0.57121,0.068041,0.256531,22,0.445021,False,False,False
41281,경기도,고양시 덕양구,True,0.057068,124,0.0,0.114136,0.057068,128,0.0,False,False,False
41285,경기도,고양시 일산동구,True,0.048648,139,0.0,0.097297,0.048648,145,0.0,False,False,False
41287,경기도,고양시 일산서구,True,0.065729,114,0.0,0.131459,0.065729,122,0.0,False,False,False
41290,경기도,과천시,True,0.023451,171,0.000472,0.046429,0.023214,171,0.0,False,False,False
41310,경기도,구리시,True,0.095892,93,0.0,0.191783,0.13479,70,0.077797,False,False,False
41360,경기도,남양주시,True,0.11335,83,0.0,0.226699,0.262681,21,0.298662,False,False,False
41370,경기도,오산시,True,0.287059,7,0.374797,0.199322,0.254643,23,0.309964,False,False,False
41390,경기도,시흥시,True,0.2355,13,0.238762,0.232239,0.270855,19,0.309471,False,False,False
41410,경기도,군포시,True,0.142559,52,0.008661,0.276456,0.141787,67,0.007119,False,False,False
41430,경기도,의왕시,True,0.031045,160,0.039637,0.022454,0.095935,100,0.169416,False,False,False
41450,경기도,하남시,True,0.147422,49,0.056991,0.237853,0.141818,66,0.045782,False,False,False
41461,경기도,용인시 처인구,True,0.122087,70,0.0,0.244174,0.122087,82,0.0,False,False,False
41463,경기도,용인시 기흥구,True,0.114186,82,0.001575,0.226797,0.113992,92,0.001186,False,False,False
41465,경기도,용인시 수지구,True,0.139952,53,0.0,0.279903,0.148257,62,0.01661,False,False,False
41480,경기도,파주시,True,0.164432,36,0.0,0.328864,0.208476,27,0.088088,False,False,False
41500,경기도,이천시,True,0.128888,59,0.0,0.257776,0.128888,72,0.0,False,False,False
41550,경기도,안성시,True,0.149944,48,0.0,0.299888,0.184882,41,0.069876,False,False,False
41570,경기도,김포시,True,0.119487,73,0.0,0.238975,0.119487,87,0.0,False,False,False
41591,경기도,화성시 만세구,True,0.125569,62,0.0,0.251139,0.125569,76,0.0,False,True,True
41593,경기도,화성시 효행구,True,0.169789,31,0.048083,0.291495,0.164553,48,0.037611,False,True,True
41595,경기도,화성시 병점구,True,0.121205,71,0.0,0.24241,0.121205,84,0.0,False,True,True
41597,경기도,화성시 동탄구,True,0.210631,22,0.206501,0.21476,0.191231,38,0.167702,False,True,True
41610,경기도,광주시,True,0.150408,47,0.0,0.300817,0.150408,61,0.0,False,False,False
41630,경기도,양주시,True,0.114692,81,0.0,0.229383,0.154669,58,0.079956,False,False,False
41650,경기도,포천시,True,0.093027,94,0.0,0.186053,0.379588,6,0.573122,False,False,False
41670,경기도,여주시,True,0.031362,159,0.0,0.062723,0.031362,161,0.0,False,False,False
41800,경기도,연천군,True,0.069643,108,0.0,0.139286,0.154172,59,0.169058,False,False,False
41820,경기도,가평군,True,0.209051,23,0.237894,0.180208,0.282143,16,0.384077,False,False,False
41830,경기도,양평군,True,0.125103,64,0.152448,0.097759,0.20615,30,0.31454,False,False,False
43111,충청북도,청주시 상당구,True,0.163117,37,0.0,0.326233,0.163117,49,0.0,False,False,False
43112,충청북도,청주시 서원구,True,0.160459,42,0.0,0.320917,0.160459,52,0.0,False,False,False
43113,충청북도,청주시 흥덕구,True,0.167725,34,0.000315,0.335136,0.167568,46,0.0,False,False,False
43114,충청북도,청주시 청원구,True,0.160613,41,0.000315,0.32091,0.160455,53,0.0,False,False,False
43130,충청북도,충주시,True,0.332009,4,0.588791,0.075227,0.294075,13,0.512923,False,False,False
43150,충청북도,제천시,True,0.230273,14,0.266461,0.194085,0.127831,74,0.061577,False,False,False
43720,충청북도,보은군,True,0.048748,138,0.0,0.097497,0.048748,144,0.0,False,False,False
43730,충청북도,옥천군,True,0.054545,126,0.0,0.109091,0.054545,131,0.0,False,False,False
43740,충청북도,영동군,True,0.049907,134,0.000787,0.099026,0.049513,140,0.0,False,False,False
43745,충청북도,증평군,True,0.023629,170,0.0,0.047258,0.023629,169,0.0,False,False,False
43750,충청북도,진천군,True,0.029495,165,0.000315,0.058674,0.029337,165,0.0,False,False,False
43760,충청북도,괴산군,True,0.052267,129,0.015049,0.089484,0.051477,136,0.01347,False,False,False
43770,충청북도,음성군,True,0.040246,146,0.044653,0.035839,0.022326,172,0.008814,False,False,False
43800,충청북도,단양군,True,0.11571,79,0.069329,0.162092,0.115498,91,0.068904,False,False,False
44131,충청남도,천안시 동남구,True,0.12486,65,0.000315,0.249404,0.124702,78,0.0,False,False,False
44133,충청남도,천안시 서북구,True,0.118796,75,0.000315,0.237276,0.118638,89,0.0,False,False,False
44150,충청남도,공주시,True,0.117103,77,0.063986,0.170219,0.08511,108,0.0,False,False,False
44180,충청남도,보령시,True,0.187375,29,0.247724,0.127027,0.132524,71,0.138021,False,False,False
44200,충청남도,아산시,True,0.124448,66,0.0,0.248896,0.124448,79,0.0,False,False,False
44210,충청남도,서산시,True,0.666878,1,0.79124,0.542515,0.651938,1,0.761361,False,False,False
44230,충청남도,논산시,True,0.161727,39,0.211686,0.111768,0.106682,96,0.101596,False,False,False
44250,충청남도,계룡시,True,0.063512,118,0.0,0.127024,0.063512,125,0.0,False,False,False
44270,충청남도,당진시,True,0.458107,3,0.618168,0.298047,0.336445,9,0.374844,False,False,False
44710,충청남도,금산군,True,0.028291,166,0.0,0.056582,0.028291,166,0.0,False,False,False
44760,충청남도,부여군,True,0.266805,9,0.430832,0.102778,0.17552,43,0.248262,False,False,False
44770,충청남도,서천군,True,0.030781,162,0.0,0.061563,0.091829,103,0.122095,False,False,False
44790,충청남도,청양군,True,0.049513,135,0.0,0.099026,0.049513,141,0.0,False,False,False
44800,충청남도,홍성군,True,0.09814,91,0.119998,0.076282,0.15928,55,0.242279,False,False,False
44810,충청남도,예산군,True,0.105202,89,0.118738,0.091667,0.143659,64,0.195652,False,False,False
44825,충청남도,태안군,True,0.160196,43,0.270725,0.049667,0.186313,40,0.32296,False,False,False
47111,경상북도,포항시 남구,False,,,,0.397653,,,,False,False,False
47113,경상북도,포항시 북구,False,,,,0.035746,,,,False,False,False
47130,경상북도,경주시,False,,,,0.175562,,,,False,False,False
47150,경상북도,김천시,False,,,,0.097981,,,,False,False,False
47170,경상북도,안동시,False,,,,0.278422,,,,False,False,False
47190,경상북도,구미시,False,,,,0.24201,,,,False,False,False
47210,경상북도,영주시,False,,,,0.284524,,,,False,False,False
47230,경상북도,영천시,False,,,,0.290667,,,,False,False,False
47250,경상북도,상주시,False,,,,0.372705,,,,False,False,False
47280,경상북도,문경시,False,,,,0.304815,,,,False,False,False
47290,경상북도,경산시,False,,,,0.250314,,,,False,False,False
47730,경상북도,의성군,False,,,,0.470262,,,,False,False,False
47750,경상북도,청송군,False,,,,0.216667,,,,False,False,False
47760,경상북도,영양군,False,,,,0.252667,,,,False,False,False
47770,경상북도,영덕군,False,,,,0.376603,,,,False,False,False
47820,경상북도,청도군,False,,,,0.142208,,,,False,False,False
47830,경상북도,고령군,False,,,,0.223768,,,,False,False,False
47840,경상북도,성주군,False,,,,0.099864,,,,False,False,False
47850,경상북도,칠곡군,False,,,,0.058764,,,,False,False,False
47900,경상북도,예천군,False,,,,0.346454,,,,False,False,False
47920,경상북도,봉화군,False,,,,0.301667,,,,False,False,False
47930,경상북도,울진군,False,,,,0.307576,,,,False,False,False
47940,경상북도,울릉군,False,,,,0.0,,,,False,False,False
48121,경상남도,창원시 의창구,False,,,,0.141793,,,,False,False,False
48123,경상남도,창원시 성산구,False,,,,0.125986,,,,False,False,False
48125,경상남도,창원시 마산합포구,False,,,,0.114372,,,,False,False,False
48127,경상남도,창원시 마산회원구,False,,,,0.170502,,,,False,False,False
48129,경상남도,창원시 진해구,False,,,,0.153404,,,,False,False,False
48170,경상남도,진주시,False,,,,0.118817,,,,False,False,False
48220,경상남도,통영시,False,,,,0.109645,,,,False,False,False
48240,경상남도,사천시,False,,,,0.134444,,,,False,False,False
48250,경상남도,김해시,False,,,,0.235119,,,,False,False,False
48270,경상남도,밀양시,False,,,,0.102083,,,,False,False,False
48310,경상남도,거제시,False,,,,0.095098,,,,False,False,False
48330,경상남도,양산시,False,,,,0.166689,,,,False,False,False
48720,경상남도,의령군,False,,,,0.126136,,,,False,False,False
48730,경상남도,함안군,False,,,,0.080019,,,,False,False,False
48740,경상남도,창녕군,False,,,,0.064447,,,,False,False,False
48820,경상남도,고성군,False,,,,0.168547,,,,False,False,False
48840,경상남도,남해군,False,,,,0.089773,,,,False,False,False
48850,경상남도,하동군,False,,,,0.060962,,,,False,False,False
48860,경상남도,산청군,False,,,,0.152778,,,,False,False,False
48870,경상남도,함양군,False,,,,0.126136,,,,False,False,False
48880,경상남도,거창군,False,,,,0.12381,,,,False,False,False
48890,경상남도,합천군,False,,,,0.138975,,,,False,False,False
50110,제주특별자치도,제주시,False,,,,0.049574,,,,False,False,False
50130,제주특별자치도,서귀포시,False,,,,0.033519,,,,False,False,False
51110,강원특별자치도,춘천시,True,0.220938,16,0.326135,0.115742,0.31121,11,0.506677,False,False,False
51130,강원특별자치도,원주시,True,0.211021,21,0.355893,0.06615,0.179871,42,0.293593,False,False,False
51150,강원특별자치도,강릉시,True,0.211491,20,0.196516,0.226465,0.202661,31,0.178856,False,False,False
51170,강원특별자치도,동해시,True,0.11032,86,0.032707,0.187933,0.113426,93,0.038919,False,False,False
51190,강원특별자치도,태백시,True,0.019971,174,0.014016,0.025926,0.019912,174,0.013898,False,False,False
51210,강원특별자치도,속초시,True,0.192149,28,0.00189,0.382407,0.191712,35,0.001017,False,False,False
51230,강원특별자치도,삼척시,True,0.179087,30,0.142171,0.216004,0.159913,54,0.103822,False,False,False
51720,강원특별자치도,홍천군,True,0.115257,80,0.106234,0.124281,0.120187,85,0.116093,False,False,False
51730,강원특별자치도,횡성군,True,0.110483,85,0.120484,0.100481,0.119595,86,0.138709,False,False,False
51750,강원특별자치도,영월군,True,0.123226,68,0.18173,0.064721,0.12648,75,0.188239,False,False,False
51760,강원특별자치도,평창군,True,0.106995,88,0.169561,0.044428,0.119405,88,0.194382,False,False,False
51770,강원특별자치도,정선군,True,0.158028,44,0.257098,0.058958,0.160778,51,0.262598,False,False,False
51780,강원특별자치도,철원군,True,0.211594,19,0.346556,0.076632,0.286511,15,0.49639,False,False,False
51790,강원특별자치도,화천군,True,0.090765,97,0.093759,0.087772,0.085517,107,0.083262,False,False,False
51800,강원특별자치도,양구군,True,0.05021,133,0.010079,0.090341,0.050425,138,0.010508,False,False,False
51810,강원특별자치도,인제군,True,0.2116,18,0.01685,0.406349,0.212073,26,0.017797,False,False,False
51820,강원특별자치도,고성군,True,0.03894,148,0.020472,0.057407,0.039043,152,0.020678,False,False,False
51830,강원특별자치도,양양군,True,0.236098,12,0.062672,0.409524,0.214864,25,0.020205,False,False,False
52111,전북특별자치도,전주시 완산구,True,0.145285,51,0.091205,0.199366,0.295597,12,0.391829,False,False,False
52113,전북특별자치도,전주시 덕진구,True,0.274909,8,0.333534,0.216284,0.499168,4,0.782052,False,False,False
52130,전북특별자치도,군산시,True,0.548275,2,1.0,0.096549,0.54154,2,0.98653,False,False,False
52140,전북특별자치도,익산시,True,0.08748,98,0.017795,0.157164,0.192299,34,0.227433,False,False,False
52180,전북특별자치도,정읍시,True,0.147312,50,0.178967,0.115657,0.272428,18,0.4292,False,False,False
52190,전북특별자치도,남원시,True,0.038792,149,0.035276,0.042308,0.038527,153,0.034746,False,False,False
52210,전북특별자치도,김제시,True,0.127657,60,0.136276,0.119038,0.356153,7,0.593269,False,False,False
52710,전북특별자치도,완주군,True,0.059457,121,0.0,0.118914,0.384486,5,0.650058,False,False,False
52720,전북특별자치도,진안군,True,0.041667,145,0.0,0.083333,0.28813,14,0.492926,False,False,False
52730,전북특별자치도,무주군,True,0.021667,173,0.0,0.043333,0.140548,68,0.237763,False,False,False
52740,전북특별자치도,장수군,True,0.035343,155,0.0,0.070687,0.264867,20,0.459047,False,False,False
52750,전북특별자치도,임실군,True,0.033022,156,0.035276,0.030769,0.207168,28,0.383568,False,False,False
52770,전북특별자치도,순창군,True,0.197692,25,0.256374,0.139011,0.158635,56,0.178258,False,False,False
52790,전북특별자치도,고창군,True,0.046776,140,0.010551,0.083,0.229553,24,0.376107,True,False,False
52800,전북특별자치도,부안군,True,0.054167,127,0.0,0.108333,0.165953,47,0.223574,False,False,False
