지역코드,시도코드,시도명,시군구코드,시군구명,용량점수,접속점수,전력피쳐,전력피쳐_병목,용량점수_EWM,접속점수_EWM,전력피쳐_EWM,전력피쳐_병목_EWM,용량데이터없음,차단기229kV_여유율,차단기154kV_여유율,차단기345kV_여유율,차단기229kV_여유율_원값,차단기154kV_여유율_원값,차단기345kV_여유율_원값,음수여유율,개편재배정,345kV_상위지역공유,변전소응답없음
11110,11,서울특별시,110,종로구,0.0732316586621701,0.09241744436468055,0.08282455151342533,0.08226714253056552,0.0547038198214415,0.12431714022321247,0.08951048002232698,0.0824658865197452,False,0.12060301507537688,0.32142857142857145,0.0,0.12060301507537688,0.32142857142857145,0.0,False,False,False,False
11140,11,서울특별시,140,중구,0.1354881739208985,0.10107323232323233,0.11828070312206543,0.11702233837929185,0.18256751616417075,0.14477827947377098,0.16367289781897087,0.16257862983199395,False,0.2152777777777778,0.3181818181818182,0.0,0.2152777777777778,0.3181818181818182,0.0,False,False,False,False
11170,11,서울특별시,170,용산구,0.024249258517637495,0.09915966386554621,0.061704461191591856,0.04903619401623323,0.015206886400256713,0.14147469059117096,0.07834078849571384,0.04638307394224108,False,0.20588235294117646,0.3142857142857143,0.0,0.20588235294117646,0.3142857142857143,0.0,False,False,False,False
11200,11,서울특별시,200,성동구,0.14566718357146083,0.10658028455284553,0.1261237340621532,0.12460036065380341,0.1949674024373239,0.1587522732931468,0.17685983786523535,0.17593043612458018,False,0.2845528455284553,0.3125,0.0,0.2845528455284553,0.3125,0.0,False,False,False,False
11215,11,서울특별시,215,광진구,0.0029921259842519685,0.08630674388193536,0.04464943493309367,0.01606986779613692,0.013731226226921123,0.13559827082807085,0.074664748527496,0.04315009307892116,False,0.297029702970297,0.22641509433962265,0.0,0.297029702970297,0.22641509433962265,0.0,False,False,False,False
11230,11,서울특별시,230,동대문구,0.08314147634031406,0.08746753246753247,0.08530450440392326,0.08527707652819135,0.09331860293639088,0.13992315410876993,0.1166208785225804,0.11426912645103983,False,0.3246753246753247,0.22,0.0,0.3246753246753247,0.22,0.0,False,False,False,False
11260,11,서울특별시,260,중랑구,0.13057195766399182,0.06458333333333333,0.09757764549866257,0.09183012722303868,0.1394187197236164,0.11321380386257537,0.1263162617930959,0.12563488205733658,False,0.3333333333333333,0.125,0.0,0.3333333333333333,0.125,0.0,False,False,False,False
11290,11,서울특별시,290,성북구,0.14657773896809745,0.08583502366463827,0.11620638131636786,0.112167302245511,0.17855836233340544,0.1305736703161143,0.15456601632475986,0.15269256935262884,False,0.2549019607843137,0.2413793103448276,0.0,0.2549019607843137,0.2413793103448276,0.0,False,False,False,False
11305,11,서울특별시,305,강북구,0.13438581171617411,0.1061764705882353,0.1202811411522047,0.11945129210334432,0.17750864334372612,0.17047374728374454,0.17399119531373533,0.1739556368907277,False,0.4,0.2647058823529412,0.0,0.4,0.2647058823529412,0.0,False,False,False,False
11320,11,서울특별시,320,도봉구,0.35745381731681247,0.08769157088122606,0.22257269409901925,0.17704713145940007,0.30219883923417296,0.14718700869955345,0.2246929239668632,0.21090221236240073,False,0.39080459770114945,0.19444444444444445,0.0,0.39080459770114945,0.19444444444444445,0.0,False,False,False,False
11350,11,서울특별시,350,노원구,0.1479923518164436,0.07309220985691574,0.11054228083667966,0.10400523081165679,0.0889743117387378,0.11109985944127335,0.10003708559000557,0.09942350591312804,False,0.21621621621621623,0.20588235294117646,0.0,0.21621621621621623,0.20588235294117646,0.0,False,False,False,False
11380,11,서울특별시,380,은평구,0.0,0.0835,0.04175,0.0,0.0,0.1230063748877272,0.0615031874438636,0.0,False,0.21,0.25,0.0,0.21,0.25,0.0,False,False,False,False
11410,11,서울특별시,410,서대문구,0.0,0.07375827814569537,0.036879139072847684,0.0,0.0,0.10094431173156389,0.050472155865781944,0.0,False,0.11258278145695365,0.25,0.0,0.11258278145695365,0.25,0.0,False,False,False,False
11440,11,서울특별시,440,마포구,0.01706237485132714,0.062415676196594924,0.03973902552396103,0.032633719736881964,0.01653822635402468,0.09328290659034533,0.05491056647218501,0.03927765044083558,False,0.1696113074204947,0.18181818181818182,0.0,0.1696113074204947,0.18181818181818182,0.0,False,False,False,False
11470,11,서울특별시,470,양천구,0.0,0.13236728837876616,0.06618364418938308,0.0,0.0,0.19169072386498914,0.09584536193249457,0.0,False,0.15294117647058825,0.2682926829268293,0.07692307692307693,0.15294117647058825,0.2682926829268293,0.07692307692307693,False,False,False,False
11500,11,서울특별시,500,강서구,0.0014173228346456694,0.154638484387452,0.07802790361104883,0.014804480910769333,0.006504265054857374,0.2266807411774678,0.1165925031161626,0.03839780753441234,False,0.056074766355140186,0.16279069767441862,0.16666666666666666,0.056074766355140186,0.16279069767441862,0.16666666666666666,False,False,False,False
11530,11,서울특별시,530,구로구,0.0,0.13335497835497837,0.06667748917748918,0.0,0.0,0.19318815321960453,0.09659407660980227,0.0,False,0.21666666666666667,0.32857142857142857,0.045454545454545456,0.21666666666666667,0.32857142857142857,0.045454545454545456,False,False,False,False
11545,11,서울특별시,545,금천구,0.0,0.11449131891562596,0.05724565945781298,0.0,0.0,0.1654413189456409,0.08272065947282045,0.0,False,0.11940298507462686,0.22448979591836735,0.07142857142857142,0.11940298507462686,0.22448979591836735,0.07142857142857142,False,False,False,False
11560,11,서울특별시,560,영등포구,0.0,0.16368506493506496,0.08184253246753248,0.0,0.0,0.23221674097224176,0.11610837048612088,0.0,False,0.08571428571428572,0.29545454545454547,0.125,0.08571428571428572,0.29545454545454547,0.125,False,False,False,False
11590,11,서울특별시,590,동작구,0.004094488188976378,0.25578703703703703,0.12994076261300672,0.03236227745449031,0.018790099047365748,0.3753142133042222,0.19705215617579397,0.0839773257604128,False,0.14583333333333334,0.3148148148148148,0.25,0.14583333333333334,0.3148148148148148,0.25,False,False,False,False
11620,11,서울특별시,620,관악구,0.007559055118110236,0.15437876299945266,0.08096890905878144,0.03416076080210363,0.034689413625905996,0.23287308162804454,0.13378124762697527,0.08987897780312484,False,0.3017241379310345,0.3111111111111111,0.07142857142857142,0.3017241379310345,0.3111111111111111,0.07142857142857142,False,False,False,False
11650,11,서울특별시,650,서초구,0.005826771653543308,0.07062151966948087,0.03822414566151209,0.02028535109235929,0.026739756336635872,0.10149371495411968,0.06411673564537777,0.05209527049140965,False,0.15358361774744028,0.22105263157894736,0.0,0.15358361774744028,0.22105263157894736,0.0,False,False,False,False
11680,11,서울특별시,680,강남구,0.03225787025187817,0.08623243243243243,0.0592451513421553,0.05274158337506807,0.03823424383967734,0.1345536418670246,0.08639394285335097,0.07172556554437501,False,0.288,0.22972972972972974,0.0,0.288,0.22972972972972974,0.0,False,False,False,False
11710,11,서울특별시,710,송파구,0.005331446379909968,0.244892421011824,0.12511193369586698,0.03613351368841504,0.010741523446912262,0.3679603848113121,0.18935095412911218,0.06286855415058921,False,0.15671641791044777,0.2077922077922078,0.2727272727272727,0.15671641791044777,0.2077922077922078,0.2727272727272727,False,False,False,False
11740,11,서울특별시,740,강동구,0.0,0.27636911281489596,0.13818455640744798,0.0,0.0,0.4148673550998771,0.20743367754993855,0.0,False,0.24096385542168675,0.3,0.2727272727272727,0.24096385542168675,0.3,0.2727272727272727,False,False,False,False
12110,12,전남광주통합특별시,110,목포시,0.20610861022869273,0.04245647969052224,0.12428254495960749,0.09354488775030016,0.1703876199578923,0.06250227866625377,0.11644494931207304,0.10319696945108382,False,0.10638297872340426,0.12727272727272726,0.0,0.10638297872340426,0.12727272727272726,0.0,False,False,False,False
12130,12,전남광주통합특별시,130,여수시,0.026141732283464572,0.022040543124880473,0.024091137704172524,0.024003707583470955,0.11996755545625824,0.03080310300459587,0.07538532923042705,0.06078957943536614,False,0.03968253968253968,0.07228915662650602,0.0,0.03968253968253968,0.07228915662650602,0.0,False,False,False,False
12150,12,전남광주통합특별시,150,순천시,0.0,0.07580158730158731,0.03790079365079366,0.0,0.0,0.11143370164014979,0.055716850820074895,0.0,False,0.1111111111111111,0.15476190476190477,0.04,0.1111111111111111,0.15476190476190477,0.04,False,False,False,False
12170,12,전남광주통합특별시,170,나주시,0.18624862618750096,0.05249826629680999,0.11937344624215547,0.09888240477964946,0.25767439595083463,0.09002473235371275,0.1738495641522737,0.15230583879115894,False,0.1553398058252427,0.017857142857142856,0.05,0.1553398058252427,0.017857142857142856,0.05,False,False,False,False
12190,12,전남광주통합특별시,190,광양시,0.0,0.05189174261253797,0.025945871306268985,0.0,0.0,0.07604718310131145,0.038023591550655725,0.0,False,0.1267605633802817,0.1568627450980392,0.0,0.1267605633802817,0.1568627450980392,0.0,False,False,False,False
12210,12,전남광주통합특별시,210,동구,0.057835624275455064,0.04262187088274045,0.05022874757909776,0.0496493958703541,0.10071313279189852,0.06587249303044779,0.08329281291117316,0.08145075283819603,False,0.13636363636363635,0.11594202898550725,0.0,0.13636363636363635,0.11594202898550725,0.0,False,False,False,False
12240,12,전남광주통합특별시,240,서구,0.0012598425196850395,0.11786607701241848,0.05956295976605176,0.012185757893898771,0.005781568937650999,0.1795329234694491,0.09265724620355005,0.03221772762962405,False,0.2601626016260163,0.24358974358974358,0.047619047619047616,0.2601626016260163,0.24358974358974358,0.047619047619047616,False,False,False,False
12270,12,전남광주통합특별시,270,남구,0.14162990620436308,0.0755952380952381,0.10861257214980059,0.1034724430992381,0.21075266473521936,0.12176502011873266,0.16625884242697603,0.1601945768793704,False,0.19642857142857142,0.1,0.047619047619047616,0.19642857142857142,0.1,0.047619047619047616,False,False,False,False
12300,12,전남광주통합특별시,300,북구,0.077429126330528,0.0835955594176169,0.08051234287407244,0.08045328539480422,0.13572956929027744,0.1267934539358785,0.13126151161307797,0.13118544466343596,False,0.18235294117647058,0.17757009345794392,0.03225806451612903,0.18235294117647058,0.17757009345794392,0.03225806451612903,False,False,False,False
12330,12,전남광주통합특별시,330,광산구,0.33897682961713915,0.053331043956043954,0.19615393678659154,0.13445440937504455,0.3752446634748159,0.08064905148289452,0.2279468574788552,0.17396300234033055,False,0.15384615384615385,0.15178571428571427,0.0,0.15384615384615385,0.15178571428571427,0.0,False,False,False,False
12710,12,전남광주통합특별시,710,담양군,0.04607036931091071,0.08257575757575758,0.06432306344333415,0.061678972491793216,0.07417121307762936,0.11650684760832719,0.09533903034297828,0.0929594224323717,False,0.1590909090909091,0.26666666666666666,0.0,0.1590909090909091,0.26666666666666666,0.0,False,False,False,False
12720,12,전남광주통합특별시,720,곡성군,0.2638984658466449,0.07549525101763907,0.169696858432142,0.1411491442491321,0.24344046367358185,0.13151371391332103,0.18747708879345143,0.1789294819041671,False,0.38181818181818183,0.14925373134328357,0.0,0.38181818181818183,0.14925373134328357,0.0,False,False,False,False
12730,12,전남광주통합특별시,730,구례군,0.0,0.12884615384615383,0.06442307692307692,0.0,0.0,0.17994300659888934,0.08997150329944467,0.0,False,0.23076923076923078,0.4230769230769231,0.0,0.23076923076923078,0.4230769230769231,0.0,False,False,False,False
12740,12,전남광주통합특별시,740,고흥군,0.052283464566929144,0.05131578947368421,0.051799627020306674,0.05179736731409584,0.23993511091251649,0.08977641202715271,0.1648557614698346,0.14676686743629389,False,0.2631578947368421,0.1,0.0,0.2631578947368421,0.1,0.0,False,False,False,False
12750,12,전남광주통합특별시,750,보성군,0.1931892022101444,0.07464985994397759,0.133919531077061,0.1200897451395249,0.29638809737696736,0.12415723637388555,0.21027266687542645,0.1918299430861573,False,0.26666666666666666,0.11764705882352941,0.02857142857142857,0.26666666666666666,0.11764705882352941,0.02857142857142857,False,False,False,False
12760,12,전남광주통합특별시,760,화순군,0.04733021183059574,0.06184180402930403,0.05458600792994989,0.05410162367889848,0.07995278201528036,0.10879402510159059,0.09437340355843547,0.0932651326783617,False,0.23076923076923078,0.03125,0.047619047619047616,0.23076923076923078,0.03125,0.047619047619047616,False,False,False,False
12770,12,전남광주통합특별시,770,장흥군,0.16704746992667982,0.10851214574898785,0.13777980783783383,0.13463535718258984,0.17642054192070916,0.17985561023543462,0.1781380760780719,0.17812979600621345,False,0.36538461538461536,0.15789473684210525,0.05,0.36538461538461536,0.15789473684210525,0.05,False,False,False,False
12780,12,전남광주통합특별시,780,강진군,0.0,0.05925925925925926,0.02962962962962963,0.0,0.0,0.09895318272694972,0.04947659136347486,0.0,False,0.25925925925925924,0.13333333333333333,0.0,0.25925925925925924,0.13333333333333333,0.0,False,False,False,False
12790,12,전남광주통합특별시,790,해남군,0.03480314960629921,0.04005681818181818,0.037429983894058695,0.03733769457176145,0.15971584190260885,0.07148870382566036,0.1156022728641346,0.1068544735518434,False,0.21875,0.07272727272727272,0.0,0.21875,0.07272727272727272,0.0,False,False,False,False
12800,12,전남광주통합특별시,800,영암군,0.40389033588774637,0.08198275862068966,0.242936547254218,0.18196715065174368,0.597652364921474,0.12505262589921615,0.3613524954103451,0.27338251152607934,False,0.15,0.13793103448275862,0.05,0.15,0.13793103448275862,0.05,False,False,False,False
12810,12,전남광주통합특별시,810,무안군,0.4103187244997817,0.02817460317460317,0.21924666383719243,0.1075200783011744,0.4212761298897809,0.049118992971045855,0.23519756143041337,0.14384943261245609,False,0.14285714285714285,0.05555555555555555,0.0,0.14285714285714285,0.05555555555555555,0.0,False,False,False,False
12820,12,전남광주통합특별시,820,함평군,0.15609250086569007,0.029411764705882356,0.09275213278578621,0.06775659309480085,0.16732224733057638,0.06660878027313671,0.11696551380185655,0.10557050159608884,False,0.29411764705882354,0.0,0.0,0.29411764705882354,0.0,0.0,False,False,False,False
12830,12,전남광주통합특별시,830,영광군,0.0478740157480315,0.05863970588235294,0.05325686081519222,0.05298413161383038,0.21969961963073797,0.08322929143878538,0.15146445553476168,0.1352236801423367,False,0.11764705882352941,0.1875,0.0,0.11764705882352941,0.1875,0.0,False,False,False,False
12840,12,전남광주통합특별시,840,장성군,0.17705755709790577,0.08502673796791445,0.1310421475329101,0.12269729627258576,0.18118265980760367,0.14590396209112438,0.16354331094936403,0.1625892614170373,False,0.4090909090909091,0.17647058823529413,0.0,0.4090909090909091,0.17647058823529413,0.0,False,False,False,False
12850,12,전남광주통합특별시,850,완도군,0.006929133858267717,0.040522875816993466,0.023726004837630592,0.016756742847519844,0.031798629157080496,0.06066811970864214,0.04623337443286132,0.04392223856171812,False,0.1111111111111111,0.11764705882352941,0.0,0.1111111111111111,0.11764705882352941,0.0,False,False,False,False
12860,12,전남광주통합특별시,860,진도군,0.004409448818897638,0.06084656084656084,0.03262800483272924,0.01637985945784795,0.020235491281778498,0.09863114512345589,0.05943331820261719,0.044674933433162735,False,0.23809523809523808,0.14814814814814814,0.0,0.23809523809523808,0.14814814814814814,0.0,False,False,False,False
12870,12,전남광주통합특별시,870,신안군,0.3792116950964304,0.02992537313432836,0.20456853411537937,0.10652723347887072,0.5118493635962822,0.05198784051188661,0.2819186020540844,0.16312554392477646,False,0.15,0.05970149253731343,0.0,0.15,0.05970149253731343,0.0,False,False,False,False
26110,26,부산광역시,110,중구,,0.03272727272727273,,,,0.050082514664760144,,,True,0.1,0.09090909090909091,0.0,0.1,0.09090909090909091,0.0,False,False,False,False
26140,26,부산광역시,140,서구,,0.02463054187192118,,,,0.040673105711111296,,,True,0.10344827586206896,0.05714285714285714,0.0,0.10344827586206896,0.05714285714285714,0.0,False,False,False,False
26170,26,부산광역시,170,동구,,0.10494319377235431,,,,0.1623930075410206,,,True,0.14432989690721648,0.10204081632653061,0.1,0.14432989690721648,0.10204081632653061,0.1,False,False,False,False
26200,26,부산광역시,200,영도구,,0.03731203007518797,,,,0.05617366293267398,,,True,0.10526315789473684,0.10714285714285714,0.0,0.10526315789473684,0.10714285714285714,0.0,False,False,False,False
26230,26,부산광역시,230,부산진구,,0.12722715501294857,,,,0.1879974389124262,,,True,0.1320754716981132,0.19607843137254902,0.1,0.1320754716981132,0.19607843137254902,0.1,False,False,False,False
26260,26,부산광역시,260,동래구,,0.16563886424134872,,,,0.237413081801238,,,True,0.10204081632653061,0.2826086956521739,0.13043478260869565,0.10204081632653061,0.2826086956521739,0.13043478260869565,False,False,False,False
26290,26,부산광역시,290,남구,,0.30764957264957266,,,,0.4623144232517815,,,True,0.2153846153846154,0.2777777777777778,0.3333333333333333,0.2153846153846154,0.2777777777777778,0.3333333333333333,False,False,False,False
26320,26,부산광역시,320,북구,,0.15051564762222966,,,,0.22489381529480085,,,True,0.1506849315068493,0.1951219512195122,0.13333333333333333,0.1506849315068493,0.1951219512195122,0.13333333333333333,False,False,False,False
26350,26,부산광역시,350,해운대구,,0.22032479705025718,,,,0.31936249310904186,,,True,0.15337423312883436,0.3472222222222222,0.18181818181818182,0.15337423312883436,0.3472222222222222,0.18181818181818182,False,False,False,False
26380,26,부산광역시,380,사하구,,0.04171917191719172,,,,0.06083249883636051,,,True,0.09900990099009901,0.12727272727272726,0.0,0.09900990099009901,0.12727272727272726,0.0,False,False,False,False
26410,26,부산광역시,410,금정구,,0.1474116161616162,,,,0.220598921804261,,,True,0.16161616161616163,0.2,0.125,0.16161616161616163,0.2,0.125,False,False,False,False
26440,26,부산광역시,440,강서구,,0.16608287545787548,,,,0.25793032325386245,,,True,0.19791666666666666,0.12087912087912088,0.17857142857142858,0.19791666666666666,0.12087912087912088,0.17857142857142858,False,False,False,False
26470,26,부산광역시,470,연제구,,0.2329022129186603,,,,0.332240559589121,,,True,0.13157894736842105,0.40625,0.18181818181818182,0.13157894736842105,0.40625,0.18181818181818182,False,False,False,False
26500,26,부산광역시,500,수영구,,0.15975269940787185,,,,0.24460890761980425,,,True,0.13793103448275862,0.1111111111111111,0.18181818181818182,0.13793103448275862,0.1111111111111111,0.18181818181818182,False,False,False,False
26530,26,부산광역시,530,사상구,,0.13800013868663755,,,,0.18977399111232196,,,True,0.043478260869565216,0.2982456140350877,0.09090909090909091,0.043478260869565216,0.2982456140350877,0.09090909090909091,False,False,False,False
26710,26,부산광역시,710,기장군,,0.1762792397660819,,,,0.2801001907646099,,,True,0.39473684210526316,0.2222222222222222,0.125,0.39473684210526316,0.2222222222222222,0.125,False,False,False,False
27110,27,대구광역시,110,중구,,0.09784946236559139,,,,0.13347159710056683,,,True,0.14516129032258066,0.3333333333333333,0.0,0.14516129032258066,0.3333333333333333,0.0,False,False,False,False
27140,27,대구광역시,140,동구,,0.30233460927343636,,,,0.4461338070227512,,,True,0.21511627906976744,0.3804347826086957,0.2857142857142857,0.21511627906976744,0.3804347826086957,0.2857142857142857,False,False,False,False
27170,27,대구광역시,170,서구,,0.11395348837209303,,,,0.15231677383102954,,,True,0.13953488372093023,0.4,0.0,0.13953488372093023,0.4,0.0,False,False,False,False
27200,27,대구광역시,200,남구,,0.12916666666666668,,,,0.18677003634052602,,,True,0.2916666666666667,0.4,0.0,0.2916666666666667,0.4,0.0,False,False,False,False
27230,27,대구광역시,230,북구,,0.09169312169312169,,,,0.1279224782348159,,,True,0.16296296296296298,0.30158730158730157,0.0,0.16296296296296298,0.30158730158730157,0.0,False,False,False,False
27260,27,대구광역시,260,수성구,,0.08082879612825167,,,,0.11315828545923509,,,True,0.14736842105263157,0.26436781609195403,0.0,0.14736842105263157,0.26436781609195403,0.0,False,False,False,False
27290,27,대구광역시,290,달서구,,0.1859848484848485,,,,0.2697895925720252,,,True,0.13068181818181818,0.2916666666666667,0.15384615384615385,0.13068181818181818,0.2916666666666667,0.15384615384615385,False,False,False,False
27710,27,대구광역시,710,달성군,,0.1695471824112601,,,,0.25133423009675504,,,True,0.1650485436893204,0.24074074074074073,0.14285714285714285,0.1650485436893204,0.24074074074074073,0.14285714285714285,False,False,False,False
27720,27,대구광역시,720,군위군,,0.44705303309954475,,,,0.699585300572427,,,True,0.4074074074074074,0.13953488372093023,0.5714285714285714,0.4074074074074074,0.13953488372093023,0.5714285714285714,False,False,False,False
28125,28,인천광역시,125,제물포구,0.0,0.0,0.0,0.0,0.0,0.0,0.0,0.0,False,0.0,0.0,0.0,0.0,0.0,0.0,False,True,False,False
28155,28,인천광역시,155,영종구,0.0,0.13516624040920716,0.06758312020460358,0.0,0.0,0.1964178483278387,0.09820892416391935,0.0,False,0.08695652173913043,0.2,0.11764705882352941,0.08695652173913043,0.2,0.11764705882352941,False,False,False,False
28177,28,인천광역시,177,미추홀구,0.0,0.03773584905660377,0.018867924528301886,0.0,0.0,0.04555333178729514,0.02277666589364757,0.0,False,0.0,0.1509433962264151,0.0,-0.015625,0.1509433962264151,0.0,True,False,False,False
28185,28,인천광역시,185,연수구,0.0,0.008064516129032258,0.004032258064516129,0.0,0.0,0.009735187841639688,0.004867593920819844,0.0,False,0.0,0.03225806451612903,0.0,-0.10204081632653061,0.03225806451612903,0.0,True,False,False,False
28200,28,인천광역시,200,남동구,0.0,0.06196011842563567,0.030980059212817834,0.0,0.0,0.078898487938528,0.039449243969264,0.0,False,0.03879310344827586,0.23232323232323232,0.0,0.03879310344827586,0.23232323232323232,0.0,False,False,False,False
28237,28,인천광역시,237,부평구,0.0,0.09007222222222222,0.04503611111111111,0.0,0.0,0.12405463074971856,0.06202731537485928,0.0,False,0.016,0.18055555555555555,0.06666666666666667,0.016,0.18055555555555555,0.06666666666666667,False,False,False,False
28245,28,인천광역시,245,계양구,0.0,0.09087056128293242,0.04543528064146621,0.0,0.0,0.12659702751646668,0.06329851375823334,0.0,False,0.030927835051546393,0.17777777777777778,0.06666666666666667,0.030927835051546393,0.17777777777777778,0.06666666666666667,False,False,False,False
28275,28,인천광역시,275,서해구,0.0,0.04406779661016949,0.022033898305084745,0.0,0.0,0.06705874919809492,0.03352937459904746,0.0,False,0.0,0.0,0.06779661016949153,0.0,0.0,0.06779661016949153,False,True,False,False
28290,28,인천광역시,290,검단구,0.0,0.065,0.0325,0.0,0.0,0.09891165506719,0.049455827533595,0.0,False,0.0,0.0,0.1,0.0,0.0,0.1,False,True,False,False
28710,28,인천광역시,710,강화군,0.0,0.13538262527233116,0.06769131263616558,0.0,0.0,0.21061668491738084,0.10530834245869042,0.0,False,0.21875,0.14814814814814814,0.11764705882352941,0.21875,0.14814814814814814,0.11764705882352941,False,False,False,False
28720,28,인천광역시,720,옹진군,0.0,0.0,0.0,0.0,0.0,0.0,0.0,0.0,False,0.0,0.0,0.0,0.0,0.0,0.0,False,False,False,False
30110,30,대전광역시,110,동구,0.0,0.09793074324324325,0.04896537162162162,0.0,0.0,0.1639496519256769,0.08197482596283845,0.0,False,0.43243243243243246,0.21875,0.0,0.43243243243243246,0.21875,0.0,False,False,False,False
30140,30,대전광역시,140,중구,0.0,0.09875,0.049375,0.0,0.0,0.1509334322285778,0.0754667161142889,0.0,False,0.3,0.275,0.0,0.3,0.275,0.0,False,False,False,False
30170,30,대전광역시,170,서구,0.13944535613736622,0.10676540119593937,0.1231053786666528,0.12201614398478813,0.1183767479829096,0.14616326074960798,0.1322700043662588,0.1315383270462136,False,0.16339869281045752,0.3617021276595745,0.0,0.16339869281045752,0.3617021276595745,0.0,False,False,False,False
30200,30,대전광역시,200,유성구,0.24332846539498051,0.09477987421383648,0.1690541698044085,0.1518638908456586,0.279430949314333,0.13732804847242838,0.2083794988933807,0.1958920798606605,False,0.21666666666666667,0.29245283018867924,0.0,0.21666666666666667,0.29245283018867924,0.0,False,False,False,False
30230,30,대전광역시,230,대덕구,0.24420469429848995,0.0806493993993994,0.16242704684894468,0.14033873993194876,0.24227669240325778,0.1202226212503916,0.1812496568268247,0.17066674845614915,False,0.21621621621621623,0.2361111111111111,0.0,0.21621621621621623,0.2361111111111111,0.0,False,False,False,False
31110,31,울산광역시,110,중구,,0.33215686274509804,,,,0.49685220609238523,,,True,0.13333333333333333,0.23529411764705882,0.4,0.13333333333333333,0.23529411764705882,0.4,False,False,False,False
31140,31,울산광역시,140,남구,,0.1893095793095793,,,,0.2749246175131398,,,True,0.00909090909090909,0.17582417582417584,0.2222222222222222,0.00909090909090909,0.17582417582417584,0.2222222222222222,False,False,False,False
31170,31,울산광역시,170,동구,,0.14939939939939942,,,,0.2097254496595075,,,True,0.2777777777777778,0.4864864864864865,0.0,0.2777777777777778,0.4864864864864865,0.0,False,False,False,False
31200,31,울산광역시,200,북구,,0.1391941391941392,,,,0.19320946575021186,,,True,0.23809523809523808,0.46153846153846156,0.0,0.23809523809523808,0.46153846153846156,0.0,False,False,False,False
31710,31,울산광역시,710,울주군,,0.25353962799396845,,,,0.37728434716776893,,,True,0.10759493670886076,0.21014492753623187,0.2926829268292683,0.10759493670886076,0.21014492753623187,0.2926829268292683,False,False,False,False
36110,36,세종특별자치시,110,세종특별자치시,0.5106114030201292,0.07942996022978348,0.2950206816249563,0.20138977986671222,0.4903652216830894,0.10312832433699451,0.29674677301004193,0.22487895327334628,False,0.0684931506849315,0.2903225806451613,0.0,0.0684931506849315,0.2903225806451613,0.0,False,False,False,False
41111,41,경기도,111,수원시 장안구,0.0017322834645669292,0.3114296817994353,0.15658098263200113,0.023226805379916157,0.007949657289270124,0.4680748306684515,0.2380122439788608,0.061000282700552584,False,0.08860759493670886,0.15789473684210525,0.40476190476190477,0.08860759493670886,0.15789473684210525,0.40476190476190477,False,False,False,False
41113,41,경기도,113,수원시 권선구,0.0790584303157134,0.30904761904761907,0.19405302468166624,0.1563100113707159,0.08144357615807737,0.47295072563788987,0.27719715089798364,0.19626206572465155,False,0.1619047619047619,0.11904761904761904,0.40476190476190477,0.1619047619047619,0.11904761904761904,0.40476190476190477,False,False,False,False
41115,41,경기도,115,수원시 팔달구,0.00047244094488188977,0.30833333333333335,0.15440288713910763,0.012069353393557697,0.0021680883516191247,0.47259205435140333,0.23738007135151123,0.03200970677946035,False,0.16666666666666666,0.11428571428571428,0.40476190476190477,0.16666666666666666,0.11428571428571428,0.40476190476190477,False,False,False,False
41117,41,경기도,117,수원시 영통구,0.0,0.3234077380952381,0.16170386904761905,0.0,0.0,0.4956363589367669,0.24781817946838344,0.0,False,0.2125,0.15625,0.40476190476190477,0.2125,0.15625,0.40476190476190477,False,False,False,False
41131,41,경기도,131,성남시 수정구,0.027533460803059275,0.15814784053156147,0.09284065066731037,0.0659875546475562,0.0165533603234861,0.2248829224153343,0.1207181413694102,0.06101285147687819,False,0.12790697674418605,0.32142857142857145,0.1,0.12790697674418605,0.32142857142857145,0.1,False,False,False,False
41133,41,경기도,133,성남시 중원구,0.027533460803059275,0.14301358234295417,0.08527352157300672,0.06275076783390637,0.0165533603234861,0.1990567449599993,0.1078050526417427,0.05740259597041883,False,0.056451612903225805,0.2894736842105263,0.1,0.056451612903225805,0.2894736842105263,0.1,False,False,False,False
41135,41,경기도,135,성남시 분당구,0.0,0.12801222736285525,0.06400611368142763,0.0,0.0,0.18329539578435836,0.09164769789217918,0.0,False,0.07865168539325842,0.22058823529411764,0.1,0.07865168539325842,0.22058823529411764,0.1,False,False,False,False
41150,41,경기도,150,의정부시,0.0,0.16115191200275988,0.08057595600137994,0.0,0.0,0.2430137348984167,0.12150686744920836,0.0,False,0.189873417721519,0.20754716981132076,0.1388888888888889,0.189873417721519,0.20754716981132076,0.1388888888888889,False,False,False,False
41171,41,경기도,171,안양시 만안구,0.00047244094488188977,0.07401960784313726,0.03724602439400957,0.005913534769425026,0.0021680883516191247,0.10594254153353332,0.05405531494257622,0.015155619097871881,False,0.1568627450980392,0.23333333333333334,0.0,0.1568627450980392,0.23333333333333334,0.0,False,False,False,False
41173,41,경기도,173,안양시 동안구,0.08087954110898662,0.022867132867132867,0.051873336988059744,0.043005618386112436,0.04862549595024042,0.031449946078518816,0.04003772101437962,0.03910587201017638,False,0.03636363636363636,0.07692307692307693,0.0,0.03636363636363636,0.07692307692307693,0.0,False,False,False,False
41192,41,경기도,192,부천시 원미구,0.0,0.0590909090909091,0.02954545454545455,0.0,0.0,0.08991968642471819,0.044959843212359095,0.0,False,0.0,0.0,0.09090909090909091,0.0,-0.02631578947368421,0.09090909090909091,True,True,False,False
41194,41,경기도,194,부천시 소사구,0.0,0.03354395604395605,0.016771978021978023,0.0,0.0,0.06652466901810208,0.03326233450905104,0.0,False,0.24615384615384617,0.03571428571428571,0.0,0.24615384615384617,0.03571428571428571,0.0,False,True,False,False
41196,41,경기도,196,부천시 오정구,0.0,0.13452910641453467,0.06726455320726733,0.0,0.0,0.20285701227786979,0.10142850613893489,0.0,False,0.0603448275862069,0.08064516129032258,0.16666666666666666,0.0603448275862069,0.08064516129032258,0.16666666666666666,False,True,False,False
41210,41,경기도,210,광명시,0.0,0.15615461500019223,0.07807730750009612,0.0,0.0,0.23279848262951477,0.11639924131475739,0.0,False,0.15217391304347827,0.20512820512820512,0.13793103448275862,0.15217391304347827,0.20512820512820512,0.13793103448275862,False,False,False,False
41220,41,경기도,220,평택시,0.00015748031496062994,0.3315755248335893,0.165866502574275,0.0072261067030614645,0.0007226961172063749,0.48683488521636464,0.2437787906667855,0.018757230106454362,False,0.12258064516129032,0.3412698412698413,0.36,0.12258064516129032,0.3412698412698413,0.36,False,False,False,False
41250,41,경기도,250,동두천시,0.0,0.19784482758620692,0.09892241379310346,0.0,0.0,0.30088613579726475,0.15044306789863238,0.0,False,0.10344827586206896,0.1,0.25,0.10344827586206896,0.1,0.25,False,False,False,False
41271,41,경기도,271,안산시 상록구,0.44539708827027596,0.058333333333333334,0.25186521080180463,0.16118776881564587,0.3695155159205958,0.0968562396442769,0.23318587778243635,0.18918214334942884,False,0.25,0.13333333333333333,0.0,0.25,0.13333333333333333,0.0,False,False,False,False
41273,41,경기도,273,안산시 단원구,0.5712103099923217,0.06804147254955696,0.3196258912709393,0.1971445931984098,0.4665081353208642,0.10062254004769328,0.2835653376842787,0.21665925673485167,False,0.17479674796747968,0.20224719101123595,0.0,0.17479674796747968,0.20224719101123595,0.0,False,False,False,False
41281,41,경기도,281,고양시 덕양구,0.0,0.11413615319865321,0.057068076599326605,0.0,0.0,0.17114752772506048,0.08557376386253024,0.0,False,0.13425925925925927,0.1590909090909091,0.09375,0.13425925925925927,0.1590909090909091,0.09375,False,False,False,False
41285,41,경기도,285,고양시 일산동구,0.0,0.09729698905109489,0.048648494525547446,0.0,0.0,0.14202498185126522,0.07101249092563261,0.0,False,0.051094890510948905,0.125,0.09375,0.051094890510948905,0.125,0.09375,False,False,False,False
41287,41,경기도,287,고양시 일산서구,0.0,0.13145889037433156,0.06572944518716578,0.0,0.0,0.18634341338178095,0.09317170669089048,0.0,False,0.08021390374331551,0.25,0.09375,0.08021390374331551,0.25,0.09375,False,False,False,False
41290,41,경기도,290,과천시,0.00047244094488188977,0.04642857142857143,0.02345050618672666,0.004683455791958604,0.0021680883516191247,0.07065118219085,0.03640963527123456,0.012376510216377734,False,0.0,0.0,0.07142857142857142,0.0,0.0,0.07142857142857142,False,False,False,False
41310,41,경기도,310,구리시,0.0,0.1917832167832168,0.0958916083916084,0.0,0.0,0.25823585588772296,0.12911792794386148,0.0,False,0.07692307692307693,0.5,0.09090909090909091,0.07692307692307693,0.5,0.09090909090909091,False,False,False,False
41360,41,경기도,360,남양주시,0.0,0.22669932596761866,0.11334966298380933,0.0,0.0,0.3290657525257439,0.16453287626287194,0.0,False,0.16585365853658537,0.358974358974359,0.18518518518518517,0.16585365853658537,0.358974358974359,0.18518518518518517,False,False,False,False
41370,41,경기도,370,오산시,0.37479682630493366,0.19932170542635658,0.2870592658656451,0.27332241512083366,0.29943724101545366,0.27837965767578166,0.28890844934561766,0.28871653338397946,False,0.03488372093023256,0.35,0.16666666666666666,0.03488372093023256,0.35,0.16666666666666666,False,False,False,False
41390,41,경기도,390,시흥시,0.23876153626112223,0.23223944992771195,0.2355004930944171,0.23547791370992413,0.2584727619153481,0.34431425380567127,0.30139350786050967,0.2983217326109079,False,0.16292134831460675,0.2695035460992908,0.22857142857142856,0.16292134831460675,0.2695035460992908,0.22857142857142856,False,False,False,False
41410,41,경기도,410,군포시,0.008661417322834646,0.27645569620253163,0.14255855676268314,0.04893360967765325,0.03974828644635062,0.4297682664780099,0.23475827646218028,0.130700237802077,False,0.16455696202531644,0.04,0.38461538461538464,0.16455696202531644,0.04,0.38461538461538464,False,False,False,False
41430,41,경기도,430,의왕시,0.03963656072627633,0.022453703703703705,0.03104513221499002,0.02983265979395179,0.05837081681027248,0.03983487770353128,0.04910284725690188,0.04822026906905883,False,0.12037037037037036,0.041666666666666664,0.0,0.12037037037037036,0.041666666666666664,0.0,False,False,False,False
41450,41,경기도,450,하남시,0.05699101187877328,0.23785331102907245,0.14742216145392287,0.11642809314879043,0.06252429086060543,0.35738385397969513,0.2099540724201503,0.14948301587508395,False,0.13705583756345177,0.1875,0.2727272727272727,0.13705583756345177,0.1875,0.2727272727272727,False,False,False,False
41461,41,경기도,461,용인시 처인구,0.0,0.24417353664535169,0.12208676832267584,0.0,0.0,0.36131182685018604,0.18065591342509302,0.0,False,0.19626168224299065,0.3157894736842105,0.224,0.19626168224299065,0.3157894736842105,0.224,False,False,False,False
41463,41,경기도,463,용인시 기흥구,0.0015748031496062992,0.2267965811965812,0.11418569217309374,0.018898676418953705,0.007226961172063749,0.34669592776265545,0.1769614444673596,0.050055549227366686,False,0.2564102564102564,0.2222222222222222,0.224,0.2564102564102564,0.2222222222222222,0.224,False,False,False,False
41465,41,경기도,465,용인시 수지구,0.0,0.2799033509700176,0.1399516754850088,0.0,0.0,0.4124113619573595,0.20620568097867975,0.0,False,0.2716049382716049,0.42857142857142855,0.224,0.2716049382716049,0.42857142857142855,0.224,False,False,False,False
41480,41,경기도,480,파주시,0.0,0.3288635088772063,0.16443175443860314,0.0,0.0,0.4978976724752946,0.2489488362376473,0.0,False,0.23605150214592274,0.2553191489361702,0.37142857142857144,0.23605150214592274,0.2553191489361702,0.37142857142857144,False,False,False,False
41500,41,경기도,500,이천시,0.0,0.25777634346911454,0.12888817173455727,0.0,0.0,0.3833165329889898,0.1916582664944949,0.0,False,0.19879518072289157,0.30158730158730157,0.25,0.19879518072289157,0.30158730158730157,0.25,False,False,False,False
41550,41,경기도,550,안성시,0.0,0.2998882631625994,0.1499441315812997,0.0,0.0,0.4299423678579393,0.21497118392896966,0.0,False,0.11504424778761062,0.4444444444444444,0.2727272727272727,0.11504424778761062,0.4444444444444444,0.2727272727272727,False,False,False,False
41570,41,경기도,570,김포시,0.0,0.23897456569870362,0.11948728284935181,0.0,0.0,0.3516669525239391,0.17583347626196955,0.0,False,0.024630541871921183,0.17567567567567569,0.2962962962962963,0.024630541871921183,0.17567567567567569,0.2962962962962963,False,False,False,False
41591,41,경기도,591,화성시 만세구,0.0,0.2511389878831076,0.1255694939415538,0.0,0.0,0.3734238296712528,0.1867119148356264,0.0,False,0.16,0.26229508196721313,0.2608695652173913,0.16,0.26229508196721313,0.2608695652173913,False,True,True,False
41593,41,경기도,593,화성시 효행구,0.04808328691227172,0.2914950419527078,0.16978916443248976,0.11838935651365258,0.06282104579415551,0.42284520025998584,0.24283312302707066,0.1629833662965992,False,0.16666666666666666,0.42105263157894735,0.2608695652173913,0.16666666666666666,0.42105263157894735,0.2608695652173913,False,True,True,False
41595,41,경기도,595,화성시 병점구,0.0,0.24241004497751123,0.12120502248875561,0.0,0.0,0.3569060261160187,0.17845301305800934,0.0,False,0.10344827586206896,0.25,0.2608695652173913,0.10344827586206896,0.25,0.2608695652173913,False,True,True,False
41597,41,경기도,597,화성시 동탄구,0.20650095602294455,0.21476041258649953,0.21063068430472204,0.2105901956763281,0.12415020242614574,0.3192575262876899,0.2217038643569178,0.19908763526318565,False,0.06306306306306306,0.15555555555555556,0.2608695652173913,0.06306306306306306,0.15555555555555556,0.2608695652173913,False,True,True,False
41610,41,경기도,610,광주시,0.0,0.30081699346405233,0.15040849673202616,0.0,0.0,0.446840691219099,0.2234203456095495,0.0,False,0.14705882352941177,0.2777777777777778,0.3333333333333333,0.14705882352941177,0.2777777777777778,0.3333333333333333,False,False,False,False
41630,41,경기도,630,양주시,0.0,0.22938311688311688,0.11469155844155844,0.0,0.0,0.3506794506107619,0.17533972530538094,0.0,False,0.21428571428571427,0.18181818181818182,0.25,0.21428571428571427,0.18181818181818182,0.25,False,False,False,False
41650,41,경기도,650,포천시,0.0,0.18605339105339105,0.09302669552669553,0.0,0.0,0.28357299848357165,0.14178649924178582,0.0,False,0.34285714285714286,0.3181818181818182,0.1111111111111111,0.34285714285714286,0.3181818181818182,0.1111111111111111,False,False,False,False
41670,41,경기도,670,여주시,0.0,0.06272332206663447,0.03136166103331724,0.0,0.0,0.08638966592452582,0.04319483296226291,0.0,False,0.10091743119266056,0.21052631578947367,0.0,0.10091743119266056,0.21052631578947367,0.0,False,False,False,False
41800,41,경기도,800,연천군,0.0,0.1392857142857143,0.06964285714285715,0.0,0.0,0.20968662860116472,0.10484331430058236,0.0,False,0.39285714285714285,0.4,0.0,0.39285714285714285,0.4,0.0,False,False,False,False
41820,41,경기도,820,가평군,0.23789403953568902,0.18020833333333333,0.20905118643451118,0.2070518977808719,0.20645377544595056,0.2693160476190114,0.23788491153248098,0.23579931047211802,False,0.4895833333333333,0.525,0.0,0.4895833333333333,0.525,0.0,False,False,False,False
41830,41,경기도,830,양평군,0.15244756929284414,0.09775910364145658,0.12510333646715036,0.12207840810883505,0.13687009209672524,0.15089254911296596,0.1438813206048456,0.14371039313077286,False,0.31092436974789917,0.26666666666666666,0.0,0.31092436974789917,0.26666666666666666,0.0,False,False,False,False
43111,43,충청북도,111,청주시 상당구,0.0,0.3262330732669716,0.1631165366334858,0.0,0.0,0.4975743745198156,0.2487871872599078,0.0,False,0.15254237288135594,0.12962962962962962,0.42857142857142855,0.15254237288135594,0.12962962962962962,0.42857142857142855,False,False,False,False
43112,43,충청북도,112,청주시 서원구,0.0,0.3209174430641822,0.1604587215320911,0.0,0.0,0.49226806975977855,0.24613403487988927,0.0,False,0.16304347826086957,0.10416666666666667,0.42857142857142855,0.16304347826086957,0.10416666666666667,0.42857142857142855,False,False,False,False
43113,43,충청북도,113,청주시 흥덕구,0.0003149606299212599,0.335135582010582,0.16772527132025164,0.010273972650298469,0.0014453922344127498,0.5134518760695987,0.25744863415200575,0.02724223475443334,False,0.20105820105820105,0.14583333333333334,0.42857142857142855,0.20105820105820105,0.14583333333333334,0.42857142857142855,False,False,False,False
43114,43,충청북도,114,청주시 청원구,0.0003149606299212599,0.32091031034693007,0.16061263548842566,0.010053562229135308,0.0014453922344127498,0.4974496026959027,0.24944749746515774,0.02681435795890637,False,0.21212121212121213,0.08450704225352113,0.42857142857142855,0.21212121212121213,0.08450704225352113,0.42857142857142855,False,False,False,False
43130,43,충청북도,130,충주시,0.5887908944460337,0.07522708505367465,0.33200898974985416,0.21045907605831815,0.512874739102717,0.12504373015829312,0.318959234630505,0.2532425131792944,False,0.3236994219653179,0.17142857142857143,0.0,0.3236994219653179,0.17142857142857143,0.0,False,False,False,False
43150,43,충청북도,150,제천시,0.26646120955721836,0.19408547008547006,0.2302733398213442,0.22741206897712282,0.18657557497556782,0.3051093475623613,0.24584246126896456,0.23859160075716815,False,0.24,0.10256410256410256,0.2222222222222222,0.24,0.10256410256410256,0.2222222222222222,False,False,False,False
43720,43,충청북도,720,보은군,0.0,0.09749670619235837,0.048748353096179184,0.0,0.0,0.15390734218159685,0.07695367109079843,0.0,False,0.16666666666666666,0.08695652173913043,0.09090909090909091,0.16666666666666666,0.08695652173913043,0.09090909090909091,False,False,False,False
43730,43,충청북도,730,옥천군,0.0,0.1090909090909091,0.05454545454545455,0.0,0.0,0.20315461288905057,0.10157730644452528,0.0,False,0.5,0.0,0.09090909090909091,0.5,0.0,0.09090909090909091,False,False,False,False
43740,43,충청북도,740,영동군,0.0007874015748031496,0.09902597402597403,0.049906687800388594,0.008830243931764724,0.0036134805860318746,0.16834312337599783,0.08597830198101485,0.02466383198351661,False,0.2857142857142857,0.045454545454545456,0.09090909090909091,0.2857142857142857,0.045454545454545456,0.09090909090909091,False,False,False,False
43745,43,충청북도,745,증평군,0.0,0.04725806451612903,0.023629032258064515,0.0,0.0,0.07291122930585847,0.036455614652929236,0.0,False,0.15,0.12903225806451613,0.0,0.15,0.12903225806451613,0.0,False,False,False,False
43750,43,충청북도,750,진천군,0.0003149606299212599,0.05867423609951578,0.02949459836471852,0.004298845701121665,0.0014453922344127498,0.08299571861086798,0.04222055542264036,0.010952687668771274,False,0.11504424778761062,0.18867924528301888,0.0,0.11504424778761062,0.18867924528301888,0.0,False,False,False,False
43760,43,충청북도,760,괴산군,0.015049457249966126,0.08948429847306252,0.05226687786151432,0.03669727679833428,0.027888393637498534,0.14842238289371382,0.08815538826560618,0.06433709535528799,False,0.38202247191011235,0.20512820512820512,0.0,0.38202247191011235,0.20512820512820512,0.0,False,False,False,False
43770,43,충청북도,770,음성군,0.044653046476265036,0.035839132545719375,0.040246089510992206,0.04000408043228878,0.06766694802277198,0.05972830569442977,0.06369762685860088,0.06357383232835044,False,0.15568862275449102,0.08108108108108109,0.0,0.15568862275449102,0.08108108108108109,0.0,False,False,False,False
43800,43,충청북도,800,단양군,0.06932897728128154,0.16209150326797384,0.11571024027462769,0.10600772682948224,0.057381633698438864,0.2597689460909709,0.15857528989470487,0.12208999349177477,False,0.17647058823529413,0.0,0.2222222222222222,0.17647058823529413,0.0,0.2222222222222222,False,False,False,False
44131,44,충청남도,131,천안시 동남구,0.0003149606299212599,0.24940410593672238,0.12485953328332182,0.008862983375296306,0.0014453922344127498,0.3682005196992541,0.18482295596683343,0.023069334014661987,False,0.10309278350515463,0.2413793103448276,0.275,0.10309278350515463,0.2413793103448276,0.275,False,False,False,False
44133,44,충청남도,133,천안시 서북구,0.0003149606299212599,0.23727625051674248,0.11879560557333187,0.00864480637886748,0.0014453922344127498,0.352964280176734,0.17720483620557337,0.022586983632006674,False,0.09745762711864407,0.1951219512195122,0.275,0.09745762711864407,0.1951219512195122,0.275,False,False,False,False
44150,44,충청남도,150,공주시,0.06398608873699582,0.17021943573667714,0.11710276223683648,0.10436319236114033,0.03972503798247436,0.2487454596149773,0.14423524879872582,0.0994053460894987,False,0.4090909090909091,0.5172413793103449,0.0,0.4090909090909091,0.5172413793103449,0.0,False,False,False,False
44180,44,충청남도,180,보령시,0.24772376206320293,0.12702702702702703,0.18737539454511498,0.1773911300455558,0.1966630526775342,0.18192439759543072,0.18929372513648246,0.1891502243922509,False,0.2702702702702703,0.4,0.0,0.2702702702702703,0.4,0.0,False,False,False,False
44200,44,충청남도,200,아산시,0.0,0.24889552086521785,0.12444776043260893,0.0,0.0,0.3642440634406522,0.1821220317203261,0.0,False,0.06611570247933884,0.24691358024691357,0.2777777777777778,0.06611570247933884,0.24691358024691357,0.2777777777777778,False,False,False,False
44210,44,충청남도,210,서산시,0.7912404209512053,0.5425150905432595,0.6668777557472324,0.6551792644870791,0.5498068159081809,0.81609375802679,0.6829502869674855,0.6698461842716213,False,0.18571428571428572,0.29577464788732394,0.6923076923076923,0.18571428571428572,0.29577464788732394,0.6923076923076923,False,False,False,False
44230,44,충청남도,230,논산시,0.2116863642522696,0.11176767676767677,0.16172702050997317,0.15381707686688223,0.14108410202490387,0.15030416738555294,0.1456941347052284,0.14562118144758882,False,0.14545454545454545,0.3888888888888889,0.0,0.14545454545454545,0.3888888888888889,0.0,False,False,False,False
44250,44,충청남도,250,계룡시,0.0,0.12702380952380954,0.06351190476190477,0.0,0.0,0.1775107141001122,0.0887553570500561,0.0,False,0.22857142857142856,0.4166666666666667,0.0,0.22857142857142856,0.4166666666666667,0.0,False,False,False,False
44270,44,충청남도,270,당진시,0.6181683503711175,0.2980465410027206,0.4581074456869191,0.42923529513015285,0.5104401637564706,0.4313071227151726,0.4708736432358216,0.4692083528114827,False,0.14457831325301204,0.41935483870967744,0.275,0.14457831325301204,0.41935483870967744,0.275,False,False,False,False
44710,44,충청남도,710,금산군,0.0,0.05658238884045336,0.02829119442022668,0.0,0.0,0.09402801288974749,0.047014006444873746,0.0,False,0.24324324324324326,0.12903225806451613,0.0,0.24324324324324326,0.12903225806451613,0.0,False,False,False,False
44760,44,충청남도,760,부여군,0.4308315141295675,0.10277777777777777,0.26680464595367265,0.2104279107411187,0.3507102829037686,0.1593207351681189,0.2550155090359437,0.2363798216922235,False,0.3333333333333333,0.2777777777777778,0.0,0.3333333333333333,0.2777777777777778,0.0,False,False,False,False
44770,44,충청남도,770,서천군,0.0,0.06156299840510367,0.030781499202551833,0.0,0.0,0.09936347903275217,0.04968173951637608,0.0,False,0.23684210526315788,0.15151515151515152,0.0,0.23684210526315788,0.15151515151515152,0.0,False,False,False,False
44790,44,충청남도,790,청양군,0.0,0.09902597402597402,0.04951298701298701,0.0,0.0,0.1676103043311944,0.0838051521655972,0.0,False,0.45454545454545453,0.21428571428571427,0.0,0.45454545454545453,0.21428571428571427,0.0,False,False,False,False
44800,44,충청남도,800,홍성군,0.11999789223287816,0.07628205128205129,0.09813997175746472,0.09567489414180962,0.0771679353326848,0.11106629386223614,0.09411711459746047,0.09257838075059428,False,0.1794871794871795,0.23333333333333334,0.0,0.1794871794871795,0.23333333333333334,0.0,False,False,False,False
44810,44,충청남도,810,예산군,0.11873804971319311,0.09166666666666666,0.10520235818992989,0.10432795034749492,0.0713863663950338,0.11946942877433217,0.09542789758468298,0.09234981545996651,False,0.08333333333333333,0.3333333333333333,0.0,0.08333333333333333,0.3333333333333333,0.0,False,False,False,False
44825,44,충청남도,825,태안군,0.2707246202255311,0.049666666666666665,0.16019564344609888,0.11595684314089177,0.2130034424091922,0.06841605874943157,0.1407097505793119,0.1207180849322025,False,0.08,0.16666666666666666,0.0,0.08,0.16666666666666666,0.0,False,False,False,False
47111,47,경상북도,111,포항시 남구,,0.3976533166458073,,,,0.5968881795783699,,,True,0.13829787234042554,0.23529411764705882,0.5,0.13829787234042554,0.23529411764705882,0.5,False,False,False,False
47113,47,경상북도,113,포항시 북구,,0.0357457589777484,,,,0.05503338648800144,,,True,0.11235955056179775,0.09803921568627451,0.0,0.11235955056179775,0.09803921568627451,0.0,False,False,False,False
47130,47,경상북도,130,경주시,,0.17556184550523596,,,,0.26037170814667016,,,True,0.21637426900584794,0.29069767441860467,0.125,0.21637426900584794,0.29069767441860467,0.125,False,False,False,False
47150,47,경상북도,150,김천시,,0.09798136645962734,,,,0.1274754675076028,,,True,0.08695652173913043,0.35714285714285715,0.0,0.08695652173913043,0.35714285714285715,0.0,False,False,False,False
47170,47,경상북도,170,안동시,,0.2784221525600836,,,,0.43309634266113606,,,True,0.2727272727272727,0.13793103448275862,0.3333333333333333,0.2727272727272727,0.13793103448275862,0.3333333333333333,False,False,False,False
47190,47,경상북도,190,구미시,,0.24200980392156862,,,,0.37356311391254887,,,True,0.175,0.09803921568627451,0.3076923076923077,0.175,0.09803921568627451,0.3076923076923077,False,False,False,False
47210,47,경상북도,210,영주시,,0.2845238095238095,,,,0.4267278151141919,,,True,0.14285714285714285,0.21428571428571427,0.3333333333333333,0.14285714285714285,0.21428571428571427,0.3333333333333333,False,False,False,False
47230,47,경상북도,230,영천시,,0.29066720473500135,,,,0.4351509013786028,,,True,0.24444444444444444,0.3220338983050847,0.2857142857142857,0.24444444444444444,0.3220338983050847,0.2857142857142857,False,False,False,False
47250,47,경상북도,250,상주시,,0.3727046115496469,,,,0.5746976026253092,,,True,0.3132530120481928,0.2,0.4482758620689655,0.3132530120481928,0.2,0.4482758620689655,False,False,False,False
47280,47,경상북도,280,문경시,,0.3048148148148148,,,,0.4870330888841529,,,True,0.48148148148148145,0.16,0.3333333333333333,0.48148148148148145,0.16,0.3333333333333333,False,False,False,False
47290,47,경상북도,290,경산시,,0.25031446540880503,,,,0.3785458399033583,,,True,0.16981132075471697,0.19047619047619047,0.2857142857142857,0.16981132075471697,0.19047619047619047,0.2857142857142857,False,False,False,False
47730,47,경상북도,730,의성군,,0.4702617392537949,,,,0.7264195693696007,,,True,0.39622641509433965,0.23684210526315788,0.5714285714285714,0.39622641509433965,0.23684210526315788,0.5714285714285714,False,False,False,False
47750,47,경상북도,750,청송군,,0.21666666666666667,,,,0.3297055168906333,,,True,0.0,0.0,0.3333333333333333,0.0,0.0,0.3333333333333333,False,False,False,False
47760,47,경상북도,760,영양군,,0.25266666666666665,,,,0.41123466394495267,,,True,0.36,0.0,0.3333333333333333,0.36,0.0,0.3333333333333333,False,False,False,False
47770,47,경상북도,770,영덕군,,0.3766025641025641,,,,0.5893905422638775,,,True,0.3076923076923077,0.08333333333333333,0.5,0.3076923076923077,0.08333333333333333,0.5,False,False,False,False
47820,47,경상북도,820,청도군,,0.1422077922077922,,,,0.20188331912480112,,,True,0.2857142857142857,0.45454545454545453,0.0,0.2857142857142857,0.45454545454545453,0.0,False,False,False,False
47830,47,경상북도,830,고령군,,0.22376760563380282,,,,0.3331550321935962,,,True,0.11267605633802817,0.2,0.25,0.11267605633802817,0.2,0.25,False,False,False,False
47840,47,경상북도,840,성주군,,0.09986413043478261,,,,0.14354220893950725,,,True,0.21739130434782608,0.3125,0.0,0.21739130434782608,0.3125,0.0,False,False,False,False
47850,47,경상북도,850,칠곡군,,0.058764014219305445,,,,0.08319903898671774,,,True,0.11594202898550725,0.18867924528301888,0.0,0.11594202898550725,0.18867924528301888,0.0,False,False,False,False
47900,47,경상북도,900,예천군,,0.3464539007092199,,,,0.5178809512546528,,,True,0.2978723404255319,0.4,0.3333333333333333,0.2978723404255319,0.4,0.3333333333333333,False,False,False,False
47920,47,경상북도,920,봉화군,,0.30166666666666664,,,,0.46932813003383206,,,True,0.35,0.2,0.3333333333333333,0.35,0.2,0.3333333333333333,False,False,False,False
47930,47,경상북도,930,울진군,,0.3075757575757576,,,,0.439447634378208,,,True,0.0,0.36363636363636365,0.3333333333333333,0.0,0.36363636363636365,0.3333333333333333,False,False,False,False
47940,47,경상북도,940,울릉군,,0.0,,,,0.0,,,True,0.0,0.0,0.0,0.0,0.0,0.0,False,False,False,True
48121,48,경상남도,121,창원시 의창구,,0.14179264043201428,,,,0.20370713516072464,,,True,0.17880794701986755,0.32231404958677684,0.06666666666666667,0.17880794701986755,0.32231404958677684,0.06666666666666667,False,False,False,False
48123,48,경상남도,123,창원시 성산구,,0.1259862002335462,,,,0.18137315524468192,,,True,0.17518248175182483,0.297029702970297,0.05263157894736842,0.17518248175182483,0.297029702970297,0.05263157894736842,False,False,False,False
48125,48,경상남도,125,창원시 마산합포구,,0.11437229437229438,,,,0.15471825872034095,,,True,0.02857142857142857,0.2727272727272727,0.06666666666666667,0.02857142857142857,0.2727272727272727,0.06666666666666667,False,False,False,False
48127,48,경상남도,127,창원시 마산회원구,,0.17050164088138772,,,,0.24622706017484985,,,True,0.25316455696202533,0.4074074074074074,0.06666666666666667,0.25316455696202533,0.4074074074074074,0.06666666666666667,False,False,False,False
48129,48,경상남도,129,창원시 진해구,,0.15340370700763206,,,,0.23979229063463411,,,True,0.2111111111111111,0.11864406779661017,0.15789473684210525,0.2111111111111111,0.11864406779661017,0.15789473684210525,False,False,False,False
48170,48,경상남도,170,진주시,,0.11881720430107527,,,,0.16105735481554684,,,True,0.16666666666666666,0.40860215053763443,0.0,0.16666666666666666,0.40860215053763443,0.0,False,False,False,False
48220,48,경상남도,220,통영시,,0.10964523281596453,,,,0.15158761363666856,,,True,0.18181818181818182,0.36585365853658536,0.0,0.18181818181818182,0.36585365853658536,0.0,False,False,False,False
48240,48,경상남도,240,사천시,,0.13444426683716965,,,,0.19653219615046236,,,True,0.2028985507246377,0.29411764705882354,0.0625,0.2028985507246377,0.29411764705882354,0.0625,False,False,False,False
48250,48,경상남도,250,김해시,,0.23511904761904762,,,,0.34048139955701234,,,True,0.19047619047619047,0.4,0.17857142857142858,0.19047619047619047,0.4,0.17857142857142858,False,False,False,False
48270,48,경상남도,270,밀양시,,0.10208333333333333,,,,0.15187283209542915,,,True,0.2708333333333333,0.3,0.0,0.2708333333333333,0.3,0.0,False,False,False,False
48310,48,경상남도,310,거제시,,0.09509803921568627,,,,0.12724045313953147,,,True,0.11764705882352941,0.3333333333333333,0.0,0.11764705882352941,0.3333333333333333,0.0,False,False,False,False
48330,48,경상남도,330,양산시,,0.16668898809523808,,,,0.23757040919683342,,,True,0.0859375,0.2857142857142857,0.13333333333333333,0.0859375,0.2857142857142857,0.13333333333333333,False,False,False,False
48720,48,경상남도,720,의령군,,0.12613636363636363,,,,0.16548637847555142,,,True,0.125,0.45454545454545453,0.0,0.125,0.45454545454545453,0.0,False,False,False,False
48730,48,경상남도,730,함안군,,0.08001850138760408,,,,0.10809034581246658,,,True,0.10869565217391304,0.2765957446808511,0.0,0.10869565217391304,0.2765957446808511,0.0,False,False,False,False
48740,48,경상남도,740,창녕군,,0.06444672131147541,,,,0.0864660378945077,,,True,0.08196721311475409,0.225,0.0,0.08196721311475409,0.225,0.0,False,False,False,False
48820,48,경상남도,820,고성군,,0.1685470779220779,,,,0.23135026740912845,,,True,0.14285714285714285,0.45454545454545453,0.0625,0.14285714285714285,0.45454545454545453,0.0625,False,False,False,False
48840,48,경상남도,840,남해군,,0.08977272727272727,,,,0.1372122111168889,,,True,0.2727272727272727,0.25,0.0,0.2727272727272727,0.25,0.0,False,False,False,False
48850,48,경상남도,850,하동군,,0.06096153846153847,,,,0.09738507430753887,,,True,0.225,0.15384615384615385,0.0,0.225,0.15384615384615385,0.0,False,False,False,False
48860,48,경상남도,860,산청군,,0.1527777777777778,,,,0.22261649766662756,,,True,0.3611111111111111,0.4666666666666667,0.0,0.3611111111111111,0.4666666666666667,0.0,False,False,False,False
48870,48,경상남도,870,함양군,,0.12613636363636363,,,,0.16548637847555142,,,True,0.125,0.45454545454545453,0.0,0.125,0.45454545454545453,0.0,False,False,False,False
48880,48,경상남도,880,거창군,,0.12380952380952381,,,,0.15701213550872067,,,True,0.07142857142857142,0.4666666666666667,0.0,0.07142857142857142,0.4666666666666667,0.0,False,False,False,False
48890,48,경상남도,890,합천군,,0.13897485493230174,,,,0.19660721353370125,,,True,0.2727272727272727,0.44680851063829785,0.0,0.2727272727272727,0.44680851063829785,0.0,False,False,False,False
50110,50,제주특별자치도,110,제주시,,0.04957391304347826,,,,0.08353259739198074,,,True,0.224,0.10869565217391304,0.0,0.224,0.10869565217391304,0.0,False,False,False,False
50130,50,제주특별자치도,130,서귀포시,,0.03351864330637916,,,,0.06174620384798893,,,True,0.20125786163522014,0.05357142857142857,0.0,0.20125786163522014,0.05357142857142857,0.0,False,False,False,False
51110,51,강원특별자치도,110,춘천시,0.3261348067629214,0.11574200136147039,0.2209384040621959,0.1942871463797256,0.4535623311277317,0.17060326783395807,0.3120827994808449,0.27817119882687136,False,0.2920353982300885,0.34615384615384615,0.0,0.2920353982300885,0.34615384615384615,0.0,False,False,False,False
51130,51,강원특별자치도,130,원주시,0.3558931663178814,0.06614972014925374,0.21102144323356758,0.15343478534856322,0.39797526598068644,0.12089219480011604,0.25943373039040124,0.21934471359156377,False,0.3880597014925373,0.109375,0.0,0.3880597014925373,0.109375,0.0,False,False,False,False
51150,51,강원특별자치도,150,강릉시,0.19651646316676954,0.22646520146520147,0.2114908323159855,0.2109600446110384,0.2293065447268807,0.3551562267194205,0.2922313857231506,0.2853763255549888,False,0.358974358974359,0.20512820512820512,0.21428571428571427,0.358974358974359,0.20512820512820512,0.21428571428571427,False,False,False,False
51170,51,강원특별자치도,170,동해시,0.032707426868008614,0.18793290043290045,0.11032016365045454,0.07840154078206522,0.026572187653191987,0.2604807257413023,0.14352645669724715,0.08319580953652367,False,0.041666666666666664,0.36363636363636365,0.14285714285714285,0.041666666666666664,0.36363636363636365,0.14285714285714285,False,False,False,False
51190,51,강원특별자치도,190,태백시,0.014015748031496064,0.025925925925925925,0.019970836978710993,0.019062299054967348,0.06431995443136737,0.05871440631483901,0.06151718037310319,0.06145329884257829,False,0.25925925925925924,0.0,0.0,0.25925925925925924,0.0,0.0,False,False,False,False
51210,51,강원특별자치도,210,속초시,0.001889763779527559,0.3824074074074074,0.19214858559346748,0.026882330024414872,0.008672353406476499,0.5951927676582393,0.3019325605323579,0.07184512527730122,False,0.2962962962962963,0.1111111111111111,0.5,0.2962962962962963,0.1111111111111111,0.5,False,False,False,False
51230,51,강원특별자치도,230,삼척시,0.14217100013549933,0.2160037878787879,0.17908739400714363,0.17524118966665206,0.2544111867011519,0.33767819396234566,0.2960446903317488,0.29310255892615833,False,0.28125,0.15151515151515152,0.23076923076923078,0.28125,0.15151515151515152,0.23076923076923078,False,False,False,False
51720,51,강원특별자치도,720,홍천군,0.10623387181764804,0.12428070175438596,0.115257286786017,0.11490352535750496,0.16497957082046677,0.19796869851423937,0.18147413466735307,0.18072296731950144,False,0.4533333333333333,0.3157894736842105,0.0,0.4533333333333333,0.3157894736842105,0.0,False,False,False,False
51730,51,강원특별자치도,730,횡성군,0.1204844853284353,0.10048076923076923,0.11048262727960226,0.11002896785017348,0.1823394116028812,0.1945106741446602,0.1884250428737707,0.1883267423230623,False,0.6923076923076923,0.125,0.0,0.6923076923076923,0.125,0.0,False,False,False,False
51750,51,강원특별자치도,750,영월군,0.1817301756974451,0.0647212543554007,0.1232257150264229,0.10845185533390382,0.3604648132775838,0.12722897277927536,0.24384689302842957,0.2141531412713348,False,0.4642857142857143,0.07317073170731707,0.0,0.4642857142857143,0.07317073170731707,0.0,False,False,False,False
51760,51,강원특별자치도,760,평창군,0.1695611327742732,0.04442790697674419,0.1069945198755087,0.08679427535135471,0.37324523882600896,0.08831889422994299,0.23078206652797598,0.18156157845123538,False,0.328,0.046511627906976744,0.0,0.328,0.046511627906976744,0.0,False,False,False,False
51770,51,강원특별자치도,770,정선군,0.25709790578280967,0.058957755164970704,0.15802783047389019,0.12311748609588159,0.38379594512560106,0.11102079169037851,0.2474083684079898,0.20642027438069474,False,0.37681159420289856,0.0851063829787234,0.0,0.37681159420289856,0.0851063829787234,0.0,False,False,False,False
51780,51,강원특별자치도,780,철원군,0.3465560590777013,0.07663157894736841,0.21159381901253488,0.16296360943751137,0.3276759059893014,0.1178876748272649,0.22278179040828316,0.19654249070874263,False,0.24,0.21052631578947367,0.0,0.24,0.21052631578947367,0.0,False,False,False,False
51790,51,강원특별자치도,790,화천군,0.0937586004426311,0.08777173913043479,0.09076516978653294,0.09071579476191169,0.08714136075400643,0.16572855236777304,0.12643495656088974,0.12017408859283833,False,0.5652173913043478,0.125,0.0,0.5652173913043478,0.125,0.0,False,False,False,False
51800,51,강원특별자치도,800,양구군,0.010078740157480316,0.0903409090909091,0.05020982462419471,0.03017486616901265,0.046252551501207995,0.17154694779874663,0.10889974964997731,0.08907572081064832,False,0.5909090909090909,0.125,0.0,0.5909090909090909,0.125,0.0,False,False,False,False
51810,51,강원특별자치도,810,인제군,0.016850393700787402,0.40634920634920635,0.21159980002499687,0.08274747190692068,0.07732848454108211,0.6494137245102078,0.363371104525645,0.22409413012516452,False,0.5357142857142857,0.1111111111111111,0.5,0.5357142857142857,0.1111111111111111,0.5,False,False,False,False
51820,51,강원특별자치도,820,고성군,0.02047244094488189,0.05740740740740741,0.03893992417614465,0.03428220760025415,0.09395049523682873,0.10063449232228924,0.09729249377955898,0.09723507798930339,False,0.2962962962962963,0.1111111111111111,0.0,0.2962962962962963,0.1111111111111111,0.0,False,False,False,False
51830,51,강원특별자치도,830,양양군,0.06267174538173169,0.4095238095238095,0.2360977774527706,0.16020478119654538,0.09545642334908716,0.6419152542490876,0.36868583879908734,0.24753774310968787,False,0.42857142857142855,0.16666666666666666,0.5,0.42857142857142855,0.16666666666666666,0.5,False,False,False,False
52111,52,전북특별자치도,111,전주시 완산구,0.09120458891013385,0.19936551543694403,0.14528505217353893,0.1348445396680319,0.05483300607154771,0.30365212813317716,0.17924256710236244,0.12903549506071918,False,0.11224489795918367,0.10256410256410256,0.25,0.11224489795918367,0.10256410256410256,0.25,False,False,False,False
52113,52,전북특별자치도,113,전주시 덕진구,0.3335336715797715,0.2162840136054422,0.27490884259260684,0.26858518418154115,0.3914407329869063,0.32659345912439786,0.3590170960556521,0.3575499727707772,False,0.1360544217687075,0.16071428571428573,0.25,0.1360544217687075,0.16071428571428573,0.25,False,False,False,False
52130,52,전북특별자치도,130,군산시,1.0,0.09654939809049398,0.548274699045247,0.3107239902075377,1.0,0.1591825753467451,0.5795912876733725,0.39897691079402714,False,0.2420091324200913,0.07272727272727272,0.08333333333333333,0.2420091324200913,0.07272727272727272,0.08333333333333333,False,False,False,False
52140,52,전북특별자치도,140,익산시,0.017795275590551184,0.15716374269005848,0.08747950914030483,0.05288451677014799,0.08166466124432037,0.24606293589653133,0.16386379857042585,0.14175558650287173,False,0.21052631578947367,0.1111111111111111,0.16666666666666666,0.21052631578947367,0.1111111111111111,0.16666666666666666,False,False,False,False
52180,52,전북특별자치도,180,정읍시,0.17896749521988528,0.11565666041275798,0.14731207781632163,0.14387071564278867,0.10759684210265966,0.17295928721317744,0.14027806465791853,0.13641800876887483,False,0.12195121951219512,0.15384615384615385,0.1,0.12195121951219512,0.15384615384615385,0.1,False,False,False,False
52190,52,전북특별자치도,190,남원시,0.0352755905511811,0.04230769230769231,0.03879164142943671,0.03863196643987345,0.16188393025422798,0.09581416854674281,0.1288490494004854,0.12454225860481155,False,0.4230769230769231,0.0,0.0,0.4230769230769231,0.0,0.0,False,False,False,False
52210,52,전북특별자치도,210,김제시,0.13627557549570168,0.11903780068728523,0.12765668809149344,0.12736539873294642,0.18618099675020264,0.17722701460443124,0.18170400567731693,0.18164884318408342,False,0.12371134020618557,0.16666666666666666,0.1,0.12371134020618557,0.16666666666666666,0.1,False,False,False,False
52710,52,전북특별자치도,710,완주군,0.0,0.11891425908667289,0.05945712954333644,0.0,0.0,0.17542778294373124,0.08771389147186562,0.0,False,0.10810810810810811,0.1724137931034483,0.1,0.10810810810810811,0.1724137931034483,0.1,False,False,False,False
52720,52,전북특별자치도,720,진안군,0.0,0.08333333333333334,0.04166666666666667,0.0,0.0,0.13264346336128668,0.06632173168064334,0.0,False,0.30303030303030304,0.21212121212121213,0.0,0.30303030303030304,0.21212121212121213,0.0,False,False,False,False
52730,52,전북특별자치도,730,무주군,0.0,0.043333333333333335,0.021666666666666667,0.0,0.0,0.08051134898703263,0.040255674493516316,0.0,False,0.26666666666666666,0.06666666666666667,0.0,0.26666666666666666,0.06666666666666667,0.0,False,False,False,False
52740,52,전북특별자치도,740,장수군,0.0,0.07068654019873533,0.03534327009936766,0.0,0.0,0.11112373895606117,0.05556186947803059,0.0,False,0.24390243902439024,0.18518518518518517,0.0,0.24390243902439024,0.18518518518518517,0.0,False,False,False,False
52750,52,전북특별자치도,750,임실군,0.0352755905511811,0.03076923076923077,0.033022410660205934,0.032945451676827685,0.16188393025422798,0.0696830316703584,0.11578348096229318,0.10620999500436604,False,0.3076923076923077,0.0,0.0,0.3076923076923077,0.0,0.0,False,False,False,False
52770,52,전북특별자치도,770,순창군,0.2563737372216618,0.13901098901098902,0.1976923631163254,0.18878232641756115,0.2294962668548326,0.21313190189447243,0.2213140843746525,0.22116278130022657,False,0.42857142857142855,0.38461538461538464,0.0,0.42857142857142855,0.38461538461538464,0.0,False,False,False,False
52790,52,전북특별자치도,790,고창군,0.010551181102362205,0.083,0.04677559055118111,0.02959304025435817,0.048420639852827116,0.13967622859434967,0.09404843422358838,0.0822387521839197,False,0.18,0.0,0.1,0.18,-0.17857142857142858,0.1,True,False,False,False
52800,52,전북특별자치도,800,부안군,0.0,0.10833333333333334,0.05416666666666667,0.0,0.0,0.17942300405422262,0.08971150202711131,0.0,False,0.26666666666666666,0.06666666666666667,0.1,0.26666666666666666,0.06666666666666667,0.1,False,False,False,False
